{
  "intents": [
    {
      "triggerQueries": [
        "Como posso colaborar em ficheiros no Teams",
        "partilhar ficheiros no Teams",
        "Como faço para partilhar ficheiros no Teams?",
        "Como partilho ficheiros no Microsoft Teams?"
      ],
      "dialogId": "new_topic_7c1d981ecbb44c6db6a0129f2bc0f168",
      "isTriggeringEnabled": true,
      "id": "new_topic_7c1d981ecbb44c6db6a0129f2bc0f168",
      "displayName": "Como partilho ficheiros no Microsoft Teams?",
      "createdTime": "2022-12-30T16:26:08.9904324Z",
      "updatedTime": "2022-12-30T16:26:08.9904324Z",
      "createdUserId": "1217587e-94d3-4d46-b9e3-9ad63e50a6a1",
      "updatedUserId": "1217587e-94d3-4d46-b9e3-9ad63e50a6a1"
    }
  ],
  "dialogs": [
    {
      "rootNodeId": "3f212eec-994c-451a-b547-d77d7f23290b",
      "messageNodes": [
        {
          "botMessageId": "e36c3e1e-a176-49dc-ae4f-ec2d9a63c737",
          "nodeType": "BotMessageNode",
          "id": "3f212eec-994c-451a-b547-d77d7f23290b",
          "defaultTargetNodeId": "79977d6d-88ca-4aef-857b-03d3db504435"
        }
      ],
      "dialogChangeNodes": [
        {
          "targetDialogId": "new_topic_e347a2395e634a7880736d574ee58956_aeabea4d071f415c8c107e1cb7af5424_assumedsuccess",
          "nodeType": "DialogChangeNode",
          "id": "79977d6d-88ca-4aef-857b-03d3db504435"
        }
      ],
      "id": "new_topic_7c1d981ecbb44c6db6a0129f2bc0f168",
      "displayName": "Untitled",
      "createdTime": "2022-12-30T16:26:08.9904324Z",
      "updatedTime": "2022-12-30T16:26:08.9904324Z",
      "createdUserId": "1217587e-94d3-4d46-b9e3-9ad63e50a6a1",
      "updatedUserId": "1217587e-94d3-4d46-b9e3-9ad63e50a6a1"
    }
  ],
  "botMessages": [
    {
      "channelContent": {
        "web": {
          "contentFormat": "Markdown",
          "content": "Cada canal tem um separador chamado **\"Ficheiros\".** A partir deste separador, pode  [fazer o upload de ficheiros](https://support.microsoft.com/en-us/office/dela-en-fil-i-teams-0c4d34ee-5dd8-46d5-ab35-0d227b5e6eb5) . Também pode partilhar ficheiros no feed do seu canal, o que fará com que estes sejam automaticamente disponibilizados no separador **“Ficheiros\" desse mesmo canal**.\n\nOs ficheiros partilhados num chat privado ou em grupo podem ser partilhados com as pessoas nessa conversa.\n\nPode imprimir, partilhar ou colaborar em documentos em tempo real sem sair da plataforma Teams."
        }
      },
      "id": "e36c3e1e-a176-49dc-ae4f-ec2d9a63c737",
      "createdTime": "2022-12-30T16:25:30.199Z",
      "updatedTime": "2022-12-30T16:25:30.199Z"
    }
  ]
}