{
  "intents": [
    {
      "triggerQueries": [
        "How do I start a private chat?"
      ],
      "dialogId": "new_topic_337f240ab477480eb47573cc6268c588",
      "isTriggeringEnabled": true,
      "id": "new_topic_337f240ab477480eb47573cc6268c588",
      "displayName": "How do I start a private chat?",
      "description": "https://adoptbotv2kb.blob.core.windows.net/%24web/AdoptBot2021-English.docx",
      "createdTime": "2021-01-21T11:36:41.8423699Z",
      "updatedTime": "2021-01-21T11:44:28.52099Z",
      "createdUserId": "aaefd11d-4a6f-43de-b8d1-f4d839285950",
      "updatedUserId": "aaefd11d-4a6f-43de-b8d1-f4d839285950"
    }
  ],
  "dialogs": [
    {
      "rootNodeId": "7ae0712e-4566-4589-9699-e8054d0a4dba",
      "messageNodes": [
        {
          "botMessageId": "37f08f31-12b0-4cae-8f6b-aad551e212ec",
          "nodeType": "BotMessageNode",
          "id": "7ae0712e-4566-4589-9699-e8054d0a4dba",
          "defaultTargetNodeId": "26a2c1e8-94e5-426a-8b80-50faca4692ae"
        }
      ],
      "dialogChangeNodes": [
        {
          "targetDialogId": "new_topic_a96de8db0acd41edb5a2e60fb0d93441_aeabea4d071f415c8c107e1cb7af5424_assumedsuccess",
          "nodeType": "DialogChangeNode",
          "id": "26a2c1e8-94e5-426a-8b80-50faca4692ae"
        }
      ],
      "id": "new_topic_337f240ab477480eb47573cc6268c588",
      "displayName": "Dialog for How do I start a private chat?",
      "createdTime": "2021-01-21T11:36:41.8423699Z",
      "updatedTime": "2021-01-21T11:36:41.8423699Z",
      "createdUserId": "aaefd11d-4a6f-43de-b8d1-f4d839285950",
      "updatedUserId": "aaefd11d-4a6f-43de-b8d1-f4d839285950"
    }
  ],
  "botMessages": [
    {
      "channelContent": {
        "web": {
          "contentFormat": "Markdown",
          "content": "In the search bar, type the name of the person you want to chat with.  Select the person, and then type  your message and click the Send arrow.\r\n\r\nIf it's an external person, type their email address.\r\n\r\nNote! This requires technical prerequisites in the respective organizations:\r\n\r\n[Communicate with users from other organizations in Microsoft Teams](https://docs.microsoft.com/en-us/microsoftteams/communicate-with-users-from-other-organizations)"
        }
      },
      "id": "37f08f31-12b0-4cae-8f6b-aad551e212ec",
      "createdTime": "2021-01-21T11:36:41.8423699Z",
      "updatedTime": "2021-01-21T11:36:41.8423699Z",
      "createdUserId": "aaefd11d-4a6f-43de-b8d1-f4d839285950",
      "updatedUserId": "aaefd11d-4a6f-43de-b8d1-f4d839285950"
    }
  ],
  "createdUtc": "0001-01-01T00:00:00Z"
}