{
  "intents": [
    {
      "triggerQueries": [
        "Maximum length of a phone conference call (audio conferencing meeting)?"
      ],
      "dialogId": "new_topic_842ce805d2414bd88bca8933417e811b",
      "isTriggeringEnabled": true,
      "id": "new_topic_842ce805d2414bd88bca8933417e811b",
      "displayName": "Maximum length of a phone conference call (audio conferencing meeting)?",
      "description": "https://hickweb.blob.core.windows.net/$web/AdoptBot/AdoptBot2022-English.docx",
      "createdTime": "2022-03-02T14:57:19.3356723Z",
      "updatedTime": "2022-03-02T15:01:25.3791188Z",
      "createdUserId": "3e27f02e-042d-4f0e-be03-083d03c89917",
      "updatedUserId": "3e27f02e-042d-4f0e-be03-083d03c89917"
    }
  ],
  "dialogs": [
    {
      "rootNodeId": "66d15a69-67db-4890-87bf-6df980176993",
      "messageNodes": [
        {
          "botMessageId": "4a881964-f247-45a2-af57-425840890c9e",
          "nodeType": "BotMessageNode",
          "id": "66d15a69-67db-4890-87bf-6df980176993",
          "defaultTargetNodeId": "b5078a58-abff-4f78-a363-7bad84aa3df5"
        }
      ],
      "dialogChangeNodes": [
        {
          "targetDialogId": "new_topic_f3954ff416624052b3434952b36c18d0_aeabea4d071f415c8c107e1cb7af5424_assumedsuccess",
          "nodeType": "DialogChangeNode",
          "id": "b5078a58-abff-4f78-a363-7bad84aa3df5"
        }
      ],
      "id": "new_topic_842ce805d2414bd88bca8933417e811b",
      "displayName": "Maximum length of a phone conference call (audio conferencing meeting)?",
      "createdTime": "2022-03-02T14:57:08.4602637Z",
      "createdUserId": "3e27f02e-042d-4f0e-be03-083d03c89917"
    }
  ],
  "botMessages": [
    {
      "channelContent": {
        "web": {
          "contentFormat": "Markdown",
          "content": "The meeting ends after 24 hours."
        }
      },
      "id": "4a881964-f247-45a2-af57-425840890c9e"
    }
  ]
}