{
  "intents": [
    {
      "intentType": "Regular",
      "triggerQueries": [
        "How much OneDrive space do I get with Microsoft 365?"
      ],
      "dialogId": "new_topic_875474bbe27440eb9fe3f352338bae91",
      "isTriggeringEnabled": true,
      "id": "new_topic_875474bbe27440eb9fe3f352338bae91",
      "displayName": "How much OneDrive space do I get with Microsoft 365?",
      "description": "https://adoptbotv2kb.blob.core.windows.net/%24web/AdoptBot2021-English.docx",
      "createdTime": "2021-01-21T11:36:41.843367Z",
      "updatedTime": "2021-01-21T11:39:34.6337141Z",
      "createdUserId": "aaefd11d-4a6f-43de-b8d1-f4d839285950",
      "updatedUserId": "aaefd11d-4a6f-43de-b8d1-f4d839285950"
    }
  ],
  "dialogs": [
    {
      "rootNodeId": "1882e595-431b-44ee-b0dd-1505342336f2",
      "messageNodes": [
        {
          "botMessageId": "115c74e1-b1fb-4942-98f8-3cf3550d25b6",
          "nodeType": "BotMessageNode",
          "id": "1882e595-431b-44ee-b0dd-1505342336f2",
          "defaultTargetNodeId": "b992d849-3594-470d-8177-94593ad2bd00"
        }
      ],
      "dialogChangeNodes": [
        {
          "targetDialogId": "new_topic_a96de8db0acd41edb5a2e60fb0d93441_aeabea4d071f415c8c107e1cb7af5424_assumedsuccess",
          "nodeType": "DialogChangeNode",
          "id": "b992d849-3594-470d-8177-94593ad2bd00"
        }
      ],
      "id": "new_topic_875474bbe27440eb9fe3f352338bae91",
      "displayName": "Dialog for How much OneDrive space do I get with Microsoft 365?",
      "createdTime": "2021-01-21T11:36:41.843367Z",
      "updatedTime": "2021-01-21T11:36:41.843367Z",
      "createdUserId": "aaefd11d-4a6f-43de-b8d1-f4d839285950",
      "updatedUserId": "aaefd11d-4a6f-43de-b8d1-f4d839285950"
    }
  ],
  "botMessages": [
    {
      "channelContent": {
        "web": {
          "contentFormat": "Markdown",
          "content": "Us\r\n\r\nUsers receive 1 TB (1,000GB) of storage space in OneDrive\r\n\r\n[Based on your licensing](https://docs.microsoft.com/en-us/onedrive/set-default-storage-space) this can be raised to 5 TB (5,000 GB) per user."
        }
      },
      "id": "115c74e1-b1fb-4942-98f8-3cf3550d25b6",
      "createdTime": "2021-01-21T11:36:41.843367Z",
      "updatedTime": "2021-01-21T11:36:41.843367Z",
      "createdUserId": "aaefd11d-4a6f-43de-b8d1-f4d839285950",
      "updatedUserId": "aaefd11d-4a6f-43de-b8d1-f4d839285950"
    }
  ]
}