{
  "intents": [
    {
      "triggerQueries": [
        "O que é Exchange Online?"
      ],
      "dialogId": "new_topic_a33fc931172b49f29053b661b07e57fa",
      "isTriggeringEnabled": true,
      "id": "new_topic_a33fc931172b49f29053b661b07e57fa",
      "displayName": "O que é Exchange Online?",
      "createdTime": "2023-01-03T12:15:23.8540108Z",
      "updatedTime": "2023-01-03T12:15:32.650896Z",
      "createdUserId": "1217587e-94d3-4d46-b9e3-9ad63e50a6a1",
      "updatedUserId": "1217587e-94d3-4d46-b9e3-9ad63e50a6a1"
    }
  ],
  "dialogs": [
    {
      "rootNodeId": "9476758b-4e9e-42e0-bf88-09f9772e0fee",
      "messageNodes": [
        {
          "botMessageId": "9d71ef94-1fc3-41e7-b522-46cfee7d130e",
          "nodeType": "BotMessageNode",
          "id": "9476758b-4e9e-42e0-bf88-09f9772e0fee",
          "defaultTargetNodeId": "b88ef0a3-e72a-4c9c-b074-9df926b425da"
        }
      ],
      "dialogChangeNodes": [
        {
          "targetDialogId": "new_topic_e347a2395e634a7880736d574ee58956_aeabea4d071f415c8c107e1cb7af5424_assumedsuccess",
          "nodeType": "DialogChangeNode",
          "id": "b88ef0a3-e72a-4c9c-b074-9df926b425da"
        }
      ],
      "id": "new_topic_a33fc931172b49f29053b661b07e57fa",
      "displayName": "Untitled",
      "createdTime": "2023-01-03T12:15:23.8540108Z",
      "updatedTime": "2023-01-03T12:15:32.650896Z",
      "createdUserId": "1217587e-94d3-4d46-b9e3-9ad63e50a6a1",
      "updatedUserId": "1217587e-94d3-4d46-b9e3-9ad63e50a6a1"
    }
  ],
  "botMessages": [
    {
      "channelContent": {
        "web": {
          "contentFormat": "Markdown",
          "content": "O Exchange Online faz parte do Microsoft 365. Fornece e-mail e calendário. Clique no ícone Outlook no Office 365 para iniciá-lo."
        }
      },
      "id": "9d71ef94-1fc3-41e7-b522-46cfee7d130e",
      "createdTime": "2023-01-03T12:15:09.564Z",
      "updatedTime": "2023-01-03T12:15:09.564Z"
    }
  ]
}