{
  "intents": [
    {
      "intentType": "Regular",
      "triggerQueries": [
        "What is OneDrive?"
      ],
      "dialogId": "new_topic_17754fc5033c4f04ae325c01970804d5",
      "isTriggeringEnabled": true,
      "id": "new_topic_17754fc5033c4f04ae325c01970804d5",
      "displayName": "What is OneDrive?",
      "description": "https://adoptbotv2kb.blob.core.windows.net/%24web/AdoptBot2021-English.docx",
      "createdTime": "2021-01-21T11:36:41.843367Z",
      "updatedTime": "2021-01-21T11:39:34.6170702Z",
      "createdUserId": "aaefd11d-4a6f-43de-b8d1-f4d839285950",
      "updatedUserId": "aaefd11d-4a6f-43de-b8d1-f4d839285950"
    }
  ],
  "dialogs": [
    {
      "rootNodeId": "8c0cc2b7-2904-4f3b-a32e-ecef25302936",
      "messageNodes": [
        {
          "botMessageId": "e1256676-8731-4b23-85c7-b50ca4580e8a",
          "nodeType": "BotMessageNode",
          "id": "8c0cc2b7-2904-4f3b-a32e-ecef25302936",
          "defaultTargetNodeId": "8c631b33-5466-4462-883d-03f5995f4543"
        }
      ],
      "dialogChangeNodes": [
        {
          "targetDialogId": "new_topic_a96de8db0acd41edb5a2e60fb0d93441_aeabea4d071f415c8c107e1cb7af5424_assumedsuccess",
          "nodeType": "DialogChangeNode",
          "id": "8c631b33-5466-4462-883d-03f5995f4543"
        }
      ],
      "id": "new_topic_17754fc5033c4f04ae325c01970804d5",
      "displayName": "Dialog for What is OneDrive?",
      "createdTime": "2021-01-21T11:36:41.843367Z",
      "updatedTime": "2021-01-21T11:36:41.843367Z",
      "createdUserId": "aaefd11d-4a6f-43de-b8d1-f4d839285950",
      "updatedUserId": "aaefd11d-4a6f-43de-b8d1-f4d839285950"
    }
  ],
  "botMessages": [
    {
      "channelContent": {
        "web": {
          "contentFormat": "Markdown",
          "content": "OneDrive is an online storage service that you can use to store documents, notes, photos, music, videos, or other types of files. With OneDrive you can access your files from nearly any device, and you can share them with others."
        }
      },
      "id": "e1256676-8731-4b23-85c7-b50ca4580e8a",
      "createdTime": "2021-01-21T11:36:41.843367Z",
      "updatedTime": "2021-01-21T11:36:41.843367Z",
      "createdUserId": "aaefd11d-4a6f-43de-b8d1-f4d839285950",
      "updatedUserId": "aaefd11d-4a6f-43de-b8d1-f4d839285950"
    }
  ]
}