{
  "intents": [
    {
      "triggerQueries": [
        "How do I Enable pop-out chat?"
      ],
      "dialogId": "new_topic_8c8ab38d025e4f6d9be2287bfe4c2512",
      "isTriggeringEnabled": true,
      "id": "new_topic_8c8ab38d025e4f6d9be2287bfe4c2512",
      "displayName": "How do I Enable pop-out chat?",
      "description": "https://hickweb.blob.core.windows.net/$web/AdoptBot/AdoptBot2022-English.docx",
      "createdTime": "2022-03-02T14:57:19.3513008Z",
      "updatedTime": "2022-03-02T14:58:58.0838625Z",
      "createdUserId": "3e27f02e-042d-4f0e-be03-083d03c89917",
      "updatedUserId": "3e27f02e-042d-4f0e-be03-083d03c89917"
    }
  ],
  "dialogs": [
    {
      "rootNodeId": "5e2021bb-9f15-4d04-a0f4-4b93b65567e6",
      "messageNodes": [
        {
          "botMessageId": "4cddeb38-65b4-4ca2-b601-7793d29b86eb",
          "nodeType": "BotMessageNode",
          "id": "5e2021bb-9f15-4d04-a0f4-4b93b65567e6",
          "defaultTargetNodeId": "fb607a93-a0af-4dcf-a5fc-bb9e5168f40f"
        }
      ],
      "dialogChangeNodes": [
        {
          "targetDialogId": "new_topic_f3954ff416624052b3434952b36c18d0_aeabea4d071f415c8c107e1cb7af5424_assumedsuccess",
          "nodeType": "DialogChangeNode",
          "id": "fb607a93-a0af-4dcf-a5fc-bb9e5168f40f"
        }
      ],
      "id": "new_topic_8c8ab38d025e4f6d9be2287bfe4c2512",
      "displayName": "How do I Enable pop-out chat?",
      "createdTime": "2022-03-02T14:57:08.4602637Z",
      "createdUserId": "3e27f02e-042d-4f0e-be03-083d03c89917"
    }
  ],
  "botMessages": [
    {
      "channelContent": {
        "web": {
          "contentFormat": "Markdown",
          "content": "You can instantly pop out your one on one or group chat into a separate window. Then, resize, reposition, or close the window as you wish. It is a great way to get a lot done when you are in a meeting or in a call.\r\n\r\nPlease note: You can pop out multiple conversations, but not the same chat twice.\r\n\r\n[Pop out a chat in Teams](https://support.microsoft.com/en-us/office/pop-out-a-chat-in-teams-cff95cb0-34af-423f-8f69-fe9106973790)"
        }
      },
      "id": "4cddeb38-65b4-4ca2-b601-7793d29b86eb"
    }
  ]
}