{
  "intents": [
    {
      "triggerQueries": [
        "How do guests join a team?"
      ],
      "dialogId": "new_topic_d478fb03bee148b2b4e1e1278d13bee9",
      "isTriggeringEnabled": true,
      "id": "new_topic_d478fb03bee148b2b4e1e1278d13bee9",
      "displayName": "How do guests join a team?",
      "description": "https://hickweb.blob.core.windows.net/$web/AdoptBot/AdoptBot2022-English.docx",
      "createdTime": "2022-03-02T14:57:19.3513008Z",
      "updatedTime": "2022-03-02T14:58:41.7732495Z",
      "createdUserId": "3e27f02e-042d-4f0e-be03-083d03c89917",
      "updatedUserId": "3e27f02e-042d-4f0e-be03-083d03c89917"
    }
  ],
  "dialogs": [
    {
      "rootNodeId": "f10ec344-f39f-4515-aaf3-e79d0ee1a582",
      "messageNodes": [
        {
          "botMessageId": "3336cf5c-d32e-4358-b948-1961dc004c44",
          "nodeType": "BotMessageNode",
          "id": "f10ec344-f39f-4515-aaf3-e79d0ee1a582",
          "defaultTargetNodeId": "968a90b1-7f46-43be-bcd8-aea2bd758b53"
        }
      ],
      "dialogChangeNodes": [
        {
          "targetDialogId": "new_topic_f3954ff416624052b3434952b36c18d0_aeabea4d071f415c8c107e1cb7af5424_assumedsuccess",
          "nodeType": "DialogChangeNode",
          "id": "968a90b1-7f46-43be-bcd8-aea2bd758b53"
        }
      ],
      "id": "new_topic_d478fb03bee148b2b4e1e1278d13bee9",
      "displayName": "How do guests join a team?",
      "createdTime": "2022-03-02T14:57:08.4602637Z",
      "createdUserId": "3e27f02e-042d-4f0e-be03-083d03c89917"
    }
  ],
  "botMessages": [
    {
      "channelContent": {
        "web": {
          "contentFormat": "Markdown",
          "content": "To add a guest to your team  in Teams: Select  Teams and go to the team  in your list of teams. Choose More options &gt; Add member . Enter the guest's email address."
        }
      },
      "id": "3336cf5c-d32e-4358-b948-1961dc004c44"
    }
  ]
}