{
  "intents": [
    {
      "triggerQueries": [
        "Existe algum guia de como colaborar remotamente?",
        "Como colaborar remotamente com o Microsoft 365/",
        "Como ser mais eficiente enquanto trabalho remotamente?",
        "Como o Teams pode me ajudar a trabalhar remotamente?",
        "Pode me dar dicas de como trabalhar remotamente"
      ],
      "dialogId": "new_topic_b5cd012b1eae4ffdb5f565d43642af8e",
      "isTriggeringEnabled": true,
      "id": "new_topic_b5cd012b1eae4ffdb5f565d43642af8e",
      "displayName": "Existe algum guia de como colaborar remotamente?",
      "createdTime": "2023-01-03T14:30:19.8559683Z",
      "updatedTime": "2023-01-03T14:30:19.8559683Z",
      "createdUserId": "1217587e-94d3-4d46-b9e3-9ad63e50a6a1",
      "updatedUserId": "1217587e-94d3-4d46-b9e3-9ad63e50a6a1"
    }
  ],
  "dialogs": [
    {
      "rootNodeId": "0a393c9e-c5a3-4b8d-bb3a-660b26c63175",
      "messageNodes": [
        {
          "botMessageId": "ae6d75d4-30a2-4001-a69d-0c06175e3932",
          "nodeType": "BotMessageNode",
          "id": "0a393c9e-c5a3-4b8d-bb3a-660b26c63175",
          "defaultTargetNodeId": "91e30c3c-6d74-4c46-9846-9b53c108a133"
        }
      ],
      "dialogChangeNodes": [
        {
          "targetDialogId": "new_topic_e347a2395e634a7880736d574ee58956_aeabea4d071f415c8c107e1cb7af5424_assumedsuccess",
          "nodeType": "DialogChangeNode",
          "id": "91e30c3c-6d74-4c46-9846-9b53c108a133"
        }
      ],
      "id": "new_topic_b5cd012b1eae4ffdb5f565d43642af8e",
      "displayName": "Untitled",
      "createdTime": "2023-01-03T14:30:19.8559683Z",
      "updatedTime": "2023-01-03T14:30:19.8559683Z",
      "createdUserId": "1217587e-94d3-4d46-b9e3-9ad63e50a6a1",
      "updatedUserId": "1217587e-94d3-4d46-b9e3-9ad63e50a6a1"
    }
  ],
  "botMessages": [
    {
      "channelContent": {
        "web": {
          "contentFormat": "Markdown",
          "content": "[Colabore com a Microsoft 365](https://support.office.com/article/collaborate-with-office-365-ac05a41e-0b49-4420-9ebc-190ee4e744f4) – Um guia de como trabalhar melhor em conjunto em todas as workloads do Microsoft 365."
        }
      },
      "id": "ae6d75d4-30a2-4001-a69d-0c06175e3932",
      "createdTime": "2023-01-03T14:29:07.781Z",
      "updatedTime": "2023-01-03T14:29:07.781Z"
    }
  ]
}