{
  "intents": [
    {
      "intentType": "Regular",
      "triggerQueries": [
        "How can I get OneNote?"
      ],
      "dialogId": "new_topic_2a236e76b810441da7ae9e6b519cf326",
      "isTriggeringEnabled": true,
      "id": "new_topic_2a236e76b810441da7ae9e6b519cf326",
      "displayName": "How can I get OneNote?",
      "description": "https://adoptbotv2kb.blob.core.windows.net/%24web/AdoptBot2021-English.docx",
      "createdTime": "2021-01-21T11:36:41.843367Z",
      "updatedTime": "2021-01-21T11:39:36.4782959Z",
      "createdUserId": "aaefd11d-4a6f-43de-b8d1-f4d839285950",
      "updatedUserId": "aaefd11d-4a6f-43de-b8d1-f4d839285950"
    }
  ],
  "dialogs": [
    {
      "rootNodeId": "97dd46d0-8a71-4b18-8326-54785484406b",
      "messageNodes": [
        {
          "botMessageId": "8d864ae8-26e7-460e-9b61-170555a40dfa",
          "nodeType": "BotMessageNode",
          "id": "97dd46d0-8a71-4b18-8326-54785484406b",
          "defaultTargetNodeId": "8d14df68-f20e-4ae2-8361-dc9c40e01bc4"
        }
      ],
      "dialogChangeNodes": [
        {
          "targetDialogId": "new_topic_a96de8db0acd41edb5a2e60fb0d93441_aeabea4d071f415c8c107e1cb7af5424_assumedsuccess",
          "nodeType": "DialogChangeNode",
          "id": "8d14df68-f20e-4ae2-8361-dc9c40e01bc4"
        }
      ],
      "id": "new_topic_2a236e76b810441da7ae9e6b519cf326",
      "displayName": "Dialog for How can I get OneNote?",
      "createdTime": "2021-01-21T11:36:41.843367Z",
      "updatedTime": "2021-01-21T11:36:41.843367Z",
      "createdUserId": "aaefd11d-4a6f-43de-b8d1-f4d839285950",
      "updatedUserId": "aaefd11d-4a6f-43de-b8d1-f4d839285950"
    }
  ],
  "botMessages": [
    {
      "channelContent": {
        "web": {
          "contentFormat": "Markdown",
          "content": "Depending on which device you use, [there’s a OneNote to fit your needs](https://support.microsoft.com/en-us/office/what-s-the-difference-between-the-onenote-versions-a624e692-b78b-4c09-b07f-46181958118f) .\r\n\r\n- OneNote (formerly called “OneNote 2016”) is a free desktop app and part of Office 2019 and Microsoft 365.\r\n- OneNote for Windows 10 , is pre-installed on all editions of Windows 10, and can be downloaded for free in the [Microsoft Store](https://www.microsoft.com/store/productId/9WZDNCRFHVJL)"
        }
      },
      "id": "8d864ae8-26e7-460e-9b61-170555a40dfa",
      "createdTime": "2021-01-21T11:36:41.843367Z",
      "updatedTime": "2021-01-21T11:36:41.843367Z",
      "createdUserId": "aaefd11d-4a6f-43de-b8d1-f4d839285950",
      "updatedUserId": "aaefd11d-4a6f-43de-b8d1-f4d839285950"
    }
  ]
}