{
  "intents": [
    {
      "triggerQueries": [
        "Can I delete an old chat?"
      ],
      "dialogId": "new_topic_8a1e4b79595143a7bae9cdc342312a07",
      "isTriggeringEnabled": true,
      "id": "new_topic_8a1e4b79595143a7bae9cdc342312a07",
      "displayName": "Can I delete an old chat?",
      "description": "https://hickweb.blob.core.windows.net/$web/AdoptBot/AdoptBot2022-English.docx",
      "createdTime": "2022-03-02T14:57:19.3356723Z",
      "updatedTime": "2022-03-02T15:00:00.3018231Z",
      "createdUserId": "3e27f02e-042d-4f0e-be03-083d03c89917",
      "updatedUserId": "3e27f02e-042d-4f0e-be03-083d03c89917"
    }
  ],
  "dialogs": [
    {
      "rootNodeId": "bc5717a0-9fe7-4e2a-8355-0bfa243e5865",
      "messageNodes": [
        {
          "botMessageId": "35d0dcac-f158-46cd-a783-dd142dde6bbf",
          "nodeType": "BotMessageNode",
          "id": "bc5717a0-9fe7-4e2a-8355-0bfa243e5865",
          "defaultTargetNodeId": "cfedb5e0-0df5-4145-b2fc-9f7dfcf96b1b"
        }
      ],
      "dialogChangeNodes": [
        {
          "targetDialogId": "new_topic_f3954ff416624052b3434952b36c18d0_aeabea4d071f415c8c107e1cb7af5424_assumedsuccess",
          "nodeType": "DialogChangeNode",
          "id": "cfedb5e0-0df5-4145-b2fc-9f7dfcf96b1b"
        }
      ],
      "id": "new_topic_8a1e4b79595143a7bae9cdc342312a07",
      "displayName": "Can I delete an old chat?",
      "createdTime": "2022-03-02T14:57:08.4602637Z",
      "createdUserId": "3e27f02e-042d-4f0e-be03-083d03c89917"
    }
  ],
  "botMessages": [
    {
      "channelContent": {
        "web": {
          "contentFormat": "Markdown",
          "content": "While you can't delete an entire chat, you can hide it to get it out of your chat list.\r\n\r\nAnd you're also able to [delete individual messages you've sent](https://support.microsoft.com/en-us/office/edit-or-delete-a-sent-message-in-teams-5f1fe604-a900-4a07-b8b7-8cf70ed6b263) ."
        }
      },
      "id": "35d0dcac-f158-46cd-a783-dd142dde6bbf"
    }
  ]
}