{
  "intents": [
    {
      "triggerQueries": [
        "Can we optimize our network for Microsoft Teams?"
      ],
      "dialogId": "new_topic_f62c372d49794770b89ab298c52015fb",
      "isTriggeringEnabled": true,
      "id": "new_topic_f62c372d49794770b89ab298c52015fb",
      "displayName": "Can we optimize our network for Microsoft Teams?",
      "description": "https://hickweb.blob.core.windows.net/$web/AdoptBot/AdoptBot2022-English.docx",
      "createdTime": "2022-03-02T14:57:19.3513008Z",
      "updatedTime": "2022-03-02T14:59:53.7576572Z",
      "createdUserId": "3e27f02e-042d-4f0e-be03-083d03c89917",
      "updatedUserId": "3e27f02e-042d-4f0e-be03-083d03c89917"
    }
  ],
  "dialogs": [
    {
      "rootNodeId": "af993b55-8d0b-4875-af7a-a555fc97e782",
      "messageNodes": [
        {
          "botMessageId": "e938f645-7b21-46b0-be48-d49d2d8464c4",
          "nodeType": "BotMessageNode",
          "id": "af993b55-8d0b-4875-af7a-a555fc97e782",
          "defaultTargetNodeId": "7ca059af-0220-4055-9d69-04e8f4659062"
        }
      ],
      "dialogChangeNodes": [
        {
          "targetDialogId": "new_topic_f3954ff416624052b3434952b36c18d0_aeabea4d071f415c8c107e1cb7af5424_assumedsuccess",
          "nodeType": "DialogChangeNode",
          "id": "7ca059af-0220-4055-9d69-04e8f4659062"
        }
      ],
      "id": "new_topic_f62c372d49794770b89ab298c52015fb",
      "displayName": "Can we optimize our network for Microsoft Teams?",
      "createdTime": "2022-03-02T14:57:08.4602637Z",
      "createdUserId": "3e27f02e-042d-4f0e-be03-083d03c89917"
    }
  ],
  "botMessages": [
    {
      "channelContent": {
        "web": {
          "contentFormat": "Markdown",
          "content": "[Follow this guide to prepare and optimize your organization’s network for Teams](https://docs.microsoft.com/en-us/microsoftteams/prepare-network) .\r\n\r\nIt’s important to optimize the performance, especially if many in your organization work remotely. For administrators, there’s a [short course about optimizing your network on Microsoft Learn](https://docs.microsoft.com/en-us/learn/modules/m365-teams-rooms-optimize-network/) ."
        }
      },
      "id": "e938f645-7b21-46b0-be48-d49d2d8464c4"
    }
  ]
}