{
  "intents": [
    {
      "triggerQueries": [
        "Quanto tempo pode ter uma reunião no Teams?",
        "Qual o tempo máximo de uma reunião?",
        "Quanto tempo pode ter uma reunião?",
        "Qual a duração máxima de uma chamada?"
      ],
      "dialogId": "new_topic_f04afa1711ae4b12a7eb75be9e4d143c",
      "isTriggeringEnabled": true,
      "id": "new_topic_f04afa1711ae4b12a7eb75be9e4d143c",
      "displayName": "Qual a duração máxima de uma chamada?",
      "createdTime": "2022-12-30T14:10:57.6020809Z",
      "updatedTime": "2022-12-30T14:10:57.6020809Z",
      "createdUserId": "1217587e-94d3-4d46-b9e3-9ad63e50a6a1",
      "updatedUserId": "1217587e-94d3-4d46-b9e3-9ad63e50a6a1"
    }
  ],
  "dialogs": [
    {
      "rootNodeId": "be709486-314a-4b59-83ad-23952740d310",
      "messageNodes": [
        {
          "botMessageId": "b3b58e5b-796b-4c1c-95b3-030bf56fb29a",
          "nodeType": "BotMessageNode",
          "id": "be709486-314a-4b59-83ad-23952740d310",
          "defaultTargetNodeId": "a66bb38d-ce90-4c83-9bae-acf9f16e7ddc"
        }
      ],
      "dialogChangeNodes": [
        {
          "targetDialogId": "new_topic_e347a2395e634a7880736d574ee58956_aeabea4d071f415c8c107e1cb7af5424_assumedsuccess",
          "nodeType": "DialogChangeNode",
          "id": "a66bb38d-ce90-4c83-9bae-acf9f16e7ddc"
        }
      ],
      "id": "new_topic_f04afa1711ae4b12a7eb75be9e4d143c",
      "displayName": "Untitled",
      "createdTime": "2022-12-30T14:10:57.6020809Z",
      "updatedTime": "2022-12-30T14:10:57.6020809Z",
      "createdUserId": "1217587e-94d3-4d46-b9e3-9ad63e50a6a1",
      "updatedUserId": "1217587e-94d3-4d46-b9e3-9ad63e50a6a1"
    }
  ],
  "botMessages": [
    {
      "channelContent": {
        "web": {
          "contentFormat": "Markdown",
          "content": "As reuniões de Teams tem a duração máxima de 24 horas."
        }
      },
      "id": "b3b58e5b-796b-4c1c-95b3-030bf56fb29a",
      "createdTime": "2022-12-30T14:10:03.351Z",
      "updatedTime": "2022-12-30T14:10:03.351Z"
    }
  ]
}