{
  "intents": [
    {
      "triggerQueries": [
        "como criar uma nova conversa no Teams?",
        "como posso enviar pmensagens no Teams?",
        "como crio um novo chat?",
        "Como início uma conversa privada?"
      ],
      "dialogId": "new_topic_8606e368b32f40e29a71232f0bfe62cb",
      "isTriggeringEnabled": true,
      "id": "new_topic_8606e368b32f40e29a71232f0bfe62cb",
      "displayName": "Como início uma conversa privada?",
      "createdTime": "2022-12-30T13:40:57.2701495Z",
      "updatedTime": "2022-12-30T13:40:57.2701495Z",
      "createdUserId": "1217587e-94d3-4d46-b9e3-9ad63e50a6a1",
      "updatedUserId": "1217587e-94d3-4d46-b9e3-9ad63e50a6a1"
    }
  ],
  "dialogs": [
    {
      "rootNodeId": "b15f390c-f592-47db-9796-41573c251c98",
      "messageNodes": [
        {
          "botMessageId": "ded5be48-a32d-421f-ac8b-1ce050c274d5",
          "nodeType": "BotMessageNode",
          "id": "b15f390c-f592-47db-9796-41573c251c98",
          "defaultTargetNodeId": "1226672c-eb64-43a2-ab82-cee21097eb30"
        }
      ],
      "dialogChangeNodes": [
        {
          "targetDialogId": "new_topic_e347a2395e634a7880736d574ee58956_aeabea4d071f415c8c107e1cb7af5424_assumedsuccess",
          "nodeType": "DialogChangeNode",
          "id": "1226672c-eb64-43a2-ab82-cee21097eb30"
        }
      ],
      "id": "new_topic_8606e368b32f40e29a71232f0bfe62cb",
      "displayName": "Untitled",
      "createdTime": "2022-12-30T13:40:57.2701495Z",
      "updatedTime": "2022-12-30T13:40:57.2701495Z",
      "createdUserId": "1217587e-94d3-4d46-b9e3-9ad63e50a6a1",
      "updatedUserId": "1217587e-94d3-4d46-b9e3-9ad63e50a6a1"
    }
  ],
  "botMessages": [
    {
      "channelContent": {
        "web": {
          "contentFormat": "Markdown",
          "content": "Como início uma conversa privada?\n\nNa barra de pesquisa, escreva o nome da pessoa com quem quer conversar. Selecione a pessoa e, em seguida, digite a sua mensagem e clique na seta Enviar.\n\nSe for uma pessoa externa à sua organização, escreva o endereço de e-mail em vez do nome.\n\n_Nota! Isto requer pré-requisitos técnicos para o contexto de cada organização:_\n\n[_Comunicar com utilizadores de outras organizações em Microsoft Teams_](https://docs.microsoft.com/en-us/microsoftteams/communicate-with-users-from-other-organizations)"
        }
      },
      "id": "ded5be48-a32d-421f-ac8b-1ce050c274d5",
      "createdTime": "2022-12-30T13:40:24.665Z",
      "updatedTime": "2022-12-30T13:40:24.665Z"
    }
  ]
}