{
  "intents": [
    {
      "triggerQueries": [
        "O que acontece se eu @mencionar um canal?",
        "Como posso @mencionar um canal?",
        "Como posso @mention um canal?"
      ],
      "dialogId": "new_topic_17dd4c3f9fb2400c93ea47f1e5bdfa47",
      "isTriggeringEnabled": true,
      "id": "new_topic_17dd4c3f9fb2400c93ea47f1e5bdfa47",
      "displayName": "Como posso @mention um canal?",
      "createdTime": "2022-12-30T16:37:08.7642488Z",
      "updatedTime": "2022-12-30T16:37:08.7642488Z",
      "createdUserId": "1217587e-94d3-4d46-b9e3-9ad63e50a6a1",
      "updatedUserId": "1217587e-94d3-4d46-b9e3-9ad63e50a6a1"
    }
  ],
  "dialogs": [
    {
      "rootNodeId": "7d64fa4a-f50f-4948-8e74-01ba977901dd",
      "messageNodes": [
        {
          "botMessageId": "fc3c8269-4fe1-4062-9d4d-8c960a997e9b",
          "nodeType": "BotMessageNode",
          "id": "7d64fa4a-f50f-4948-8e74-01ba977901dd",
          "defaultTargetNodeId": "94650f35-c9a7-44b9-b1f4-d0792eb437f6"
        }
      ],
      "dialogChangeNodes": [
        {
          "targetDialogId": "new_topic_e347a2395e634a7880736d574ee58956_aeabea4d071f415c8c107e1cb7af5424_assumedsuccess",
          "nodeType": "DialogChangeNode",
          "id": "94650f35-c9a7-44b9-b1f4-d0792eb437f6"
        }
      ],
      "id": "new_topic_17dd4c3f9fb2400c93ea47f1e5bdfa47",
      "displayName": "Untitled",
      "createdTime": "2022-12-30T16:37:08.7642488Z",
      "updatedTime": "2022-12-30T16:37:08.7642488Z",
      "createdUserId": "1217587e-94d3-4d46-b9e3-9ad63e50a6a1",
      "updatedUserId": "1217587e-94d3-4d46-b9e3-9ad63e50a6a1"
    }
  ],
  "botMessages": [
    {
      "channelContent": {
        "web": {
          "contentFormat": "Markdown",
          "content": "Para chamar a atenção de todos num canal, @mention o canal.\n\nBasta escrever @ antes do nome do canal e, em seguida, selecionar o canal a partir do menu que aparece. Ao utilizar @channel nome, cada membro que mostra o canal recebe uma notificação.\n\nO tipo de notificação depende das configurações de cada indivíduo. Use esta opção com moderação visto que será igual a \"responder a todos\" no e-mail."
        }
      },
      "id": "fc3c8269-4fe1-4062-9d4d-8c960a997e9b",
      "createdTime": "2022-12-30T16:36:40.381Z",
      "updatedTime": "2022-12-30T16:36:40.381Z"
    }
  ]
}