{
  "intents": [
    {
      "triggerQueries": [
        "Posso trocar a imagem da minha equipa?",
        "Como faço para trocar a imagem de uma equipa?",
        "Posso mudar a imagem de uma equipa?",
        "alterar imagem de uma equipa?",
        "Como altero a imagem de uma equipa?"
      ],
      "dialogId": "new_topic_7ed590ddc3b84a2b966f0c7c899917ac",
      "isTriggeringEnabled": true,
      "id": "new_topic_7ed590ddc3b84a2b966f0c7c899917ac",
      "displayName": "Como altero a imagem de uma equipa?",
      "createdTime": "2022-12-30T13:42:55.7411284Z",
      "updatedTime": "2022-12-30T13:42:55.7411284Z",
      "createdUserId": "1217587e-94d3-4d46-b9e3-9ad63e50a6a1",
      "updatedUserId": "1217587e-94d3-4d46-b9e3-9ad63e50a6a1"
    }
  ],
  "dialogs": [
    {
      "rootNodeId": "f339fa66-801c-4671-8492-a388d860bee8",
      "messageNodes": [
        {
          "botMessageId": "6621e4c5-d573-4308-b1a0-548dd6dfcd70",
          "nodeType": "BotMessageNode",
          "id": "f339fa66-801c-4671-8492-a388d860bee8",
          "defaultTargetNodeId": "9b4a39c3-21eb-47f3-bc46-faca32e7840f"
        }
      ],
      "dialogChangeNodes": [
        {
          "targetDialogId": "new_topic_e347a2395e634a7880736d574ee58956_aeabea4d071f415c8c107e1cb7af5424_assumedsuccess",
          "nodeType": "DialogChangeNode",
          "id": "9b4a39c3-21eb-47f3-bc46-faca32e7840f"
        }
      ],
      "id": "new_topic_7ed590ddc3b84a2b966f0c7c899917ac",
      "displayName": "Untitled",
      "createdTime": "2022-12-30T13:42:55.7411284Z",
      "updatedTime": "2022-12-30T13:42:55.7411284Z",
      "createdUserId": "1217587e-94d3-4d46-b9e3-9ad63e50a6a1",
      "updatedUserId": "1217587e-94d3-4d46-b9e3-9ad63e50a6a1"
    }
  ],
  "botMessages": [
    {
      "channelContent": {
        "web": {
          "contentFormat": "Markdown",
          "content": "Aceda ao nome da equipa e clique em **Mais** **opções** > **Gerir a equipa.** No separador **Definições,** clique na imagem de equipa > “Alterar Imagem”."
        }
      },
      "id": "6621e4c5-d573-4308-b1a0-548dd6dfcd70",
      "createdTime": "2022-12-30T13:42:03.753Z",
      "updatedTime": "2022-12-30T13:42:03.753Z"
    }
  ]
}