{
  "intents": [
    {
      "triggerQueries": [
        "Simple tips for better Teams meetings?"
      ],
      "dialogId": "new_topic_7cff7830509f4dfcb61958ebe8c99d18",
      "isTriggeringEnabled": true,
      "id": "new_topic_7cff7830509f4dfcb61958ebe8c99d18",
      "displayName": "Simple tips for better Teams meetings?",
      "description": "https://adoptbotv2kb.blob.core.windows.net/%24web/AdoptBot2021-English.docx",
      "createdTime": "2021-01-21T11:36:41.843367Z",
      "updatedTime": "2021-01-21T11:39:44.0791458Z",
      "createdUserId": "aaefd11d-4a6f-43de-b8d1-f4d839285950",
      "updatedUserId": "aaefd11d-4a6f-43de-b8d1-f4d839285950"
    }
  ],
  "dialogs": [
    {
      "rootNodeId": "07ac7c2d-b4d4-458a-8a92-9149d052f783",
      "messageNodes": [
        {
          "botMessageId": "d75a21ac-e74c-4e1c-b8ab-d5cc27f969eb",
          "nodeType": "BotMessageNode",
          "id": "07ac7c2d-b4d4-458a-8a92-9149d052f783",
          "defaultTargetNodeId": "f85ef5ad-0c05-462c-a7ac-143bd7d1589f"
        }
      ],
      "dialogChangeNodes": [
        {
          "targetDialogId": "new_topic_a96de8db0acd41edb5a2e60fb0d93441_aeabea4d071f415c8c107e1cb7af5424_assumedsuccess",
          "nodeType": "DialogChangeNode",
          "id": "f85ef5ad-0c05-462c-a7ac-143bd7d1589f"
        }
      ],
      "id": "new_topic_7cff7830509f4dfcb61958ebe8c99d18",
      "displayName": "Dialog for Simple tips for better Teams meetings?",
      "createdTime": "2021-01-21T11:36:41.843367Z",
      "updatedTime": "2021-01-21T11:36:41.843367Z",
      "createdUserId": "aaefd11d-4a6f-43de-b8d1-f4d839285950",
      "updatedUserId": "aaefd11d-4a6f-43de-b8d1-f4d839285950"
    }
  ],
  "botMessages": [
    {
      "channelContent": {
        "web": {
          "contentFormat": "Markdown",
          "content": "Here are some simple t [ips for](https://support.microsoft.com/en-us/office/tips-f%C3%B6r-b%C3%A4ttre-m%C3%B6ten-80640ac4-b009-42ea-abcb-660e729e63e5) [better](https://support.microsoft.com/en-us/office/tips-f%C3%B6r-b%C3%A4ttre-m%C3%B6ten-80640ac4-b009-42ea-abcb-660e729e63e5) meetings with Microsoft Teams (with subtitles)"
        }
      },
      "id": "d75a21ac-e74c-4e1c-b8ab-d5cc27f969eb",
      "createdTime": "2021-01-21T11:36:41.843367Z",
      "updatedTime": "2021-01-21T11:36:41.843367Z",
      "createdUserId": "aaefd11d-4a6f-43de-b8d1-f4d839285950",
      "updatedUserId": "aaefd11d-4a6f-43de-b8d1-f4d839285950"
    }
  ],
  "createdUtc": "0001-01-01T00:00:00Z"
}