{
  "intents": [
    {
      "triggerQueries": [
        "Can I use special characters for my channel name?"
      ],
      "dialogId": "new_topic_12e54434d3ee433a90375742c4d16ecd",
      "isTriggeringEnabled": true,
      "id": "new_topic_12e54434d3ee433a90375742c4d16ecd",
      "displayName": "Can I use special characters for my channel name?",
      "description": "https://hickweb.blob.core.windows.net/$web/AdoptBot/AdoptBot2022-English.docx",
      "createdTime": "2022-03-02T14:57:19.3513008Z",
      "updatedTime": "2022-03-02T14:58:33.7264251Z",
      "createdUserId": "3e27f02e-042d-4f0e-be03-083d03c89917",
      "updatedUserId": "3e27f02e-042d-4f0e-be03-083d03c89917"
    }
  ],
  "dialogs": [
    {
      "rootNodeId": "45deac2e-8e45-45ef-afeb-b98738ac8d26",
      "messageNodes": [
        {
          "botMessageId": "e760c07b-302c-482f-bd05-b5706a49c118",
          "nodeType": "BotMessageNode",
          "id": "45deac2e-8e45-45ef-afeb-b98738ac8d26",
          "defaultTargetNodeId": "5b05d38f-e9ad-420b-8f29-e34eb76e8131"
        }
      ],
      "dialogChangeNodes": [
        {
          "targetDialogId": "new_topic_f3954ff416624052b3434952b36c18d0_aeabea4d071f415c8c107e1cb7af5424_assumedsuccess",
          "nodeType": "DialogChangeNode",
          "id": "5b05d38f-e9ad-420b-8f29-e34eb76e8131"
        }
      ],
      "id": "new_topic_12e54434d3ee433a90375742c4d16ecd",
      "displayName": "Can I use special characters for my channel name?",
      "createdTime": "2022-03-02T14:57:08.4602637Z",
      "createdUserId": "3e27f02e-042d-4f0e-be03-083d03c89917"
    }
  ],
  "botMessages": [
    {
      "channelContent": {
        "web": {
          "contentFormat": "Markdown",
          "content": "Always name the channel in letters only first. You can then edit the name and add an icons for increased understanding\r\n\r\nHowever, channel names cannot contain the following characters or words.\r\n\r\nCharacters: ~ # % & \\* { } + / \\ : &lt; &gt; ? |' ' .\r\n\r\nWords: Forms,  CON, CONIN$, CONOUT$, PRN, AUX, NUL, COM1 to COM9, LPT1 to LPT9, desktop.ini, \\_vti\\_\r\n\r\nPlease note: Channel names cannot start with an underscore (\\_) or period (.), or end with a period(.)."
        }
      },
      "id": "e760c07b-302c-482f-bd05-b5706a49c118"
    }
  ]
}