{
  "intents": [
    {
      "triggerQueries": [
        "Posso exportar a informação sobre a minha equipa no Shifts?",
        "É possível exportar a informação dos Turnos?",
        "É possível exportar a informação do Shifts?",
        "Como posso exportar relatórios dos Turnos?",
        "Como posso exportar relatórios do Shifts?"
      ],
      "dialogId": "new_topic_02234c35b9ae40049e7e77d71463680c",
      "isTriggeringEnabled": true,
      "id": "new_topic_02234c35b9ae40049e7e77d71463680c",
      "displayName": "É possível exportar a informação do Shifts?",
      "createdTime": "2023-01-03T15:03:19.7788197Z",
      "updatedTime": "2023-01-03T15:03:19.7788197Z",
      "createdUserId": "1217587e-94d3-4d46-b9e3-9ad63e50a6a1",
      "updatedUserId": "1217587e-94d3-4d46-b9e3-9ad63e50a6a1"
    }
  ],
  "dialogs": [
    {
      "rootNodeId": "4502cd78-ccf2-4435-a156-af3b749a8ba0",
      "messageNodes": [
        {
          "botMessageId": "7ea197b0-c5f5-4e55-a33a-bb89305048c4",
          "nodeType": "BotMessageNode",
          "id": "4502cd78-ccf2-4435-a156-af3b749a8ba0",
          "defaultTargetNodeId": "c30f803b-75db-42be-b440-371aa7ecbb45"
        }
      ],
      "dialogChangeNodes": [
        {
          "targetDialogId": "new_topic_e347a2395e634a7880736d574ee58956_aeabea4d071f415c8c107e1cb7af5424_assumedsuccess",
          "nodeType": "DialogChangeNode",
          "id": "c30f803b-75db-42be-b440-371aa7ecbb45"
        }
      ],
      "id": "new_topic_02234c35b9ae40049e7e77d71463680c",
      "displayName": "Untitled",
      "createdTime": "2023-01-03T15:03:19.7788197Z",
      "updatedTime": "2023-01-03T15:03:19.7788197Z",
      "createdUserId": "1217587e-94d3-4d46-b9e3-9ad63e50a6a1",
      "updatedUserId": "1217587e-94d3-4d46-b9e3-9ad63e50a6a1"
    }
  ],
  "botMessages": [
    {
      "channelContent": {
        "web": {
          "contentFormat": "Markdown",
          "content": "Para exportar o rastreamento de tempo da sua equipa para fins de documentação pode exportar relatórios do relógio de tempo de turnos para um ficheiro de Excel, pelos seguintes passos:\n\n1.  Em turnos, aceda a **configurações**, scroll para baixo até **relógio de tempo** e clique em **Exportar**.\n2.  Escolha as datas de início e conclusão do relatório que quer exportar.\n3.  Clique em **Exportar**\n4.  Atribua um nome ao ficheiro, clique em **salvar** e um ficheiro do Excel será gerado.\n\nPara mais Informações, clique [aqui](https://support.microsoft.com/pt-br/office/exportar-relat%C3%B3rios-de-tempo-em-turnos-c3b06e42-3ad2-4b88-87a0-4e481d432110).\n\nPara consultar toda a informação sobre a aplicação do Turnos, clique [aqui](https://support.microsoft.com/pt-br/office/aplicativos-e-servi%c3%a7os-cc1fba57-9900-4634-8306-2360a40c665b?ui=pt-BR&rs=pt-BR&ad=BR#PickTab=Shifts)."
        }
      },
      "id": "7ea197b0-c5f5-4e55-a33a-bb89305048c4",
      "createdTime": "2023-01-03T15:01:56.712Z",
      "updatedTime": "2023-01-03T15:01:56.712Z"
    }
  ]
}