{
  "intents": [
    {
      "intentType": "Regular",
      "triggerQueries": [
        "How do I use Whiteboard in Teams?"
      ],
      "dialogId": "new_topic_4f996f8ed5b64500a6d59fe6e40d6212",
      "isTriggeringEnabled": true,
      "id": "new_topic_4f996f8ed5b64500a6d59fe6e40d6212",
      "displayName": "How do I use Whiteboard in Teams?",
      "description": "https://adoptbotv2kb.blob.core.windows.net/%24web/AdoptBot2021-English.docx",
      "createdTime": "2021-01-21T11:36:41.843367Z",
      "updatedTime": "2021-01-21T11:42:48.1235022Z",
      "createdUserId": "aaefd11d-4a6f-43de-b8d1-f4d839285950",
      "updatedUserId": "aaefd11d-4a6f-43de-b8d1-f4d839285950"
    }
  ],
  "dialogs": [
    {
      "rootNodeId": "fc5428b8-c2e9-4cfd-b679-222c4046b7d8",
      "messageNodes": [
        {
          "botMessageId": "2b04d997-031b-448e-a79a-046fc8a19a8c",
          "nodeType": "BotMessageNode",
          "id": "fc5428b8-c2e9-4cfd-b679-222c4046b7d8",
          "defaultTargetNodeId": "2120db55-4d57-4571-acb4-626036849353"
        }
      ],
      "dialogChangeNodes": [
        {
          "targetDialogId": "new_topic_a96de8db0acd41edb5a2e60fb0d93441_aeabea4d071f415c8c107e1cb7af5424_assumedsuccess",
          "nodeType": "DialogChangeNode",
          "id": "2120db55-4d57-4571-acb4-626036849353"
        }
      ],
      "id": "new_topic_4f996f8ed5b64500a6d59fe6e40d6212",
      "displayName": "Dialog for How do I use Whiteboard in Teams?",
      "createdTime": "2021-01-21T11:36:41.843367Z",
      "updatedTime": "2021-01-21T11:36:41.843367Z",
      "createdUserId": "aaefd11d-4a6f-43de-b8d1-f4d839285950",
      "updatedUserId": "aaefd11d-4a6f-43de-b8d1-f4d839285950"
    }
  ],
  "botMessages": [
    {
      "channelContent": {
        "web": {
          "contentFormat": "Markdown",
          "content": "There are two ways you can whiteboard in Teams: use Microsoft Whiteboard or Freehand by Invision.\r\n\r\nUse Microsoft Whiteboard\r\n\r\nEach Teams meeting has a dedicated whiteboard where participants have space to sketch together.\r\n\r\nFor detailed info about using Whiteboard in Teams, see [Use Whiteboard in Microsoft Teams](https://support.microsoft.com/en-us/office/7a6e7218-e9dc-4ccc-89aa-b1a0bb9c31ee) .\r\n\r\nUse Freehand by Invision\r\n\r\nFreehand is a whiteboarding tool from Invision that you can use in meetings to sketch with other participants.\r\n\r\nTo use Freehand in a meeting, click Share in your meeting controls, then click Freehand by Invision in the Whiteboard section. As the sharer, you'll need to sign in with your Invision account.\r\n\r\nThen, you can begin sketching and sharing with participants.\r\n\r\nOnce you've shared a whiteboard, the meeting will have a whiteboard tab so participants can easily reference it later.\r\n\r\nNote:\r\n\r\nThis feature is only available if an admin has enabled it."
        }
      },
      "id": "2b04d997-031b-448e-a79a-046fc8a19a8c",
      "createdTime": "2021-01-21T11:36:41.843367Z",
      "updatedTime": "2021-01-21T11:36:41.843367Z",
      "createdUserId": "aaefd11d-4a6f-43de-b8d1-f4d839285950",
      "updatedUserId": "aaefd11d-4a6f-43de-b8d1-f4d839285950"
    }
  ]
}