{
  "intents": [
    {
      "triggerQueries": [
        "How do I @mention the entire team?"
      ],
      "dialogId": "new_topic_6be5de608e6a4673917a3d0c1930835c",
      "isTriggeringEnabled": true,
      "id": "new_topic_6be5de608e6a4673917a3d0c1930835c",
      "displayName": "How do I @mention the entire team?",
      "description": "https://hickweb.blob.core.windows.net/$web/AdoptBot/AdoptBot2022-English.docx",
      "createdTime": "2022-03-02T14:57:19.3513008Z",
      "updatedTime": "2022-03-02T14:58:30.5388846Z",
      "createdUserId": "3e27f02e-042d-4f0e-be03-083d03c89917",
      "updatedUserId": "3e27f02e-042d-4f0e-be03-083d03c89917"
    }
  ],
  "dialogs": [
    {
      "rootNodeId": "d4634a52-620c-429a-a351-507706a6c8d0",
      "messageNodes": [
        {
          "botMessageId": "bc9b3ade-5cb3-4ba7-829b-8735e782cb77",
          "nodeType": "BotMessageNode",
          "id": "d4634a52-620c-429a-a351-507706a6c8d0",
          "defaultTargetNodeId": "3eda9cb6-6f5c-42da-a75b-4c2ff47adf90"
        }
      ],
      "dialogChangeNodes": [
        {
          "targetDialogId": "new_topic_f3954ff416624052b3434952b36c18d0_aeabea4d071f415c8c107e1cb7af5424_assumedsuccess",
          "nodeType": "DialogChangeNode",
          "id": "3eda9cb6-6f5c-42da-a75b-4c2ff47adf90"
        }
      ],
      "id": "new_topic_6be5de608e6a4673917a3d0c1930835c",
      "displayName": "How do I @mention the entire team?",
      "createdTime": "2022-03-02T14:57:08.4602637Z",
      "createdUserId": "3e27f02e-042d-4f0e-be03-083d03c89917"
    }
  ],
  "botMessages": [
    {
      "channelContent": {
        "web": {
          "contentFormat": "Markdown",
          "content": "To get everyone’s attention in the team  @ mention the team name. Just type @ before the team name,  and then select the team from the menu that appears.\r\n\r\nBy @team name,  all members of the team receive a notification. The type of notification depends on each  individual's  settings. Use this option sparingly because it is like using “reply all” in e-mail."
        }
      },
      "id": "bc9b3ade-5cb3-4ba7-829b-8735e782cb77"
    }
  ]
}