{
  "intents": [
    {
      "triggerQueries": [
        "Quais as vantages de entrar em uma reunião com o meu telemóvel?",
        "Quais são os benefícios videochamadas no dispositivo móvel?"
      ],
      "dialogId": "new_topic_d5d6b119f22e4085a31e97f002d634db",
      "isTriggeringEnabled": true,
      "id": "new_topic_d5d6b119f22e4085a31e97f002d634db",
      "displayName": "Quais são os benefícios videochamadas no dispositivo móvel?",
      "createdTime": "2022-12-30T14:09:40.3030871Z",
      "updatedTime": "2022-12-30T14:09:50.1782676Z",
      "createdUserId": "1217587e-94d3-4d46-b9e3-9ad63e50a6a1",
      "updatedUserId": "1217587e-94d3-4d46-b9e3-9ad63e50a6a1"
    }
  ],
  "dialogs": [
    {
      "rootNodeId": "8663a48f-af7d-4cf5-a65b-49a76a04c340",
      "messageNodes": [
        {
          "botMessageId": "0d826125-b379-48fb-bf57-d57266ee8301",
          "nodeType": "BotMessageNode",
          "id": "8663a48f-af7d-4cf5-a65b-49a76a04c340",
          "defaultTargetNodeId": "a5978cc3-8edf-4dfa-a3eb-9299e7fa086b"
        }
      ],
      "dialogChangeNodes": [
        {
          "targetDialogId": "new_topic_e347a2395e634a7880736d574ee58956_aeabea4d071f415c8c107e1cb7af5424_assumedsuccess",
          "nodeType": "DialogChangeNode",
          "id": "a5978cc3-8edf-4dfa-a3eb-9299e7fa086b"
        }
      ],
      "id": "new_topic_d5d6b119f22e4085a31e97f002d634db",
      "displayName": "Untitled",
      "createdTime": "2022-12-30T14:09:40.3030871Z",
      "updatedTime": "2022-12-30T14:09:50.1782676Z",
      "createdUserId": "1217587e-94d3-4d46-b9e3-9ad63e50a6a1",
      "updatedUserId": "1217587e-94d3-4d46-b9e3-9ad63e50a6a1"
    }
  ],
  "botMessages": [
    {
      "channelContent": {
        "web": {
          "contentFormat": "Markdown",
          "content": "Aceder a uma reunião a partir do dispositivo móvel é muito útil quando as pessoas estão na estrada, por exemplo, e não podem assistir através do portátil.\n\nMas há outros cenários em que utilizar um telefone para assistir a uma reunião do Microsoft Teams pode ser uma opção melhor do que utilizar uma aplicação num computador: a conectividade da Internet é limitada, ou quando uma reunião tem apenas áudio, e para as pessoas poderem juntar-se a uma reunião de mãos livres usando dispositivos Bluetooth.\n\nAlgumas pessoas podem achar que é mais fácil e conveniente para a sua situação."
        }
      },
      "id": "0d826125-b379-48fb-bf57-d57266ee8301",
      "createdTime": "2022-12-30T14:09:08.141Z",
      "updatedTime": "2022-12-30T14:09:08.141Z"
    }
  ]
}