{
  "intents": [
    {
      "triggerQueries": [
        "Delete a sent message?"
      ],
      "dialogId": "new_topic_22e041f5b24a4e9e960c14dbdba1676f",
      "isTriggeringEnabled": true,
      "id": "new_topic_22e041f5b24a4e9e960c14dbdba1676f",
      "displayName": "Delete a sent message?",
      "description": "https://adoptbotv2kb.blob.core.windows.net/%24web/AdoptBot2021-English.docx",
      "createdTime": "2021-01-21T11:36:41.8423699Z",
      "updatedTime": "2021-01-21T11:44:30.5349726Z",
      "createdUserId": "aaefd11d-4a6f-43de-b8d1-f4d839285950",
      "updatedUserId": "aaefd11d-4a6f-43de-b8d1-f4d839285950"
    }
  ],
  "dialogs": [
    {
      "rootNodeId": "027616b3-9fa7-42fb-938d-015644743f86",
      "messageNodes": [
        {
          "botMessageId": "8ef88b87-576b-4b90-b70e-1f4e26c27e0b",
          "nodeType": "BotMessageNode",
          "id": "027616b3-9fa7-42fb-938d-015644743f86",
          "defaultTargetNodeId": "5c004dc9-b2f5-4bfb-9a6b-a8cb8895e334"
        }
      ],
      "dialogChangeNodes": [
        {
          "targetDialogId": "new_topic_a96de8db0acd41edb5a2e60fb0d93441_aeabea4d071f415c8c107e1cb7af5424_assumedsuccess",
          "nodeType": "DialogChangeNode",
          "id": "5c004dc9-b2f5-4bfb-9a6b-a8cb8895e334"
        }
      ],
      "id": "new_topic_22e041f5b24a4e9e960c14dbdba1676f",
      "displayName": "Dialog for Delete a sent message?",
      "createdTime": "2021-01-21T11:36:41.8423699Z",
      "updatedTime": "2021-01-21T11:36:41.8423699Z",
      "createdUserId": "aaefd11d-4a6f-43de-b8d1-f4d839285950",
      "updatedUserId": "aaefd11d-4a6f-43de-b8d1-f4d839285950"
    }
  ],
  "botMessages": [
    {
      "channelContent": {
        "web": {
          "contentFormat": "Markdown",
          "content": "If you need to [undo and delete something you just sent](https://support.microsoft.com/en-us/office/redigera-eller-ta-bort-ett-skickat-meddelande-i-teams-5f1fe604-a900-4a07-b8b7-8cf70ed6b263?ui=sv-SE&rs=sv-SE&ad=SE) ,go to the message and select More options on the three dots \"...\"&gt; Delete(the trashcan).\r\n\r\nIf you haven't sent the message yet, select Format (A with pen) to expand the box. Then select Delete (the trashcan)."
        }
      },
      "id": "8ef88b87-576b-4b90-b70e-1f4e26c27e0b",
      "createdTime": "2021-01-21T11:36:41.8423699Z",
      "updatedTime": "2021-01-21T11:36:41.8423699Z",
      "createdUserId": "aaefd11d-4a6f-43de-b8d1-f4d839285950",
      "updatedUserId": "aaefd11d-4a6f-43de-b8d1-f4d839285950"
    }
  ],
  "createdUtc": "0001-01-01T00:00:00Z"
}