{
  "intents": [
    {
      "intentType": "Regular",
      "triggerQueries": [
        "Which in-meeting dial-pad commands are supported?"
      ],
      "dialogId": "new_topic_405d11106bdd4ea28054a1f747eadda8",
      "isTriggeringEnabled": true,
      "id": "new_topic_405d11106bdd4ea28054a1f747eadda8",
      "displayName": "Which in-meeting dial-pad commands are supported?",
      "description": "https://adoptbotv2kb.blob.core.windows.net/%24web/AdoptBot2021-English.docx",
      "createdTime": "2021-01-21T11:36:41.843367Z",
      "updatedTime": "2021-01-21T11:39:55.2506277Z",
      "createdUserId": "aaefd11d-4a6f-43de-b8d1-f4d839285950",
      "updatedUserId": "aaefd11d-4a6f-43de-b8d1-f4d839285950"
    }
  ],
  "dialogs": [
    {
      "rootNodeId": "229277e5-2039-4569-b758-b605dea4e425",
      "messageNodes": [
        {
          "botMessageId": "e2a0b65e-aab9-4e5a-9897-5849005a5439",
          "nodeType": "BotMessageNode",
          "id": "229277e5-2039-4569-b758-b605dea4e425",
          "defaultTargetNodeId": "3e393e02-ca6f-4b28-88da-148fafdf97aa"
        }
      ],
      "dialogChangeNodes": [
        {
          "targetDialogId": "new_topic_a96de8db0acd41edb5a2e60fb0d93441_aeabea4d071f415c8c107e1cb7af5424_assumedsuccess",
          "nodeType": "DialogChangeNode",
          "id": "3e393e02-ca6f-4b28-88da-148fafdf97aa"
        }
      ],
      "id": "new_topic_405d11106bdd4ea28054a1f747eadda8",
      "displayName": "Dialog for Which in-meeting dial-pad commands are supported?",
      "createdTime": "2021-01-21T11:36:41.843367Z",
      "updatedTime": "2021-01-21T11:36:41.843367Z",
      "createdUserId": "aaefd11d-4a6f-43de-b8d1-f4d839285950",
      "updatedUserId": "aaefd11d-4a6f-43de-b8d1-f4d839285950"
    }
  ],
  "botMessages": [
    {
      "channelContent": {
        "web": {
          "contentFormat": "Markdown",
          "content": "\\*6 (Mute/Unmute Yourself)\r\n\r\n\\*1 (Plays the keypad commands descriptions available)"
        }
      },
      "id": "e2a0b65e-aab9-4e5a-9897-5849005a5439",
      "createdTime": "2021-01-21T11:36:41.843367Z",
      "updatedTime": "2021-01-21T11:36:41.843367Z",
      "createdUserId": "aaefd11d-4a6f-43de-b8d1-f4d839285950",
      "updatedUserId": "aaefd11d-4a6f-43de-b8d1-f4d839285950"
    }
  ]
}