{
  "intents": [
    {
      "intentType": "Regular",
      "triggerQueries": [
        "Is it possible to get individual user’s attention in a channel?"
      ],
      "dialogId": "new_topic_e3c1f5edf34c462fbc4b20dbfc69f404",
      "isTriggeringEnabled": true,
      "id": "new_topic_e3c1f5edf34c462fbc4b20dbfc69f404",
      "displayName": "Is it possible to get individual user’s attention in a channel?",
      "description": "https://adoptbotv2kb.blob.core.windows.net/%24web/AdoptBot2021-English.docx",
      "createdTime": "2021-01-21T11:36:41.843367Z",
      "updatedTime": "2021-01-21T11:40:35.6219333Z",
      "createdUserId": "aaefd11d-4a6f-43de-b8d1-f4d839285950",
      "updatedUserId": "aaefd11d-4a6f-43de-b8d1-f4d839285950"
    }
  ],
  "dialogs": [
    {
      "rootNodeId": "585fe1f4-ea23-47bb-bbff-e3c4ef27d188",
      "messageNodes": [
        {
          "botMessageId": "5d5be047-84ba-4df1-96df-2afb5e11cae2",
          "nodeType": "BotMessageNode",
          "id": "585fe1f4-ea23-47bb-bbff-e3c4ef27d188",
          "defaultTargetNodeId": "173eedde-a96c-4c50-a3bc-a5a68ba9efd5"
        }
      ],
      "dialogChangeNodes": [
        {
          "targetDialogId": "new_topic_a96de8db0acd41edb5a2e60fb0d93441_aeabea4d071f415c8c107e1cb7af5424_assumedsuccess",
          "nodeType": "DialogChangeNode",
          "id": "173eedde-a96c-4c50-a3bc-a5a68ba9efd5"
        }
      ],
      "id": "new_topic_e3c1f5edf34c462fbc4b20dbfc69f404",
      "displayName": "Dialog for Is it possible to get individual user’s attention in a channel?",
      "createdTime": "2021-01-21T11:36:41.843367Z",
      "updatedTime": "2021-01-21T11:36:41.843367Z",
      "createdUserId": "aaefd11d-4a6f-43de-b8d1-f4d839285950",
      "updatedUserId": "aaefd11d-4a6f-43de-b8d1-f4d839285950"
    }
  ],
  "botMessages": [
    {
      "channelContent": {
        "web": {
          "contentFormat": "Markdown",
          "content": "To get someone's attention in a channel conversation or a chat, @mention them.\r\n\r\nJust type @ before their name and select them from the list that appears. By using @team in a conversation, each member of the team receives an alert. The type of notification depends on each individual's settings.\r\n\r\nTip: You can also mention someone simply by typing their name and choosing their alias. Start by typing the first name and as you continue typing, the person or a list of matching people will be displayed. Choose the person you want to @mention."
        }
      },
      "id": "5d5be047-84ba-4df1-96df-2afb5e11cae2",
      "createdTime": "2021-01-21T11:36:41.843367Z",
      "updatedTime": "2021-01-21T11:36:41.843367Z",
      "createdUserId": "aaefd11d-4a6f-43de-b8d1-f4d839285950",
      "updatedUserId": "aaefd11d-4a6f-43de-b8d1-f4d839285950"
    }
  ]
}