{
  "intents": [
    {
      "triggerQueries": [
        "Quais as funcionalidade de acessibilidade do Teams?",
        "O Teams tem funçoes de suporte a acessibilidade?",
        "O que o Teams proporciona em termos de acessibilidade?",
        "Quais são as opções de acessibilidade do Teams?",
        "Existe um suporte de acessibilidade disponível no Teams?"
      ],
      "dialogId": "new_topic_0ce933dc67be4eb18d1fb3730a74e954",
      "isTriggeringEnabled": true,
      "id": "new_topic_0ce933dc67be4eb18d1fb3730a74e954",
      "displayName": "Existe um suporte de acessibilidade disponível no Teams?",
      "createdTime": "2023-01-03T12:33:11.4275952Z",
      "updatedTime": "2023-01-03T12:33:11.4275952Z",
      "createdUserId": "1217587e-94d3-4d46-b9e3-9ad63e50a6a1",
      "updatedUserId": "1217587e-94d3-4d46-b9e3-9ad63e50a6a1"
    }
  ],
  "dialogs": [
    {
      "rootNodeId": "b3761fa4-f2b0-40d0-99c4-1474a772b672",
      "messageNodes": [
        {
          "botMessageId": "220fe5e0-3a73-4124-9151-8add5162d05f",
          "nodeType": "BotMessageNode",
          "id": "b3761fa4-f2b0-40d0-99c4-1474a772b672",
          "defaultTargetNodeId": "3e5d99db-c699-4fa8-b897-22511f6f5e3f"
        }
      ],
      "dialogChangeNodes": [
        {
          "targetDialogId": "new_topic_e347a2395e634a7880736d574ee58956_aeabea4d071f415c8c107e1cb7af5424_assumedsuccess",
          "nodeType": "DialogChangeNode",
          "id": "3e5d99db-c699-4fa8-b897-22511f6f5e3f"
        }
      ],
      "id": "new_topic_0ce933dc67be4eb18d1fb3730a74e954",
      "displayName": "Untitled",
      "createdTime": "2023-01-03T12:33:11.4275952Z",
      "updatedTime": "2023-01-03T12:33:11.4275952Z",
      "createdUserId": "1217587e-94d3-4d46-b9e3-9ad63e50a6a1",
      "updatedUserId": "1217587e-94d3-4d46-b9e3-9ad63e50a6a1"
    }
  ],
  "botMessages": [
    {
      "channelContent": {
        "web": {
          "contentFormat": "Markdown",
          "content": "O Teams proporciona acessibilidade e apoio para que todos se encontrem, conversem e colaborem inclusivamente com o Teams. [Aqui encontrará uma visão geral atualizada](https://support.microsoft.com/en-us/office/%C3%B6versikt-%C3%B6ver-hj%C3%A4lpmedel-i-microsoft-teams-2d4009e7-1300-4766-87e8-7a217496c3d5) da acessibilidade [d](https://support.microsoft.com/en-us/office/%C3%B6versikt-%C3%B6ver-hj%C3%A4lpmedel-i-microsoft-teams-2d4009e7-1300-4766-87e8-7a217496c3d5)o Teams.\n\nUm exemplo fantástico é o [Leitor Imersivo no Teams.](https://support.microsoft.com/en-us/office/anv%C3%A4nda-avancerad-l%C3%A4sare-i-microsoft-teams-a700c0d0-bc53-4696-a94d-4fbc86ac7a9a)\n\nSe desejar que o texto seja lido em voz alta ou fale uma língua diferente, pode fazer texto em Equipas que lhe convém. Color, forma, tamanho podem ser adaptados às suas preferências, o que, por exemplo, facilita para pessoas com dislexia e dificuldades de aprendizagem. \n\nO dicionário de imagens, o foco de linha e as aulas de palavras também estão disponíveis para suporte visual.\n\nEm qualquer mensagem em Equipas, clique em **More options \"...\"** e selecione **Immersive Reader**."
        }
      },
      "id": "220fe5e0-3a73-4124-9151-8add5162d05f",
      "createdTime": "2023-01-03T12:32:12.208Z",
      "updatedTime": "2023-01-03T12:32:12.208Z"
    }
  ]
}