{
  "intents": [
    {
      "intentType": "Regular",
      "triggerQueries": [
        "What is SharePoint?"
      ],
      "dialogId": "new_topic_73f7b00d52cc48a198758dc0478c0d55",
      "isTriggeringEnabled": true,
      "id": "new_topic_73f7b00d52cc48a198758dc0478c0d55",
      "displayName": "What is SharePoint?",
      "description": "https://adoptbotv2kb.blob.core.windows.net/%24web/AdoptBot2021-English.docx",
      "createdTime": "2021-01-21T11:36:41.843367Z",
      "updatedTime": "2021-01-21T11:39:29.852913Z",
      "createdUserId": "aaefd11d-4a6f-43de-b8d1-f4d839285950",
      "updatedUserId": "aaefd11d-4a6f-43de-b8d1-f4d839285950"
    }
  ],
  "dialogs": [
    {
      "rootNodeId": "d19eba7b-417c-4853-9c4c-ee73cb06cc0c",
      "messageNodes": [
        {
          "botMessageId": "5b09aa18-1063-4d13-9661-a9f07ccfbe3c",
          "nodeType": "BotMessageNode",
          "id": "d19eba7b-417c-4853-9c4c-ee73cb06cc0c",
          "defaultTargetNodeId": "3cffa347-4611-4b96-adba-821ee72f175b"
        }
      ],
      "dialogChangeNodes": [
        {
          "targetDialogId": "new_topic_a96de8db0acd41edb5a2e60fb0d93441_aeabea4d071f415c8c107e1cb7af5424_assumedsuccess",
          "nodeType": "DialogChangeNode",
          "id": "3cffa347-4611-4b96-adba-821ee72f175b"
        }
      ],
      "id": "new_topic_73f7b00d52cc48a198758dc0478c0d55",
      "displayName": "Dialog for What is SharePoint?",
      "createdTime": "2021-01-21T11:36:41.843367Z",
      "updatedTime": "2021-01-21T11:36:41.843367Z",
      "createdUserId": "aaefd11d-4a6f-43de-b8d1-f4d839285950",
      "updatedUserId": "aaefd11d-4a6f-43de-b8d1-f4d839285950"
    }
  ],
  "botMessages": [
    {
      "channelContent": {
        "web": {
          "contentFormat": "Markdown",
          "content": "SharePoint is used by organizations to create websites. You can use SharePoint as a secure place to store, organize, share, and access information from almost any device. All you need is a web browser.\r\n\r\n[See the full list of SharePoint capabilities.](https://support.office.com/en-za/article/What-is-SharePoint--97b915e6-651b-43b2-827d-fb25777f446f)"
        }
      },
      "id": "5b09aa18-1063-4d13-9661-a9f07ccfbe3c",
      "createdTime": "2021-01-21T11:36:41.843367Z",
      "updatedTime": "2021-01-21T11:36:41.843367Z",
      "createdUserId": "aaefd11d-4a6f-43de-b8d1-f4d839285950",
      "updatedUserId": "aaefd11d-4a6f-43de-b8d1-f4d839285950"
    }
  ]
}