{
  "intents": [
    {
      "intentType": "Regular",
      "triggerQueries": [
        "Will Office be identical on a PC, Mac, and mobile device?"
      ],
      "dialogId": "new_topic_6225ecb754bc45ba97e78881ddc444cc",
      "isTriggeringEnabled": true,
      "id": "new_topic_6225ecb754bc45ba97e78881ddc444cc",
      "displayName": "Will Office be identical on a PC, Mac, and mobile device?",
      "description": "https://adoptbotv2kb.blob.core.windows.net/%24web/AdoptBot2021-English.docx",
      "createdTime": "2021-01-21T11:36:41.843367Z",
      "updatedTime": "2021-01-21T11:39:31.5686344Z",
      "createdUserId": "aaefd11d-4a6f-43de-b8d1-f4d839285950",
      "updatedUserId": "aaefd11d-4a6f-43de-b8d1-f4d839285950"
    }
  ],
  "dialogs": [
    {
      "rootNodeId": "47d80a15-551a-4911-bda3-1a22a35649c3",
      "messageNodes": [
        {
          "botMessageId": "4bef2034-83a3-4ff9-b593-9840032df39b",
          "nodeType": "BotMessageNode",
          "id": "47d80a15-551a-4911-bda3-1a22a35649c3",
          "defaultTargetNodeId": "fed77d15-7a0d-4126-b1bc-303580674c8b"
        }
      ],
      "dialogChangeNodes": [
        {
          "targetDialogId": "new_topic_a96de8db0acd41edb5a2e60fb0d93441_aeabea4d071f415c8c107e1cb7af5424_assumedsuccess",
          "nodeType": "DialogChangeNode",
          "id": "fed77d15-7a0d-4126-b1bc-303580674c8b"
        }
      ],
      "id": "new_topic_6225ecb754bc45ba97e78881ddc444cc",
      "displayName": "Dialog for Will Office be identical on a PC, Mac, and mobile device?",
      "createdTime": "2021-01-21T11:36:41.843367Z",
      "updatedTime": "2021-01-21T11:36:41.843367Z",
      "createdUserId": "aaefd11d-4a6f-43de-b8d1-f4d839285950",
      "updatedUserId": "aaefd11d-4a6f-43de-b8d1-f4d839285950"
    }
  ],
  "botMessages": [
    {
      "channelContent": {
        "web": {
          "contentFormat": "Markdown",
          "content": "Office applications are tailored to work best on each platform and device. The Office applications available to Mac users or on your phone and version numbers may be different from those available to PC users."
        }
      },
      "id": "4bef2034-83a3-4ff9-b593-9840032df39b",
      "createdTime": "2021-01-21T11:36:41.843367Z",
      "updatedTime": "2021-01-21T11:36:41.843367Z",
      "createdUserId": "aaefd11d-4a6f-43de-b8d1-f4d839285950",
      "updatedUserId": "aaefd11d-4a6f-43de-b8d1-f4d839285950"
    }
  ]
}