{
  "intents": [
    {
      "triggerQueries": [
        "Can I schedule a meeting directly from Teams?"
      ],
      "dialogId": "new_topic_9fa101b24821457aafac7a0f448f9484",
      "isTriggeringEnabled": true,
      "id": "new_topic_9fa101b24821457aafac7a0f448f9484",
      "displayName": "Can I schedule a meeting directly from Teams?",
      "description": "https://hickweb.blob.core.windows.net/$web/AdoptBot/AdoptBot2022-English.docx",
      "createdTime": "2022-03-02T14:57:19.3513008Z",
      "updatedTime": "2022-03-02T14:58:26.4764672Z",
      "createdUserId": "3e27f02e-042d-4f0e-be03-083d03c89917",
      "updatedUserId": "3e27f02e-042d-4f0e-be03-083d03c89917"
    }
  ],
  "dialogs": [
    {
      "rootNodeId": "f03cf463-42b3-4888-8916-2e384bad5389",
      "messageNodes": [
        {
          "botMessageId": "6d47085f-7cd7-41ce-8ac0-3cf013619237",
          "nodeType": "BotMessageNode",
          "id": "f03cf463-42b3-4888-8916-2e384bad5389",
          "defaultTargetNodeId": "fd92bd37-4d98-48a4-8641-9f692dee81f7"
        }
      ],
      "dialogChangeNodes": [
        {
          "targetDialogId": "new_topic_f3954ff416624052b3434952b36c18d0_aeabea4d071f415c8c107e1cb7af5424_assumedsuccess",
          "nodeType": "DialogChangeNode",
          "id": "fd92bd37-4d98-48a4-8641-9f692dee81f7"
        }
      ],
      "id": "new_topic_9fa101b24821457aafac7a0f448f9484",
      "displayName": "Can I schedule a meeting directly from Teams?",
      "createdTime": "2022-03-02T14:57:08.4602637Z",
      "createdUserId": "3e27f02e-042d-4f0e-be03-083d03c89917"
    }
  ],
  "botMessages": [
    {
      "channelContent": {
        "web": {
          "contentFormat": "Markdown",
          "content": "Meetings can be configured either through Microsoft Teams or Outlook. The meeting will be seen the same way. You can try to [book your meeting directly in Teams!](https://support.microsoft.com/en-us/office/schemal%C3%A4gga-ett-m%C3%B6te-i-teams-943507a9-8583-4c58-b5d2-8ec8265e04e5)\r\n\r\nTo schedule a meeting directly from Teams:\r\n\r\n- From Teams, go to Calendar and click New meeting.\r\n- Select the people and/or channel you want to invite.\r\n- Use the Schedule Assistant to find a time that suits most people.\r\n- Choose how often you want the meeting to recur (if it’s a meeting series)\r\n\r\n\r\nTo schedule a meeting from Outlook:\r\n\r\n- On the Meeting tab in Outlook, select Teams Meeting in  the Outlook toolbar\r\n- Enter meeting details and use the Schedule Assistant to find an appropriate time.\r\n- Include a conference room, if relevant."
        }
      },
      "id": "6d47085f-7cd7-41ce-8ac0-3cf013619237"
    }
  ]
}