{
  "intents": [
    {
      "triggerQueries": [
        "How do I know if my device can run Office?"
      ],
      "dialogId": "new_topic_9bf7b63b5ee6492b8e9b1f46d3548294",
      "isTriggeringEnabled": true,
      "id": "new_topic_9bf7b63b5ee6492b8e9b1f46d3548294",
      "displayName": "How do I know if my device can run Office?",
      "description": "https://adoptbotv2kb.blob.core.windows.net/%24web/AdoptBot2021-English.docx",
      "createdTime": "2021-01-21T11:36:41.843367Z",
      "updatedTime": "2021-01-21T11:39:30.7236212Z",
      "createdUserId": "aaefd11d-4a6f-43de-b8d1-f4d839285950",
      "updatedUserId": "aaefd11d-4a6f-43de-b8d1-f4d839285950"
    }
  ],
  "dialogs": [
    {
      "rootNodeId": "fe09c70a-4927-4de3-b687-abfaec739a7c",
      "messageNodes": [
        {
          "botMessageId": "b45e92e0-b713-4287-96e7-a509018b4e49",
          "nodeType": "BotMessageNode",
          "id": "fe09c70a-4927-4de3-b687-abfaec739a7c",
          "defaultTargetNodeId": "ff9516fc-d8fd-4658-b4a1-f8f195e93afa"
        }
      ],
      "dialogChangeNodes": [
        {
          "targetDialogId": "new_topic_a96de8db0acd41edb5a2e60fb0d93441_aeabea4d071f415c8c107e1cb7af5424_assumedsuccess",
          "nodeType": "DialogChangeNode",
          "id": "ff9516fc-d8fd-4658-b4a1-f8f195e93afa"
        }
      ],
      "id": "new_topic_9bf7b63b5ee6492b8e9b1f46d3548294",
      "displayName": "Dialog for How do I know if my device can run Office?",
      "createdTime": "2021-01-21T11:36:41.843367Z",
      "updatedTime": "2021-01-21T11:36:41.843367Z",
      "createdUserId": "aaefd11d-4a6f-43de-b8d1-f4d839285950",
      "updatedUserId": "aaefd11d-4a6f-43de-b8d1-f4d839285950"
    }
  ],
  "botMessages": [
    {
      "channelContent": {
        "web": {
          "contentFormat": "Markdown",
          "content": "Office 365 is compatible  with Windows, Mac, iPhone, Android. For compatible versions of Windows and macOS, and for other feature requirements, see [System Requirements](https://products.office.com/en-us/office-system-requirements)"
        }
      },
      "id": "b45e92e0-b713-4287-96e7-a509018b4e49",
      "createdTime": "2021-01-21T11:36:41.843367Z",
      "updatedTime": "2021-01-21T11:36:41.843367Z",
      "createdUserId": "aaefd11d-4a6f-43de-b8d1-f4d839285950",
      "updatedUserId": "aaefd11d-4a6f-43de-b8d1-f4d839285950"
    }
  ],
  "createdUtc": "0001-01-01T00:00:00Z"
}