{
  "intents": [
    {
      "triggerQueries": [
        "Gravar reunião no Teams",
        "Como gravar uma reunião de Teams?",
        "Posso gravar reuniões de Teams?",
        "Como gravar reuniões no Teams?",
        "Gravação de reunião no Teams?"
      ],
      "dialogId": "new_topic_c3713cc2391248d89f2281705677cf3f",
      "isTriggeringEnabled": true,
      "id": "new_topic_c3713cc2391248d89f2281705677cf3f",
      "displayName": "Gravação de reunião no Teams?",
      "createdTime": "2023-01-03T12:11:01.4990944Z",
      "updatedTime": "2023-01-03T12:11:01.4990944Z",
      "createdUserId": "1217587e-94d3-4d46-b9e3-9ad63e50a6a1",
      "updatedUserId": "1217587e-94d3-4d46-b9e3-9ad63e50a6a1"
    }
  ],
  "dialogs": [
    {
      "rootNodeId": "84cfd18c-6efd-4cb2-a76e-8fd413993dab",
      "messageNodes": [
        {
          "botMessageId": "6d4eb13e-efab-4a5d-b1f9-c828739bc8f3",
          "nodeType": "BotMessageNode",
          "id": "84cfd18c-6efd-4cb2-a76e-8fd413993dab",
          "defaultTargetNodeId": "3e69ccec-64a3-4214-a782-7dbfff68d1b8"
        },
        {
          "botMessageId": "7f9ca7d1-8b68-4723-b1a4-9467b7fc94f7",
          "nodeType": "BotMessageNode",
          "id": "3e69ccec-64a3-4214-a782-7dbfff68d1b8",
          "defaultTargetNodeId": "da0146e0-eab5-4fb0-bcfb-11d57fce963d"
        }
      ],
      "dialogChangeNodes": [
        {
          "targetDialogId": "new_topic_e347a2395e634a7880736d574ee58956_aeabea4d071f415c8c107e1cb7af5424_assumedsuccess",
          "nodeType": "DialogChangeNode",
          "id": "da0146e0-eab5-4fb0-bcfb-11d57fce963d"
        }
      ],
      "id": "new_topic_c3713cc2391248d89f2281705677cf3f",
      "displayName": "Untitled",
      "createdTime": "2023-01-03T12:11:01.4990944Z",
      "updatedTime": "2023-01-03T12:11:01.4990944Z",
      "createdUserId": "1217587e-94d3-4d46-b9e3-9ad63e50a6a1",
      "updatedUserId": "1217587e-94d3-4d46-b9e3-9ad63e50a6a1"
    }
  ],
  "botMessages": [
    {
      "channelContent": {
        "web": {
          "contentFormat": "Markdown",
          "content": "No Microsoft Teams, os utilizadores podem gravar as suas reuniões de Teams e chamadas de grupo para armazenar atividade de partilha de áudio, vídeo e ecrã. Existe também uma opção para que as gravações tenham transcrição automática, para que os utilizadores possam reproduzir gravações de reuniões com legendas e procurar itens de discussão importantes na transcrição.\n\n_Nota: As gravações devem ser iniciadas manualmente, caso contrário nada é guardado a não ser informação partilhada no chat._\n\nConsulte este artigo para mais detalhes: [Gravação de reuniões](https://docs.microsoft.com/en-us/microsoftteams/cloud-recording#:~:text=Teams%20cloud%20meeting%20recording%201%20Prerequisites%20for%20Teams,4%20Compliance%20and%20eDiscovery%20for%20meeting%20recordings.%20) no Teams"
        }
      },
      "id": "6d4eb13e-efab-4a5d-b1f9-c828739bc8f3",
      "createdTime": "2023-01-03T12:09:45.373Z",
      "updatedTime": "2023-01-03T12:09:45.373Z"
    },
    {
      "channelContent": {
        "web": {
          "contentFormat": "Markdown",
          "content": "Para começar a gravar, vá a **Mais opções “...” e** selecione **Iniciar** **a gravação**. Todos na reunião são informados de que a gravação já começou e uma mensagem no chat confirma isso mesmo. Termine a gravação da mesma forma.\n\nLeia mais aqui: [Como gravar  reuniões no Microsoft Teams](https://support.microsoft.com/en-us/office/spela-in-ett-m%C3%B6te-i-teams-34dfbe7f-b07d-4a27-b4c6-de62f1348c24)"
        }
      },
      "id": "7f9ca7d1-8b68-4723-b1a4-9467b7fc94f7",
      "createdTime": "2023-01-03T12:10:59.571Z",
      "updatedTime": "2023-01-03T12:10:59.571Z",
      "createdUserId": "user-0",
      "updatedUserId": "user-0"
    }
  ]
}