{
  "intents": [
    {
      "intentType": "Regular",
      "triggerQueries": [
        "What is Exchange Online?"
      ],
      "dialogId": "new_topic_7f5acea57a3547b18bfc3b51e8da442b",
      "isTriggeringEnabled": true,
      "id": "new_topic_7f5acea57a3547b18bfc3b51e8da442b",
      "displayName": "What is Exchange Online?",
      "description": "https://adoptbotv2kb.blob.core.windows.net/%24web/AdoptBot2021-English.docx",
      "createdTime": "2021-01-21T11:36:41.843367Z",
      "updatedTime": "2021-01-21T11:41:47.5829164Z",
      "createdUserId": "aaefd11d-4a6f-43de-b8d1-f4d839285950",
      "updatedUserId": "aaefd11d-4a6f-43de-b8d1-f4d839285950"
    }
  ],
  "dialogs": [
    {
      "rootNodeId": "60aacb34-9880-45c3-99e3-754fa10803e4",
      "messageNodes": [
        {
          "botMessageId": "6568f328-32d1-4245-ae62-d306c5933bb8",
          "nodeType": "BotMessageNode",
          "id": "60aacb34-9880-45c3-99e3-754fa10803e4",
          "defaultTargetNodeId": "36fb1801-3754-4cb0-9ad6-366cadbfc185"
        }
      ],
      "dialogChangeNodes": [
        {
          "targetDialogId": "new_topic_a96de8db0acd41edb5a2e60fb0d93441_aeabea4d071f415c8c107e1cb7af5424_assumedsuccess",
          "nodeType": "DialogChangeNode",
          "id": "36fb1801-3754-4cb0-9ad6-366cadbfc185"
        }
      ],
      "id": "new_topic_7f5acea57a3547b18bfc3b51e8da442b",
      "displayName": "Dialog for What is Exchange Online?",
      "createdTime": "2021-01-21T11:36:41.843367Z",
      "updatedTime": "2021-01-21T11:36:41.843367Z",
      "createdUserId": "aaefd11d-4a6f-43de-b8d1-f4d839285950",
      "updatedUserId": "aaefd11d-4a6f-43de-b8d1-f4d839285950"
    }
  ],
  "botMessages": [
    {
      "channelContent": {
        "web": {
          "contentFormat": "Markdown",
          "content": "Exchange Online is part of Microsoft 365. It provides email and calendar. Click the Outlook icon in Office 365 to launch."
        }
      },
      "id": "6568f328-32d1-4245-ae62-d306c5933bb8",
      "createdTime": "2021-01-21T11:36:41.843367Z",
      "updatedTime": "2021-01-21T11:36:41.843367Z",
      "createdUserId": "aaefd11d-4a6f-43de-b8d1-f4d839285950",
      "updatedUserId": "aaefd11d-4a6f-43de-b8d1-f4d839285950"
    }
  ]
}