{
  "intents": [
    {
      "triggerQueries": [
        "What is a team member?"
      ],
      "dialogId": "new_topic_fc5842af1fd5477ca752494159cb6768",
      "isTriggeringEnabled": true,
      "id": "new_topic_fc5842af1fd5477ca752494159cb6768",
      "displayName": "What is a team member?",
      "description": "https://adoptbotv2kb.blob.core.windows.net/%24web/AdoptBot2021-English.docx",
      "createdTime": "2021-01-21T11:36:41.8423699Z",
      "updatedTime": "2021-01-21T11:44:09.5365699Z",
      "createdUserId": "aaefd11d-4a6f-43de-b8d1-f4d839285950",
      "updatedUserId": "aaefd11d-4a6f-43de-b8d1-f4d839285950"
    }
  ],
  "dialogs": [
    {
      "rootNodeId": "a0b1fe8a-cabc-4302-9f65-971407b3a828",
      "messageNodes": [
        {
          "botMessageId": "3f1d1c16-2398-4326-86c5-26306bee8a17",
          "nodeType": "BotMessageNode",
          "id": "a0b1fe8a-cabc-4302-9f65-971407b3a828",
          "defaultTargetNodeId": "22f856c4-3cd8-4cca-8e49-045510102674"
        }
      ],
      "dialogChangeNodes": [
        {
          "targetDialogId": "new_topic_a96de8db0acd41edb5a2e60fb0d93441_aeabea4d071f415c8c107e1cb7af5424_assumedsuccess",
          "nodeType": "DialogChangeNode",
          "id": "22f856c4-3cd8-4cca-8e49-045510102674"
        }
      ],
      "id": "new_topic_fc5842af1fd5477ca752494159cb6768",
      "displayName": "Dialog for What is a team member?",
      "createdTime": "2021-01-21T11:36:41.8423699Z",
      "updatedTime": "2021-01-21T11:36:41.8423699Z",
      "createdUserId": "aaefd11d-4a6f-43de-b8d1-f4d839285950",
      "updatedUserId": "aaefd11d-4a6f-43de-b8d1-f4d839285950"
    }
  ],
  "botMessages": [
    {
      "channelContent": {
        "web": {
          "contentFormat": "Markdown",
          "content": "People who team owners invite to join their team."
        }
      },
      "id": "3f1d1c16-2398-4326-86c5-26306bee8a17",
      "createdTime": "2021-01-21T11:36:41.8423699Z",
      "updatedTime": "2021-01-21T11:36:41.8423699Z",
      "createdUserId": "aaefd11d-4a6f-43de-b8d1-f4d839285950",
      "updatedUserId": "aaefd11d-4a6f-43de-b8d1-f4d839285950"
    }
  ],
  "createdUtc": "0001-01-01T00:00:00Z"
}