{
  "intents": [
    {
      "triggerQueries": [
        "What is Immersive Reader?"
      ],
      "dialogId": "new_topic_ab16af442e334540ace9bed9d5693496",
      "isTriggeringEnabled": true,
      "id": "new_topic_ab16af442e334540ace9bed9d5693496",
      "displayName": "What is Immersive Reader?",
      "description": "https://adoptbotv2kb.blob.core.windows.net/%24web/AdoptBot2021-English.docx",
      "createdTime": "2021-01-21T11:36:41.843367Z",
      "updatedTime": "2021-01-21T11:42:31.0616207Z",
      "createdUserId": "aaefd11d-4a6f-43de-b8d1-f4d839285950",
      "updatedUserId": "aaefd11d-4a6f-43de-b8d1-f4d839285950"
    }
  ],
  "dialogs": [
    {
      "rootNodeId": "00c1ac89-ff3e-4426-bb10-d1eb8933a5e8",
      "messageNodes": [
        {
          "botMessageId": "de4e70c3-9792-4437-8ad9-d1ab37dd2c92",
          "nodeType": "BotMessageNode",
          "id": "00c1ac89-ff3e-4426-bb10-d1eb8933a5e8",
          "defaultTargetNodeId": "4479a58f-e168-4d86-80be-6ee75afd4912"
        }
      ],
      "dialogChangeNodes": [
        {
          "targetDialogId": "new_topic_a96de8db0acd41edb5a2e60fb0d93441_aeabea4d071f415c8c107e1cb7af5424_assumedsuccess",
          "nodeType": "DialogChangeNode",
          "id": "4479a58f-e168-4d86-80be-6ee75afd4912"
        }
      ],
      "id": "new_topic_ab16af442e334540ace9bed9d5693496",
      "displayName": "Dialog for What is Immersive Reader?",
      "createdTime": "2021-01-21T11:36:41.843367Z",
      "updatedTime": "2021-01-21T11:36:41.843367Z",
      "createdUserId": "aaefd11d-4a6f-43de-b8d1-f4d839285950",
      "updatedUserId": "aaefd11d-4a6f-43de-b8d1-f4d839285950"
    }
  ],
  "botMessages": [
    {
      "channelContent": {
        "web": {
          "contentFormat": "Markdown",
          "content": "[Click here for a guide to](https://support.microsoft.com/en-us/office/anv%C3%A4nda-avancerad-l%C3%A4sare-i-microsoft-teams-a700c0d0-bc53-4696-a94d-4fbc86ac7a9a) Immersive [Reader in Team](https://support.microsoft.com/en-us/office/anv%C3%A4nda-avancerad-l%C3%A4sare-i-microsoft-teams-a700c0d0-bc53-4696-a94d-4fbc86ac7a9a) [s (with photos)](https://support.microsoft.com/en-us/office/anv%C3%A4nda-avancerad-l%C3%A4sare-i-microsoft-teams-a700c0d0-bc53-4696-a94d-4fbc86ac7a9a)\r\n\r\nIf you wish to have text read aloud or speak a different language, you can make text in Teams suit your needs. Color, shape, size can all be adapted to your preferences, which for example makes it easier for people with dyslexia and learning disabilities.\r\n\r\nPicture dictionary, line focus and word classes are also available for visual support.\r\n\r\nOn any message in Teams, click More options “...” and select Immersive Reader.\r\n\r\nTry this message for example. The settings are unique to you."
        }
      },
      "id": "de4e70c3-9792-4437-8ad9-d1ab37dd2c92",
      "createdTime": "2021-01-21T11:36:41.843367Z",
      "updatedTime": "2021-01-21T11:36:41.843367Z",
      "createdUserId": "aaefd11d-4a6f-43de-b8d1-f4d839285950",
      "updatedUserId": "aaefd11d-4a6f-43de-b8d1-f4d839285950"
    }
  ],
  "createdUtc": "0001-01-01T00:00:00Z"
}