{
  "intents": [
    {
      "triggerQueries": [
        "How do I remove someone from a group chat?"
      ],
      "dialogId": "new_topic_b3d45391dc6b449fb22fa52c4034d0b8",
      "isTriggeringEnabled": true,
      "id": "new_topic_b3d45391dc6b449fb22fa52c4034d0b8",
      "displayName": "How do I remove someone from a group chat?",
      "description": "https://hickweb.blob.core.windows.net/$web/AdoptBot/AdoptBot2022-English.docx",
      "createdTime": "2022-03-02T14:57:19.3356723Z",
      "updatedTime": "2022-03-02T15:00:14.4951544Z",
      "createdUserId": "3e27f02e-042d-4f0e-be03-083d03c89917",
      "updatedUserId": "3e27f02e-042d-4f0e-be03-083d03c89917"
    }
  ],
  "dialogs": [
    {
      "rootNodeId": "b552e553-a196-48be-a050-8ab6db1429e5",
      "messageNodes": [
        {
          "botMessageId": "603c68e7-eb9d-4d97-9f16-ea3a1de86a89",
          "nodeType": "BotMessageNode",
          "id": "b552e553-a196-48be-a050-8ab6db1429e5",
          "defaultTargetNodeId": "a38fb41b-c248-42d1-8703-0d5f59f2ba28"
        }
      ],
      "dialogChangeNodes": [
        {
          "targetDialogId": "new_topic_f3954ff416624052b3434952b36c18d0_aeabea4d071f415c8c107e1cb7af5424_assumedsuccess",
          "nodeType": "DialogChangeNode",
          "id": "a38fb41b-c248-42d1-8703-0d5f59f2ba28"
        }
      ],
      "id": "new_topic_b3d45391dc6b449fb22fa52c4034d0b8",
      "displayName": "How do I remove someone from a group chat?",
      "createdTime": "2022-03-02T14:57:08.4602637Z",
      "createdUserId": "3e27f02e-042d-4f0e-be03-083d03c89917"
    }
  ],
  "botMessages": [
    {
      "channelContent": {
        "web": {
          "contentFormat": "Markdown",
          "content": "You can [leave a group chat yourself or remove others from it.](https://support.microsoft.com/en-us/office/l%c3%a4mna-eller-ta-bort-n%c3%a5gon-fr%c3%a5n-en-gruppchatt-7db55a67-0ba4-4409-a399-5ed502a1d094?ui=en-us&rs=en-us&ad=se)\r\n\r\n1. Open a group chat with three or more people.\r\n2. Click the number of members, and then hover  over the person you want to remove.\r\n3. Select X  and confirm that you want to remove the participant from the chat."
        }
      },
      "id": "603c68e7-eb9d-4d97-9f16-ea3a1de86a89"
    }
  ]
}