{
  "intents": [
    {
      "triggerQueries": [
        "How do I join a meeting in Teams from my phone?"
      ],
      "dialogId": "new_topic_2ec97065614f427b9887c741d5360a9f",
      "isTriggeringEnabled": true,
      "id": "new_topic_2ec97065614f427b9887c741d5360a9f",
      "displayName": "How do I join a meeting in Teams from my phone?",
      "description": "https://hickweb.blob.core.windows.net/$web/AdoptBot/AdoptBot2022-English.docx",
      "createdTime": "2022-03-02T14:57:19.3513008Z",
      "updatedTime": "2022-03-02T14:58:12.4594046Z",
      "createdUserId": "3e27f02e-042d-4f0e-be03-083d03c89917",
      "updatedUserId": "3e27f02e-042d-4f0e-be03-083d03c89917"
    }
  ],
  "dialogs": [
    {
      "rootNodeId": "d2726c5f-7260-4b1f-a9b8-20476aaec8ad",
      "messageNodes": [
        {
          "botMessageId": "0e9f5738-cd48-4d6c-8424-cc5c90361238",
          "nodeType": "BotMessageNode",
          "id": "d2726c5f-7260-4b1f-a9b8-20476aaec8ad",
          "defaultTargetNodeId": "0c2ae930-8ed9-49d0-a5e1-e863ab2af885"
        }
      ],
      "dialogChangeNodes": [
        {
          "targetDialogId": "new_topic_f3954ff416624052b3434952b36c18d0_aeabea4d071f415c8c107e1cb7af5424_assumedsuccess",
          "nodeType": "DialogChangeNode",
          "id": "0c2ae930-8ed9-49d0-a5e1-e863ab2af885"
        }
      ],
      "id": "new_topic_2ec97065614f427b9887c741d5360a9f",
      "displayName": "How do I join a meeting in Teams from my phone?",
      "createdTime": "2022-03-02T14:57:08.4602637Z",
      "createdUserId": "3e27f02e-042d-4f0e-be03-083d03c89917"
    }
  ],
  "botMessages": [
    {
      "channelContent": {
        "web": {
          "contentFormat": "Markdown",
          "content": "From your mobile device, open the Teams app and tap the Calendar. Then click the Join button for the  desired meeting.  [See this link for more options](https://support.microsoft.com/en-us/office/ansluta-till-ett-m%C3%B6te-i-teams-1613bb53-f3fa-431e-85a9-d6a91e3468c9)"
        }
      },
      "id": "0e9f5738-cd48-4d6c-8424-cc5c90361238"
    }
  ]
}