{
  "intents": [
    {
      "triggerQueries": [
        "What are apps in Teams and why should I use them?"
      ],
      "dialogId": "new_topic_d473c84f4c57451ba2b5e69dc566019e",
      "isTriggeringEnabled": true,
      "id": "new_topic_d473c84f4c57451ba2b5e69dc566019e",
      "displayName": "What are apps in Teams and why should I use them?",
      "description": "https://hickweb.blob.core.windows.net/$web/AdoptBot/AdoptBot2022-English.docx",
      "createdTime": "2022-03-02T14:57:19.3356723Z",
      "updatedTime": "2022-03-02T15:00:16.8157619Z",
      "createdUserId": "3e27f02e-042d-4f0e-be03-083d03c89917",
      "updatedUserId": "3e27f02e-042d-4f0e-be03-083d03c89917"
    }
  ],
  "dialogs": [
    {
      "rootNodeId": "2867c409-acd2-40fa-acce-55b60ba1d526",
      "messageNodes": [
        {
          "botMessageId": "e2d0a907-2edf-4fdd-8e4e-4e9fa2eb7bf4",
          "nodeType": "BotMessageNode",
          "id": "2867c409-acd2-40fa-acce-55b60ba1d526",
          "defaultTargetNodeId": "6c01fe24-b38b-450f-bb95-dbc969de5df1"
        }
      ],
      "dialogChangeNodes": [
        {
          "targetDialogId": "new_topic_f3954ff416624052b3434952b36c18d0_aeabea4d071f415c8c107e1cb7af5424_assumedsuccess",
          "nodeType": "DialogChangeNode",
          "id": "6c01fe24-b38b-450f-bb95-dbc969de5df1"
        }
      ],
      "id": "new_topic_d473c84f4c57451ba2b5e69dc566019e",
      "displayName": "What are apps in Teams and why should I use them?",
      "createdTime": "2022-03-02T14:57:08.4602637Z",
      "createdUserId": "3e27f02e-042d-4f0e-be03-083d03c89917"
    }
  ],
  "botMessages": [
    {
      "channelContent": {
        "web": {
          "contentFormat": "Markdown",
          "content": "Apps help you find content from your favorite services and share it right in Teams. Here’s how:\r\n\r\nChat with a bot\r\n\r\nBots provide answers, updates, and assistance in a channel. You can chat with them to get help with task management, scheduling, and more.\r\n\r\nShare content on a tab\r\n\r\nTabs help you share content and functionality from a service in a channel. Connect to services like Excel, SharePoint, Zendesk, or a website of your choice.\r\n\r\nGet updates from a connector\r\n\r\nConnectors send updates and information directly to a channel. Get automatic updates from services like Twitter, RSS feeds, and GitHub.\r\n\r\nAdd rich content to your messages\r\n\r\nThese apps find content from different services and send it straight to a message. You can share things like weather reports, daily news, images, and videos with anyone you're talking to.\r\n\r\nGet or make an app\r\n\r\nGo to the Store to [add a bot, tab, connector, or messaging app](https://support.microsoft.com/en-us/office/add-an-app-to-microsoft-teams-b2217706-f7ed-4e64-8e96-c413afd02f77) to Teams. If you're interested, you can even [build your own custom app](https://aka.ms/microsoftteamsplatform) ."
        }
      },
      "id": "e2d0a907-2edf-4fdd-8e4e-4e9fa2eb7bf4"
    }
  ]
}