{
  "intents": [
    {
      "triggerQueries": [
        "How do I hide a channel?"
      ],
      "dialogId": "new_topic_907a914fbf7549c7bc7c010fc2283a06",
      "isTriggeringEnabled": true,
      "id": "new_topic_907a914fbf7549c7bc7c010fc2283a06",
      "displayName": "How do I hide a channel?",
      "description": "https://hickweb.blob.core.windows.net/$web/AdoptBot/AdoptBot2022-English.docx",
      "createdTime": "2022-03-02T14:57:19.3356723Z",
      "updatedTime": "2022-03-02T15:00:51.1529043Z",
      "createdUserId": "3e27f02e-042d-4f0e-be03-083d03c89917",
      "updatedUserId": "3e27f02e-042d-4f0e-be03-083d03c89917"
    }
  ],
  "dialogs": [
    {
      "rootNodeId": "046a2e00-6f23-407f-be45-4554dab9b93f",
      "messageNodes": [
        {
          "botMessageId": "0e152735-db89-49fc-8e74-897e095344b3",
          "nodeType": "BotMessageNode",
          "id": "046a2e00-6f23-407f-be45-4554dab9b93f",
          "defaultTargetNodeId": "2c46ac69-fc51-47f5-b0c6-94d2a925b779"
        }
      ],
      "dialogChangeNodes": [
        {
          "targetDialogId": "new_topic_f3954ff416624052b3434952b36c18d0_aeabea4d071f415c8c107e1cb7af5424_assumedsuccess",
          "nodeType": "DialogChangeNode",
          "id": "2c46ac69-fc51-47f5-b0c6-94d2a925b779"
        }
      ],
      "id": "new_topic_907a914fbf7549c7bc7c010fc2283a06",
      "displayName": "How do I hide a channel?",
      "createdTime": "2022-03-02T14:57:08.4602637Z",
      "createdUserId": "3e27f02e-042d-4f0e-be03-083d03c89917"
    }
  ],
  "botMessages": [
    {
      "channelContent": {
        "web": {
          "contentFormat": "Markdown",
          "content": "Go to the team name and click More options &gt; Hide."
        }
      },
      "id": "0e152735-db89-49fc-8e74-897e095344b3"
    }
  ]
}