{
  "intents": [
    {
      "intentType": "Regular",
      "triggerQueries": [
        "Can I customize the meeting experience in Teams?"
      ],
      "dialogId": "new_topic_fe6cafc1bd914a34b189b1e97452a295",
      "isTriggeringEnabled": true,
      "id": "new_topic_fe6cafc1bd914a34b189b1e97452a295",
      "displayName": "Can I customize the meeting experience in Teams?",
      "description": "https://adoptbotv2kb.blob.core.windows.net/%24web/AdoptBot2021-English.docx",
      "createdTime": "2021-01-21T11:36:41.843367Z",
      "updatedTime": "2021-01-21T11:43:03.7044366Z",
      "createdUserId": "aaefd11d-4a6f-43de-b8d1-f4d839285950",
      "updatedUserId": "aaefd11d-4a6f-43de-b8d1-f4d839285950"
    }
  ],
  "dialogs": [
    {
      "rootNodeId": "864ebec1-06ca-433c-9e22-696f67b6e889",
      "messageNodes": [
        {
          "botMessageId": "659faa5f-44a8-4e25-b32d-3ccc64c0791e",
          "nodeType": "BotMessageNode",
          "id": "864ebec1-06ca-433c-9e22-696f67b6e889",
          "defaultTargetNodeId": "5dc60f6e-39f5-4aef-910a-27b54e950131"
        }
      ],
      "dialogChangeNodes": [
        {
          "targetDialogId": "new_topic_a96de8db0acd41edb5a2e60fb0d93441_aeabea4d071f415c8c107e1cb7af5424_assumedsuccess",
          "nodeType": "DialogChangeNode",
          "id": "5dc60f6e-39f5-4aef-910a-27b54e950131"
        }
      ],
      "id": "new_topic_fe6cafc1bd914a34b189b1e97452a295",
      "displayName": "Dialog for Can I customize the meeting experience in Teams?",
      "createdTime": "2021-01-21T11:36:41.843367Z",
      "updatedTime": "2021-01-21T11:36:41.843367Z",
      "createdUserId": "aaefd11d-4a6f-43de-b8d1-f4d839285950",
      "updatedUserId": "aaefd11d-4a6f-43de-b8d1-f4d839285950"
    }
  ],
  "botMessages": [
    {
      "channelContent": {
        "web": {
          "contentFormat": "Markdown",
          "content": "There are several apps for Teams meetings available. They allow you to customize the meeting experience to fit your needs. [View apps designed to improve Teams meetings](https://www.microsoft.com/en-us/microsoft-teams/meetings-apps) .\r\n\r\nIf you’re a developer, you can [build your very own app for Teams meetings](https://docs.microsoft.com/en-us/microsoftteams/platform/apps-in-teams-meetings/teams-apps-in-meetings) ."
        }
      },
      "id": "659faa5f-44a8-4e25-b32d-3ccc64c0791e",
      "createdTime": "2021-01-21T11:36:41.843367Z",
      "updatedTime": "2021-01-21T11:36:41.843367Z",
      "createdUserId": "aaefd11d-4a6f-43de-b8d1-f4d839285950",
      "updatedUserId": "aaefd11d-4a6f-43de-b8d1-f4d839285950"
    }
  ]
}