{
  "intents": [
    {
      "triggerQueries": [
        "How do I edit a sent message?"
      ],
      "dialogId": "new_topic_9b87f0826f734b87ba7aad2628c41a24",
      "isTriggeringEnabled": true,
      "id": "new_topic_9b87f0826f734b87ba7aad2628c41a24",
      "displayName": "How do I edit a sent message?",
      "description": "https://hickweb.blob.core.windows.net/$web/AdoptBot/AdoptBot2022-English.docx",
      "createdTime": "2022-03-02T14:57:19.3513008Z",
      "updatedTime": "2022-03-02T14:58:31.9198217Z",
      "createdUserId": "3e27f02e-042d-4f0e-be03-083d03c89917",
      "updatedUserId": "3e27f02e-042d-4f0e-be03-083d03c89917"
    }
  ],
  "dialogs": [
    {
      "rootNodeId": "0c815836-7a9c-4945-9041-3ba3d828b473",
      "messageNodes": [
        {
          "botMessageId": "f2c9e4db-e34c-4fc4-84a4-9d4c2d7c366c",
          "nodeType": "BotMessageNode",
          "id": "0c815836-7a9c-4945-9041-3ba3d828b473",
          "defaultTargetNodeId": "2ca70958-7dad-429b-8001-ea7a54433bd4"
        }
      ],
      "dialogChangeNodes": [
        {
          "targetDialogId": "new_topic_f3954ff416624052b3434952b36c18d0_aeabea4d071f415c8c107e1cb7af5424_assumedsuccess",
          "nodeType": "DialogChangeNode",
          "id": "2ca70958-7dad-429b-8001-ea7a54433bd4"
        }
      ],
      "id": "new_topic_9b87f0826f734b87ba7aad2628c41a24",
      "displayName": "How do I edit a sent message?",
      "createdTime": "2022-03-02T14:57:08.4602637Z",
      "createdUserId": "3e27f02e-042d-4f0e-be03-083d03c89917"
    }
  ],
  "botMessages": [
    {
      "channelContent": {
        "web": {
          "contentFormat": "Markdown",
          "content": "You can edit any messages you've sent to a chat or channel. Go to the message and select More options &gt; Edit . Make changes to your message, and then press Enter to save the update. There is no limit to the number of times you can make changes to a sent message.\r\n\r\nNote: Some organizations or some teams may have disabled this option."
        }
      },
      "id": "f2c9e4db-e34c-4fc4-84a4-9d4c2d7c366c"
    }
  ]
}