{
  "intents": [
    {
      "endUserOverrideName": "O que é o Microsoft Teams e porque devo utilizá-lo?",
      "triggerQueries": [
        "porque utilizar o Teams?",
        "porque usar o Teams?",
        "o que é o microsoft Teams?",
        "O que é o Microsoft Teams e porque devo utilizá-lo?"
      ],
      "dialogId": "new_topic_c76d9a3d3ffa4e2c97bb56b355f3de7c",
      "isTriggeringEnabled": true,
      "id": "new_topic_c76d9a3d3ffa4e2c97bb56b355f3de7c",
      "displayName": "O que é o Microsoft Teams e porque devo utilizá-lo?",
      "createdTime": "2022-12-30T11:44:22.4965517Z",
      "updatedTime": "2022-12-30T11:46:31.0582837Z",
      "createdUserId": "1217587e-94d3-4d46-b9e3-9ad63e50a6a1",
      "updatedUserId": "1217587e-94d3-4d46-b9e3-9ad63e50a6a1"
    }
  ],
  "dialogs": [
    {
      "rootNodeId": "5f770060-6d19-45fb-b08d-c1a1cb9a23a8",
      "messageNodes": [
        {
          "botMessageId": "6db73cf1-b6f1-432a-acf1-0676d8092998",
          "nodeType": "BotMessageNode",
          "id": "5f770060-6d19-45fb-b08d-c1a1cb9a23a8",
          "defaultTargetNodeId": "cd560716-ed3d-4c3b-b0e7-4f3ba26fff7a"
        }
      ],
      "dialogChangeNodes": [
        {
          "targetDialogId": "new_topic_e347a2395e634a7880736d574ee58956_aeabea4d071f415c8c107e1cb7af5424_assumedsuccess",
          "nodeType": "DialogChangeNode",
          "id": "cd560716-ed3d-4c3b-b0e7-4f3ba26fff7a"
        }
      ],
      "id": "new_topic_c76d9a3d3ffa4e2c97bb56b355f3de7c",
      "displayName": "Untitled",
      "createdTime": "2022-12-30T11:44:22.4965517Z",
      "updatedTime": "2022-12-30T11:46:31.0582837Z",
      "createdUserId": "1217587e-94d3-4d46-b9e3-9ad63e50a6a1",
      "updatedUserId": "1217587e-94d3-4d46-b9e3-9ad63e50a6a1"
    }
  ],
  "botMessages": [
    {
      "channelContent": {
        "web": {
          "contentFormat": "Markdown",
          "content": "O Microsoft Teams é a melhor aplicação de mensagens para a organização!\n\nUm espaço de trabalho para colaboração e comunicação em tempo real, que permite reuniões, trabalhar em ficheiros e a partilha de aplicações, utilizando até emojis e GIFs! Tudo num só local onde todos conseguem aceder.\n\nPorquê utilizar o Microsoft Teams:\n\n*   Conversa moderna com texto, áudio, vídeo e partilha de ficheiros.\n*   [Ter uma conversa privada](https://support.microsoft.com/en-us/office/start-a-chat-in-teams-0c71b32b-c050-4930-a887-5afbe742b3d8) para desenvolver uma ideia, com capacidade de partilha para toda a organização\n*   Capacidade de armazenar todos os seus ficheiros, documentos e muito mais num [só local.](https://support.microsoft.com/en-us/office/explore-the-files-list-in-teams-287ba970-2bdf-473d-a2da-76247ea4cf8f)\n*   Capacidade de [integrar as suas](https://support.microsoft.com/en-us/office/five-things-to-know-about-apps-in-microsoft-teams-747492ee-7cdd-4115-a993-8c7e7f98a3d0) aplicações favoritas Planner, Trello, e muito mais."
        }
      },
      "id": "6db73cf1-b6f1-432a-acf1-0676d8092998",
      "createdTime": "2022-12-30T11:43:30.277Z",
      "updatedTime": "2022-12-30T11:43:30.277Z"
    }
  ]
}