{
  "namedEntities": [
    {
      "synonyms": [
        "home"
      ],
      "id": "ff0ca6dd-de7a-4bee-b849-16210d63f3c5",
      "displayName": "Home User",
      "updatedTime": "2021-01-21T11:31:53.6624731Z",
      "updatedUserId": "aaefd11d-4a6f-43de-b8d1-f4d839285950"
    },
    {
      "synonyms": [
        "gaming"
      ],
      "id": "2ccf421b-89a6-43a8-8b4f-b8d8f63b58bf",
      "displayName": "Gamer",
      "updatedTime": "2021-01-21T11:31:53.6624731Z",
      "updatedUserId": "aaefd11d-4a6f-43de-b8d1-f4d839285950"
    },
    {
      "synonyms": [
        "business"
      ],
      "id": "2d32734c-9552-47c5-963b-563fe1d9ea7e",
      "displayName": "Business User",
      "updatedTime": "2021-01-21T11:31:53.6624731Z",
      "updatedUserId": "aaefd11d-4a6f-43de-b8d1-f4d839285950"
    }
  ],
  "createdUtc": "0001-01-01T00:00:00Z",
  "closedListTypes": [
    {
      "namedEntities": [
        "ff0ca6dd-de7a-4bee-b849-16210d63f3c5",
        "2ccf421b-89a6-43a8-8b4f-b8d8f63b58bf",
        "2d32734c-9552-47c5-963b-563fe1d9ea7e"
      ],
      "smartMatchingEnabled": true,
      "customTypeSchema": "ClosedList",
      "id": "new_customtype_a96de8db0acd41edb5a2e60fb0d93441_f86fcadfd497444e91ed11c12b059d10",
      "displayName": "Usage Type",
      "description": "Lesson 4 Usage Type Entity",
      "createdTime": "2019-10-25T14:03:43.9601778Z",
      "updatedTime": "2021-01-21T11:31:53.6624731Z",
      "createdUserId": "user0",
      "updatedUserId": "aaefd11d-4a6f-43de-b8d1-f4d839285950"
    }
  ]
}