{
  "intents": [
    {
      "triggerQueries": [
        "Como aceder a uma reunião do Teams à partir do telemóvel?",
        "Como me junto a uma reunião de Teams do meu telemóvel?",
        "Como me junto a uma reunião de Teams do meu telefone?"
      ],
      "dialogId": "new_topic_90b11450535e4730a968b6d588c3f280",
      "isTriggeringEnabled": true,
      "id": "new_topic_90b11450535e4730a968b6d588c3f280",
      "displayName": "Como me junto a uma reunião do Teams do meu telemóvel?",
      "createdTime": "2022-12-30T16:30:46.5135365Z",
      "updatedTime": "2022-12-30T16:30:46.5135365Z",
      "createdUserId": "1217587e-94d3-4d46-b9e3-9ad63e50a6a1",
      "updatedUserId": "1217587e-94d3-4d46-b9e3-9ad63e50a6a1"
    }
  ],
  "dialogs": [
    {
      "rootNodeId": "119692ae-edff-41db-9ac4-8eb48ea2c5e1",
      "messageNodes": [
        {
          "botMessageId": "e19387f1-ff4b-4249-87d9-553b6fb2b54f",
          "nodeType": "BotMessageNode",
          "id": "119692ae-edff-41db-9ac4-8eb48ea2c5e1",
          "defaultTargetNodeId": "3d7b5c57-89a2-4ea2-a74c-08ec969e42ab"
        }
      ],
      "dialogChangeNodes": [
        {
          "targetDialogId": "new_topic_e347a2395e634a7880736d574ee58956_aeabea4d071f415c8c107e1cb7af5424_assumedsuccess",
          "nodeType": "DialogChangeNode",
          "id": "3d7b5c57-89a2-4ea2-a74c-08ec969e42ab"
        }
      ],
      "id": "new_topic_90b11450535e4730a968b6d588c3f280",
      "displayName": "Untitled",
      "createdTime": "2022-12-30T16:30:46.5135365Z",
      "updatedTime": "2022-12-30T16:30:46.5135365Z",
      "createdUserId": "1217587e-94d3-4d46-b9e3-9ad63e50a6a1",
      "updatedUserId": "1217587e-94d3-4d46-b9e3-9ad63e50a6a1"
    }
  ],
  "botMessages": [
    {
      "channelContent": {
        "web": {
          "contentFormat": "Markdown",
          "content": "A partir do seu dispositivo móvel, abra a app Teams e toque no Calendário. Posteriormente e para a reunião a que deseja aceder, clique no botão **'Juntar'**. [Consulte](https://support.microsoft.com/en-us/office/ansluta-till-ett-m%C3%B6te-i-teams-1613bb53-f3fa-431e-85a9-d6a91e3468c9#ID0EAACAAA=Mobil) [este](https://support.microsoft.com/en-us/office/ansluta-till-ett-m%C3%B6te-i-teams-1613bb53-f3fa-431e-85a9-d6a91e3468c9#ID0EAACAAA=Mobil) link para [mais opções](https://support.microsoft.com/en-us/office/ansluta-till-ett-m%C3%B6te-i-teams-1613bb53-f3fa-431e-85a9-d6a91e3468c9#ID0EAACAAA=Mobil)"
        }
      },
      "id": "e19387f1-ff4b-4249-87d9-553b6fb2b54f",
      "createdTime": "2022-12-30T16:29:24.775Z",
      "updatedTime": "2022-12-30T16:29:24.775Z"
    }
  ]
}