<ImportExportXml version="9.2.21041.172" SolutionPackageVersion="9.2" languagecode="1033" generatedBy="CrmLive" xmlns:xsi="http://www.w3.org/2001/XMLSchema-instance">
  <SolutionManifest>
    <UniqueName>ExportComponentsa491d5d1a1e94642b23a8f5fbd15f9de</UniqueName>
    <LocalizedNames>
      <LocalizedName description="ExportComponentsa491d5d1a1e94642b23a8f5fbd15f9de" languagecode="1033" />
    </LocalizedNames>
    <Descriptions />
    <Version>1.0</Version>
    <Managed>0</Managed>
    <Publisher>
      <UniqueName>Crf0d98</UniqueName>
      <LocalizedNames>
        <LocalizedName description="CDS Default Publisher" languagecode="1033" />
      </LocalizedNames>
      <Descriptions />
      <EMailAddress xsi:nil="true"></EMailAddress>
      <SupportingWebsiteUrl xsi:nil="true"></SupportingWebsiteUrl>
      <CustomizationPrefix>cr365</CustomizationPrefix>
      <CustomizationOptionValuePrefix>59249</CustomizationOptionValuePrefix>
    </Publisher>
    <RootComponents>
      <RootComponent type="29" id="{5ece3cb4-e75b-eb11-a812-000d3a1fc975}" behavior="0" />
      <RootComponent type="29" id="{9ebc44a5-ea5b-eb11-a812-000d3a1fc975}" behavior="0" />
    </RootComponents>
    <MissingDependencies />
  </SolutionManifest>
</ImportExportXml>