{
  "intents": [
    {
      "triggerQueries": [
        "Where can I find the latest news about Teams?"
      ],
      "dialogId": "new_topic_19b4964838af4c7f8d526acc73401f25",
      "isTriggeringEnabled": true,
      "id": "new_topic_19b4964838af4c7f8d526acc73401f25",
      "displayName": "Where can I find the latest news about Teams?",
      "description": "https://hickweb.blob.core.windows.net/$web/AdoptBot/AdoptBot2022-English.docx",
      "createdTime": "2022-03-02T14:57:19.3513008Z",
      "updatedTime": "2022-03-02T14:59:18.209167Z",
      "createdUserId": "3e27f02e-042d-4f0e-be03-083d03c89917",
      "updatedUserId": "3e27f02e-042d-4f0e-be03-083d03c89917"
    }
  ],
  "dialogs": [
    {
      "rootNodeId": "0f3c565f-7ae4-4046-96a7-01a7324aa858",
      "messageNodes": [
        {
          "botMessageId": "b81b6122-56d5-475b-a7dd-12259881e2f0",
          "nodeType": "BotMessageNode",
          "id": "0f3c565f-7ae4-4046-96a7-01a7324aa858",
          "defaultTargetNodeId": "763c51cf-1a71-4896-a6ef-d9af83fd8596"
        }
      ],
      "dialogChangeNodes": [
        {
          "targetDialogId": "new_topic_f3954ff416624052b3434952b36c18d0_aeabea4d071f415c8c107e1cb7af5424_assumedsuccess",
          "nodeType": "DialogChangeNode",
          "id": "763c51cf-1a71-4896-a6ef-d9af83fd8596"
        }
      ],
      "id": "new_topic_19b4964838af4c7f8d526acc73401f25",
      "displayName": "Where can I find the latest news about Teams?",
      "createdTime": "2022-03-02T14:57:08.4602637Z",
      "createdUserId": "3e27f02e-042d-4f0e-be03-083d03c89917"
    }
  ],
  "botMessages": [
    {
      "channelContent": {
        "web": {
          "contentFormat": "Markdown",
          "content": "Glad you're curious. Just type \" /News \" in the Teams search box!\r\n\r\nYou can also click the Help button in Teams and select “What's new”.\r\n\r\nPlease note! Your organization may have chosen to disable some features.\r\n\r\n[All new enabled features are also published continuously](https://support.microsoft.com/en-us/office/nyheter-i-microsoft-teams-d7092a6d-c896-424c-b362-a472d5f105de) [here](https://support.microsoft.com/en-us/office/nyheter-i-microsoft-teams-d7092a6d-c896-424c-b362-a472d5f105de) on the web\r\n\r\nChoose which device you want to see news for."
        }
      },
      "id": "b81b6122-56d5-475b-a7dd-12259881e2f0"
    }
  ]
}