{
  "intents": [
    {
      "triggerQueries": [
        "How do I block a bot?"
      ],
      "dialogId": "new_topic_0fb031f47f11436cadd9b6c56bccd1e0",
      "isTriggeringEnabled": true,
      "id": "new_topic_0fb031f47f11436cadd9b6c56bccd1e0",
      "displayName": "How do I block a bot?",
      "description": "https://adoptbotv2kb.blob.core.windows.net/%24web/AdoptBot2021-English.docx",
      "createdTime": "2021-01-21T11:36:41.8423699Z",
      "updatedTime": "2021-01-21T11:43:58.994395Z",
      "createdUserId": "aaefd11d-4a6f-43de-b8d1-f4d839285950",
      "updatedUserId": "aaefd11d-4a6f-43de-b8d1-f4d839285950"
    }
  ],
  "dialogs": [
    {
      "rootNodeId": "c0d41c31-ff50-4890-b617-fa52c199cf51",
      "messageNodes": [
        {
          "botMessageId": "48144cef-9780-4d10-bc01-f06a346fe732",
          "nodeType": "BotMessageNode",
          "id": "c0d41c31-ff50-4890-b617-fa52c199cf51",
          "defaultTargetNodeId": "bc01447f-4fe4-45ff-a7d8-c339d4cd2745"
        }
      ],
      "dialogChangeNodes": [
        {
          "targetDialogId": "new_topic_a96de8db0acd41edb5a2e60fb0d93441_aeabea4d071f415c8c107e1cb7af5424_assumedsuccess",
          "nodeType": "DialogChangeNode",
          "id": "bc01447f-4fe4-45ff-a7d8-c339d4cd2745"
        }
      ],
      "id": "new_topic_0fb031f47f11436cadd9b6c56bccd1e0",
      "displayName": "Dialog for How do I block a bot?",
      "createdTime": "2021-01-21T11:36:41.8423699Z",
      "updatedTime": "2021-01-21T11:36:41.8423699Z",
      "createdUserId": "aaefd11d-4a6f-43de-b8d1-f4d839285950",
      "updatedUserId": "aaefd11d-4a6f-43de-b8d1-f4d839285950"
    }
  ],
  "botMessages": [
    {
      "channelContent": {
        "web": {
          "contentFormat": "Markdown",
          "content": "If you’re tired of hearing from a bot, just relax. You've got options.\r\n\r\nTo stop a bot from talking, find the name of your chat with the bot in your chat list, then click More options and then Mute .\r\n\r\nIf you’re looking for a more permanent solution, you can remove a bot from a channel entirely. Find the channel name, then click More options and then Manage team .\r\n\r\nOn the Apps tab, click Uninstall next to the name of the bot you want to remove."
        }
      },
      "id": "48144cef-9780-4d10-bc01-f06a346fe732",
      "createdTime": "2021-01-21T11:36:41.8423699Z",
      "updatedTime": "2021-01-21T11:36:41.8423699Z",
      "createdUserId": "aaefd11d-4a6f-43de-b8d1-f4d839285950",
      "updatedUserId": "aaefd11d-4a6f-43de-b8d1-f4d839285950"
    }
  ],
  "createdUtc": "0001-01-01T00:00:00Z"
}