{
  "intents": [
    {
      "triggerQueries": [
        "remover pessoas de chat em grupo",
        "remover pessoas de conversa em grupo",
        "retirar um colega de um chat em grupo",
        "retirar pessoa de uma coversa em grupo",
        "Como retiro alguém de uma conversa de grupo?"
      ],
      "dialogId": "new_topic_b26a90b6538b4d4b819240161ca2d344",
      "isTriggeringEnabled": true,
      "id": "new_topic_b26a90b6538b4d4b819240161ca2d344",
      "displayName": "Como retiro alguém de uma conversa de grupo?",
      "createdTime": "2022-12-30T13:23:05.5734474Z",
      "updatedTime": "2022-12-30T13:23:05.5734474Z",
      "createdUserId": "1217587e-94d3-4d46-b9e3-9ad63e50a6a1",
      "updatedUserId": "1217587e-94d3-4d46-b9e3-9ad63e50a6a1"
    }
  ],
  "dialogs": [
    {
      "rootNodeId": "f45a771b-4574-4d26-8562-8e49522be3b8",
      "messageNodes": [
        {
          "botMessageId": "fcc52b78-f566-48fe-8986-6b78fd24e7e3",
          "nodeType": "BotMessageNode",
          "id": "f45a771b-4574-4d26-8562-8e49522be3b8",
          "defaultTargetNodeId": "cc06bb4a-d56b-4a8a-bfca-e9270812da20"
        }
      ],
      "dialogChangeNodes": [
        {
          "targetDialogId": "new_topic_e347a2395e634a7880736d574ee58956_aeabea4d071f415c8c107e1cb7af5424_assumedsuccess",
          "nodeType": "DialogChangeNode",
          "id": "cc06bb4a-d56b-4a8a-bfca-e9270812da20"
        }
      ],
      "id": "new_topic_b26a90b6538b4d4b819240161ca2d344",
      "displayName": "Untitled",
      "createdTime": "2022-12-30T13:23:05.5734474Z",
      "updatedTime": "2022-12-30T13:23:05.5734474Z",
      "createdUserId": "1217587e-94d3-4d46-b9e3-9ad63e50a6a1",
      "updatedUserId": "1217587e-94d3-4d46-b9e3-9ad63e50a6a1"
    }
  ],
  "botMessages": [
    {
      "channelContent": {
        "web": {
          "contentFormat": "Markdown",
          "content": "Pode [deixar uma conversa de grupo ou remover pessoas.](https://support.microsoft.com/en-us/office/l%c3%a4mna-eller-ta-bort-n%c3%a5gon-fr%c3%a5n-en-gruppchatt-7db55a67-0ba4-4409-a399-5ed502a1d094?ui=en-us&rs=en-us&ad=se)\n\n1.  Abra uma conversa de grupo com três ou mais pessoas.\n2.  Clique no número de membros e, em seguida, clique sobre o utilizador da pessoa que pretende remover.\n3.  Selecione **X** e confirme que deseja remover o participante do chat."
        }
      },
      "id": "fcc52b78-f566-48fe-8986-6b78fd24e7e3",
      "createdTime": "2022-12-30T13:22:05.616Z",
      "updatedTime": "2022-12-30T13:22:05.616Z"
    }
  ]
}