{
  "intents": [
    {
      "triggerQueries": [
        "Can I customize the meeting experience in Teams?"
      ],
      "dialogId": "new_topic_0b590799f2ee4dac88fd95270cb684cc",
      "isTriggeringEnabled": true,
      "id": "new_topic_0b590799f2ee4dac88fd95270cb684cc",
      "displayName": "Can I customize the meeting experience in Teams?",
      "description": "https://hickweb.blob.core.windows.net/$web/AdoptBot/AdoptBot2022-English.docx",
      "createdTime": "2022-03-02T14:57:19.3513008Z",
      "updatedTime": "2022-03-02T14:59:53.0891952Z",
      "createdUserId": "3e27f02e-042d-4f0e-be03-083d03c89917",
      "updatedUserId": "3e27f02e-042d-4f0e-be03-083d03c89917"
    }
  ],
  "dialogs": [
    {
      "rootNodeId": "73e983dd-34d5-4cb6-9eab-21344e7fd44d",
      "messageNodes": [
        {
          "botMessageId": "4a6a7130-caf7-4783-a1a3-bfd2f3d72d8e",
          "nodeType": "BotMessageNode",
          "id": "73e983dd-34d5-4cb6-9eab-21344e7fd44d",
          "defaultTargetNodeId": "5e910085-d5e4-410b-a1aa-28a6374ba61e"
        }
      ],
      "dialogChangeNodes": [
        {
          "targetDialogId": "new_topic_f3954ff416624052b3434952b36c18d0_aeabea4d071f415c8c107e1cb7af5424_assumedsuccess",
          "nodeType": "DialogChangeNode",
          "id": "5e910085-d5e4-410b-a1aa-28a6374ba61e"
        }
      ],
      "id": "new_topic_0b590799f2ee4dac88fd95270cb684cc",
      "displayName": "Can I customize the meeting experience in Teams?",
      "createdTime": "2022-03-02T14:57:08.4602637Z",
      "createdUserId": "3e27f02e-042d-4f0e-be03-083d03c89917"
    }
  ],
  "botMessages": [
    {
      "channelContent": {
        "web": {
          "contentFormat": "Markdown",
          "content": "There are several apps for Teams meetings available. They allow you to customize the meeting experience to fit your needs. [View apps designed to improve Teams meetings](https://www.microsoft.com/en-us/microsoft-teams/meetings-apps) .\r\n\r\nIf you’re a developer, you can [build your very own app for Teams meetings](https://docs.microsoft.com/en-us/microsoftteams/platform/apps-in-teams-meetings/teams-apps-in-meetings) ."
        }
      },
      "id": "4a6a7130-caf7-4783-a1a3-bfd2f3d72d8e"
    }
  ]
}