{
  "intents": [
    {
      "triggerQueries": [
        "Can a user receive operator assistance during a meeting?"
      ],
      "dialogId": "new_topic_0278ce2a5ca94fe0b3a023ec5511316c",
      "isTriggeringEnabled": true,
      "id": "new_topic_0278ce2a5ca94fe0b3a023ec5511316c",
      "displayName": "Can a user receive operator assistance during a meeting?",
      "description": "https://hickweb.blob.core.windows.net/$web/AdoptBot/AdoptBot2022-English.docx",
      "createdTime": "2022-03-02T14:57:19.3356723Z",
      "updatedTime": "2022-03-02T15:01:27.8982639Z",
      "createdUserId": "3e27f02e-042d-4f0e-be03-083d03c89917",
      "updatedUserId": "3e27f02e-042d-4f0e-be03-083d03c89917"
    }
  ],
  "dialogs": [
    {
      "rootNodeId": "94f2b5e2-81ca-4750-b1ed-164aa6553c65",
      "messageNodes": [
        {
          "botMessageId": "2a0e74bf-f046-4c64-b872-30d42552c94e",
          "nodeType": "BotMessageNode",
          "id": "94f2b5e2-81ca-4750-b1ed-164aa6553c65",
          "defaultTargetNodeId": "42252f6b-7297-49c6-b0d3-825315ca30f0"
        }
      ],
      "dialogChangeNodes": [
        {
          "targetDialogId": "new_topic_f3954ff416624052b3434952b36c18d0_aeabea4d071f415c8c107e1cb7af5424_assumedsuccess",
          "nodeType": "DialogChangeNode",
          "id": "42252f6b-7297-49c6-b0d3-825315ca30f0"
        }
      ],
      "id": "new_topic_0278ce2a5ca94fe0b3a023ec5511316c",
      "displayName": "Can a user receive operator assistance during a meeting?",
      "createdTime": "2022-03-02T14:57:08.4602637Z",
      "createdUserId": "3e27f02e-042d-4f0e-be03-083d03c89917"
    }
  ],
  "botMessages": [
    {
      "channelContent": {
        "web": {
          "contentFormat": "Markdown",
          "content": "A user cannot get operator help or support by pressing \\*0 during the meeting. If there are audio conferencing issues, an organization administrator can contact [Microsoft Support for Office 365](https://docs.microsoft.com/en-us/microsoft-365/admin/contact-support-for-business-products?redirectSourcePath=%252farticle%252fMicrosoft-support-for-Office-365-32a17ca7-6fa0-4870-8a8d-e25ba4ccfd4b&view=o365-worldwide)"
        }
      },
      "id": "2a0e74bf-f046-4c64-b872-30d42552c94e"
    }
  ]
}