{
  "intents": [
    {
      "triggerQueries": [
        "What does it mean to be @mentioned?"
      ],
      "dialogId": "new_topic_a40f9fd9d046492a9a7158eb0768892d",
      "isTriggeringEnabled": true,
      "id": "new_topic_a40f9fd9d046492a9a7158eb0768892d",
      "displayName": "What does it mean to be @mentioned?",
      "description": "https://hickweb.blob.core.windows.net/$web/AdoptBot/AdoptBot2022-English.docx",
      "createdTime": "2022-03-02T14:57:19.3356723Z",
      "updatedTime": "2022-03-02T14:59:56.5891671Z",
      "createdUserId": "3e27f02e-042d-4f0e-be03-083d03c89917",
      "updatedUserId": "3e27f02e-042d-4f0e-be03-083d03c89917"
    }
  ],
  "dialogs": [
    {
      "rootNodeId": "de989aab-214d-44c6-82f8-a572fb7335c1",
      "messageNodes": [
        {
          "botMessageId": "32992d21-50ca-4df4-8c10-f9d45b278bb1",
          "nodeType": "BotMessageNode",
          "id": "de989aab-214d-44c6-82f8-a572fb7335c1",
          "defaultTargetNodeId": "c99dc4d3-68e4-44e2-99f3-e848fdb3e2f0"
        }
      ],
      "dialogChangeNodes": [
        {
          "targetDialogId": "new_topic_f3954ff416624052b3434952b36c18d0_aeabea4d071f415c8c107e1cb7af5424_assumedsuccess",
          "nodeType": "DialogChangeNode",
          "id": "c99dc4d3-68e4-44e2-99f3-e848fdb3e2f0"
        }
      ],
      "id": "new_topic_a40f9fd9d046492a9a7158eb0768892d",
      "displayName": "What does it mean to be @mentioned?",
      "createdTime": "2022-03-02T14:57:08.5383724Z",
      "createdUserId": "3e27f02e-042d-4f0e-be03-083d03c89917"
    }
  ],
  "botMessages": [
    {
      "channelContent": {
        "web": {
          "contentFormat": "Markdown",
          "content": "Being @mentioned  is like a gentle tap on your shoulder , a way to get your attention in a channel conversation or chat.\r\n\r\nWhen someone @mentions you, you get a notification in your Activity feed, and you also see a number next to the channel or chat you were @mentioned in. Click the notification to go directly to the point in the conversation where they mentioned you.\r\n\r\nIf you ever feel a little overwhelmed by all your @mentions, you can always [filter your Activity feed](https://support.microsoft.com/en-us/office/explore-the-activity-feed-in-teams-91c635a1-644a-4c60-9c98-233db3e13a56) to help sort them out.\r\n\r\nTo @mention someone, just type ‘@’ in the compose box and select their name from the menu that appears."
        }
      },
      "id": "32992d21-50ca-4df4-8c10-f9d45b278bb1"
    }
  ]
}