{
  "intents": [
    {
      "triggerQueries": [
        "How do I view a hidden channel?"
      ],
      "dialogId": "new_topic_261b870262434600b70f5b99b71b0a51",
      "isTriggeringEnabled": true,
      "id": "new_topic_261b870262434600b70f5b99b71b0a51",
      "displayName": "How do I view a hidden channel?",
      "description": "https://adoptbotv2kb.blob.core.windows.net/%24web/AdoptBot2021-English.docx",
      "createdTime": "2021-01-21T11:36:41.843367Z",
      "updatedTime": "2021-01-21T11:39:23.2741895Z",
      "createdUserId": "aaefd11d-4a6f-43de-b8d1-f4d839285950",
      "updatedUserId": "aaefd11d-4a6f-43de-b8d1-f4d839285950"
    }
  ],
  "dialogs": [
    {
      "rootNodeId": "75b89f35-62a5-4786-b734-9ea96212d739",
      "messageNodes": [
        {
          "botMessageId": "9d4dccd8-7bb7-42c5-8957-fe6a7bff7253",
          "nodeType": "BotMessageNode",
          "id": "75b89f35-62a5-4786-b734-9ea96212d739",
          "defaultTargetNodeId": "09c5102b-283a-441f-8151-753252ee9946"
        }
      ],
      "dialogChangeNodes": [
        {
          "targetDialogId": "new_topic_a96de8db0acd41edb5a2e60fb0d93441_aeabea4d071f415c8c107e1cb7af5424_assumedsuccess",
          "nodeType": "DialogChangeNode",
          "id": "09c5102b-283a-441f-8151-753252ee9946"
        }
      ],
      "id": "new_topic_261b870262434600b70f5b99b71b0a51",
      "displayName": "Dialog for How do I view a hidden channel?",
      "createdTime": "2021-01-21T11:36:41.843367Z",
      "updatedTime": "2021-01-21T11:36:41.843367Z",
      "createdUserId": "aaefd11d-4a6f-43de-b8d1-f4d839285950",
      "updatedUserId": "aaefd11d-4a6f-43de-b8d1-f4d839285950"
    }
  ],
  "botMessages": [
    {
      "channelContent": {
        "web": {
          "contentFormat": "Markdown",
          "content": "Go to your team’s name and click Hidden Channels. Select Show on any channel you want to see in your channel list."
        }
      },
      "id": "9d4dccd8-7bb7-42c5-8957-fe6a7bff7253",
      "createdTime": "2021-01-21T11:36:41.843367Z",
      "updatedTime": "2021-01-21T11:36:41.843367Z",
      "createdUserId": "aaefd11d-4a6f-43de-b8d1-f4d839285950",
      "updatedUserId": "aaefd11d-4a6f-43de-b8d1-f4d839285950"
    }
  ],
  "createdUtc": "0001-01-01T00:00:00Z"
}