{
  "intents": [
    {
      "triggerQueries": [
        "Quais dispositivos podem ser usadas para o walkie talkie no Teams?",
        "Que outros dispositivos posso utilizar para o walkie talkie?"
      ],
      "dialogId": "new_topic_7e60ed50b2584598972f26df132b707e",
      "isTriggeringEnabled": true,
      "id": "new_topic_7e60ed50b2584598972f26df132b707e",
      "displayName": "Que outros dispositivos posso utilizar para o walkie talkie?",
      "createdTime": "2023-01-03T14:46:20.5861177Z",
      "updatedTime": "2023-01-03T14:46:20.5861177Z",
      "createdUserId": "1217587e-94d3-4d46-b9e3-9ad63e50a6a1",
      "updatedUserId": "1217587e-94d3-4d46-b9e3-9ad63e50a6a1"
    }
  ],
  "dialogs": [
    {
      "rootNodeId": "801f9c61-ee78-4dfc-8e12-2f4ead143274",
      "messageNodes": [
        {
          "botMessageId": "3f532a67-108a-42b6-a310-721bb677e1d6",
          "nodeType": "BotMessageNode",
          "id": "801f9c61-ee78-4dfc-8e12-2f4ead143274",
          "defaultTargetNodeId": "73cb268e-cbbe-41b4-8de1-c386ff702fbe"
        }
      ],
      "dialogChangeNodes": [
        {
          "targetDialogId": "new_topic_e347a2395e634a7880736d574ee58956_aeabea4d071f415c8c107e1cb7af5424_assumedsuccess",
          "nodeType": "DialogChangeNode",
          "id": "73cb268e-cbbe-41b4-8de1-c386ff702fbe"
        }
      ],
      "id": "new_topic_7e60ed50b2584598972f26df132b707e",
      "displayName": "Untitled",
      "createdTime": "2023-01-03T14:46:20.5861177Z",
      "updatedTime": "2023-01-03T14:46:20.5861177Z",
      "createdUserId": "1217587e-94d3-4d46-b9e3-9ad63e50a6a1",
      "updatedUserId": "1217587e-94d3-4d46-b9e3-9ad63e50a6a1"
    }
  ],
  "botMessages": [
    {
      "channelContent": {
        "web": {
          "contentFormat": "Markdown",
          "content": "Existem vários dispositivos especializados externos ao nosso dispositivo móvel que permitem falar e receber chamadas de walkie talkie mesmo com o telemóvel bloqueado. Para mais informações, clique [aqui](https://support.microsoft.com/pt-pt/office/utilizar-o-walkie-talkie-no-teams-884a008a-761e-4b62-99f8-15671d9a2f69)."
        }
      },
      "id": "3f532a67-108a-42b6-a310-721bb677e1d6",
      "createdTime": "2023-01-03T14:42:55.663Z",
      "updatedTime": "2023-01-03T14:42:55.663Z"
    }
  ]
}