{
  "intents": [
    {
      "triggerQueries": [
        "What is the maximum number of members I can have in a team?"
      ],
      "dialogId": "new_topic_3cbff610379148bcaa8496d8507961c9",
      "isTriggeringEnabled": true,
      "id": "new_topic_3cbff610379148bcaa8496d8507961c9",
      "displayName": "What is the maximum number of members I can have in a team?",
      "description": "https://hickweb.blob.core.windows.net/$web/AdoptBot/AdoptBot2022-English.docx",
      "createdTime": "2022-03-02T14:57:19.3356723Z",
      "updatedTime": "2022-03-02T15:00:47.4341215Z",
      "createdUserId": "3e27f02e-042d-4f0e-be03-083d03c89917",
      "updatedUserId": "3e27f02e-042d-4f0e-be03-083d03c89917"
    }
  ],
  "dialogs": [
    {
      "rootNodeId": "6dce6ea4-f878-490c-a010-25b858fcb93a",
      "messageNodes": [
        {
          "botMessageId": "99cb9a99-56ea-473f-9bd3-f8d5befb4655",
          "nodeType": "BotMessageNode",
          "id": "6dce6ea4-f878-490c-a010-25b858fcb93a",
          "defaultTargetNodeId": "42c30fc9-b210-4f49-bb9e-f84e562e14b8"
        }
      ],
      "dialogChangeNodes": [
        {
          "targetDialogId": "new_topic_f3954ff416624052b3434952b36c18d0_aeabea4d071f415c8c107e1cb7af5424_assumedsuccess",
          "nodeType": "DialogChangeNode",
          "id": "42c30fc9-b210-4f49-bb9e-f84e562e14b8"
        }
      ],
      "id": "new_topic_3cbff610379148bcaa8496d8507961c9",
      "displayName": "What is the maximum number of members I can have in a team?",
      "createdTime": "2022-03-02T14:57:08.4602637Z",
      "createdUserId": "3e27f02e-042d-4f0e-be03-083d03c89917"
    }
  ],
  "botMessages": [
    {
      "channelContent": {
        "web": {
          "contentFormat": "Markdown",
          "content": "[The maximum number of members of a team is](https://docs.microsoft.com/en-us/microsoftteams/limits-specifications-teams) currently25,000people"
        }
      },
      "id": "99cb9a99-56ea-473f-9bd3-f8d5befb4655"
    }
  ]
}