{
  "intents": [
    {
      "triggerQueries": [
        "Quantos ficheiros posso ter no OneDrive?",
        "Que espaço tenho no OneDrive?",
        "Quanto espaço tenho disponível para armazenamento no OneDrive?",
        "Que espaço tenho disponível para armazenamento no OneDrive?"
      ],
      "dialogId": "new_topic_79d8b80242664fef92f461cd5f3f4b28",
      "isTriggeringEnabled": true,
      "id": "new_topic_79d8b80242664fef92f461cd5f3f4b28",
      "displayName": "Quanto espaço tenho disponível para armazenamento no OneDrive?",
      "createdTime": "2022-12-30T14:03:54.5934867Z",
      "updatedTime": "2022-12-30T14:04:08.419012Z",
      "createdUserId": "1217587e-94d3-4d46-b9e3-9ad63e50a6a1",
      "updatedUserId": "1217587e-94d3-4d46-b9e3-9ad63e50a6a1"
    }
  ],
  "dialogs": [
    {
      "rootNodeId": "b7fcf883-3259-4267-b346-00017bb170c3",
      "messageNodes": [
        {
          "botMessageId": "e1b352e4-3bb3-4506-bf64-be4011fe77b4",
          "nodeType": "BotMessageNode",
          "id": "b7fcf883-3259-4267-b346-00017bb170c3",
          "defaultTargetNodeId": "485d60f8-5e45-4f0f-b255-82ecd6dca6de"
        }
      ],
      "dialogChangeNodes": [
        {
          "targetDialogId": "new_topic_e347a2395e634a7880736d574ee58956_aeabea4d071f415c8c107e1cb7af5424_assumedsuccess",
          "nodeType": "DialogChangeNode",
          "id": "485d60f8-5e45-4f0f-b255-82ecd6dca6de"
        }
      ],
      "id": "new_topic_79d8b80242664fef92f461cd5f3f4b28",
      "displayName": "Untitled",
      "createdTime": "2022-12-30T14:03:54.5934867Z",
      "updatedTime": "2022-12-30T14:04:08.419012Z",
      "createdUserId": "1217587e-94d3-4d46-b9e3-9ad63e50a6a1",
      "updatedUserId": "1217587e-94d3-4d46-b9e3-9ad63e50a6a1"
    }
  ],
  "botMessages": [
    {
      "channelContent": {
        "web": {
          "contentFormat": "Markdown",
          "content": "Cada utilizador terá acesso a 1 TB (1.000GB) de espaço de armazenamento no OneDrive\n\n[De acordo com o seu licenciamento](https://docs.microsoft.com/en-us/onedrive/set-default-storage-space), este pode ser aumentado para 5 TB (5.000 GB) por utilizador."
        }
      },
      "id": "e1b352e4-3bb3-4506-bf64-be4011fe77b4",
      "createdTime": "2022-12-30T14:03:12.769Z",
      "updatedTime": "2022-12-30T14:03:12.769Z"
    }
  ]
}