{
  "intents": [
    {
      "triggerQueries": [
        "Can I use special characters for my channel name?"
      ],
      "dialogId": "new_topic_aeeeeb3f37714f69a24cbfab897eca42",
      "isTriggeringEnabled": true,
      "id": "new_topic_aeeeeb3f37714f69a24cbfab897eca42",
      "displayName": "Can I use special characters for my channel name?",
      "description": "https://adoptbotv2kb.blob.core.windows.net/%24web/AdoptBot2021-English.docx",
      "createdTime": "2021-01-21T11:36:41.843367Z",
      "updatedTime": "2021-01-21T11:41:26.3331223Z",
      "createdUserId": "aaefd11d-4a6f-43de-b8d1-f4d839285950",
      "updatedUserId": "aaefd11d-4a6f-43de-b8d1-f4d839285950"
    }
  ],
  "dialogs": [
    {
      "rootNodeId": "dee2cfcc-b9bd-483e-b541-bd297fb68cf4",
      "messageNodes": [
        {
          "botMessageId": "52fe910e-c05d-43f8-a176-1aab13314bcd",
          "nodeType": "BotMessageNode",
          "id": "dee2cfcc-b9bd-483e-b541-bd297fb68cf4",
          "defaultTargetNodeId": "57872aea-7e45-4329-b44b-78aea4d7698f"
        }
      ],
      "dialogChangeNodes": [
        {
          "targetDialogId": "new_topic_a96de8db0acd41edb5a2e60fb0d93441_aeabea4d071f415c8c107e1cb7af5424_assumedsuccess",
          "nodeType": "DialogChangeNode",
          "id": "57872aea-7e45-4329-b44b-78aea4d7698f"
        }
      ],
      "id": "new_topic_aeeeeb3f37714f69a24cbfab897eca42",
      "displayName": "Dialog for Can I use special characters for my channel name?",
      "createdTime": "2021-01-21T11:36:41.843367Z",
      "updatedTime": "2021-01-21T11:36:41.843367Z",
      "createdUserId": "aaefd11d-4a6f-43de-b8d1-f4d839285950",
      "updatedUserId": "aaefd11d-4a6f-43de-b8d1-f4d839285950"
    }
  ],
  "botMessages": [
    {
      "channelContent": {
        "web": {
          "contentFormat": "Markdown",
          "content": "Always name the channel in letters only first. You can then edit the name and add an icons for increased understanding\r\n\r\nHowever, channel names cannot contain the following characters or words.\r\n\r\nCharacters: ~ # % & \\* { } + / \\ : &lt; &gt; ? |' ' .\r\n\r\nWords: Forms,  CON, CONIN$, CONOUT$, PRN, AUX, NUL, COM1 to COM9, LPT1 to LPT9, desktop.ini, \\_vti\\_\r\n\r\nPlease note: Channel names cannot start with an underscore (\\_) or period (.), or end with a period(.)."
        }
      },
      "id": "52fe910e-c05d-43f8-a176-1aab13314bcd",
      "createdTime": "2021-01-21T11:36:41.843367Z",
      "updatedTime": "2021-01-21T11:36:41.843367Z",
      "createdUserId": "aaefd11d-4a6f-43de-b8d1-f4d839285950",
      "updatedUserId": "aaefd11d-4a6f-43de-b8d1-f4d839285950"
    }
  ],
  "createdUtc": "0001-01-01T00:00:00Z"
}