{
  "intents": [
    {
      "triggerQueries": [
        "apagar chats antigos",
        "apagar conversas",
        "Posso apagar uma conversa antiga?"
      ],
      "dialogId": "new_topic_e3d01fffff75446f9ba4dd0db43cf52f",
      "isTriggeringEnabled": true,
      "id": "new_topic_e3d01fffff75446f9ba4dd0db43cf52f",
      "displayName": "Posso apagar uma conversa antiga?",
      "createdTime": "2022-12-30T13:20:59.564869Z",
      "updatedTime": "2022-12-30T13:20:59.564869Z",
      "createdUserId": "1217587e-94d3-4d46-b9e3-9ad63e50a6a1",
      "updatedUserId": "1217587e-94d3-4d46-b9e3-9ad63e50a6a1"
    }
  ],
  "dialogs": [
    {
      "rootNodeId": "345ac41a-0810-4f77-b0ee-fbb898a594ea",
      "messageNodes": [
        {
          "botMessageId": "698fd4fe-439d-44df-aae6-0372d24ab9d5",
          "nodeType": "BotMessageNode",
          "id": "345ac41a-0810-4f77-b0ee-fbb898a594ea",
          "defaultTargetNodeId": "9a885ebf-1ccd-4ed3-9a32-7835fa3151c7"
        }
      ],
      "dialogChangeNodes": [
        {
          "targetDialogId": "new_topic_e347a2395e634a7880736d574ee58956_aeabea4d071f415c8c107e1cb7af5424_assumedsuccess",
          "nodeType": "DialogChangeNode",
          "id": "9a885ebf-1ccd-4ed3-9a32-7835fa3151c7"
        }
      ],
      "id": "new_topic_e3d01fffff75446f9ba4dd0db43cf52f",
      "displayName": "Untitled",
      "createdTime": "2022-12-30T13:20:59.564869Z",
      "updatedTime": "2022-12-30T13:20:59.564869Z",
      "createdUserId": "1217587e-94d3-4d46-b9e3-9ad63e50a6a1",
      "updatedUserId": "1217587e-94d3-4d46-b9e3-9ad63e50a6a1"
    }
  ],
  "botMessages": [
    {
      "channelContent": {
        "web": {
          "contentFormat": "Markdown",
          "content": "Embora não possa apagar uma conversa inteira, pode escondê-la para tirá-la da sua lista de conversações.\n\nE também é capaz de [apagar mensagens individuais que](https://support.microsoft.com/en-us/office/edit-or-delete-a-sent-message-in-teams-5f1fe604-a900-4a07-b8b7-8cf70ed6b263) enviou."
        }
      },
      "id": "698fd4fe-439d-44df-aae6-0372d24ab9d5",
      "createdTime": "2022-12-30T13:20:11.663Z",
      "updatedTime": "2022-12-30T13:20:11.663Z"
    }
  ]
}