{
  "intents": [
    {
      "triggerQueries": [
        "Como configuro o que os convidados podem fazer na equipa?",
        "Como posso mudar as permissões dos parceiros externos na minha equipa?",
        "Como posso mudar as permissões dos convidados?"
      ],
      "dialogId": "new_topic_9424ccda916c4049b940f929aed92d4c",
      "isTriggeringEnabled": true,
      "id": "new_topic_9424ccda916c4049b940f929aed92d4c",
      "displayName": "Como posso mudar as permissões dos convidados?",
      "createdTime": "2022-12-30T13:25:06.8770015Z",
      "updatedTime": "2022-12-30T13:25:06.8770015Z",
      "createdUserId": "1217587e-94d3-4d46-b9e3-9ad63e50a6a1",
      "updatedUserId": "1217587e-94d3-4d46-b9e3-9ad63e50a6a1"
    }
  ],
  "dialogs": [
    {
      "rootNodeId": "2a6f1cc2-3adf-490c-9602-c0b07bd5b62f",
      "messageNodes": [
        {
          "botMessageId": "6f9ebec1-720f-4953-8dce-9f56b52aeeb9",
          "nodeType": "BotMessageNode",
          "id": "2a6f1cc2-3adf-490c-9602-c0b07bd5b62f",
          "defaultTargetNodeId": "49fb9afc-2b8f-46ff-a3dd-7f250908371d"
        }
      ],
      "dialogChangeNodes": [
        {
          "targetDialogId": "new_topic_e347a2395e634a7880736d574ee58956_aeabea4d071f415c8c107e1cb7af5424_assumedsuccess",
          "nodeType": "DialogChangeNode",
          "id": "49fb9afc-2b8f-46ff-a3dd-7f250908371d"
        }
      ],
      "id": "new_topic_9424ccda916c4049b940f929aed92d4c",
      "displayName": "Untitled",
      "createdTime": "2022-12-30T13:25:06.8770015Z",
      "updatedTime": "2022-12-30T13:25:06.8770015Z",
      "createdUserId": "1217587e-94d3-4d46-b9e3-9ad63e50a6a1",
      "updatedUserId": "1217587e-94d3-4d46-b9e3-9ad63e50a6a1"
    }
  ],
  "botMessages": [
    {
      "channelContent": {
        "web": {
          "contentFormat": "Markdown",
          "content": "Se for proprietário de uma equipa, pode alterar as definições de permissão dos convidados acedendo ao nome da equipa e clicando **em Mais** **opções e,** de seguida, clicando em Gerir a **equipa**.\n\nNo **separador Definições,** clique nas **permissões** **do convidado**.\n\nSe está curioso, aqui está um resumo do [que os convidados podem fazer nas equipas.](https://support.microsoft.com/en-us/office/team-owner-member-and-guest-capabilities-in-teams-d03fdf5b-1a6e-48e4-8e07-b13e1350ec7b)"
        }
      },
      "id": "6f9ebec1-720f-4953-8dce-9f56b52aeeb9",
      "createdTime": "2022-12-30T13:24:20.462Z",
      "updatedTime": "2022-12-30T13:24:20.462Z"
    }
  ]
}