{
  "intents": [
    {
      "triggerQueries": [
        "Can I get an attendance report?"
      ],
      "dialogId": "new_topic_a236c0b7a39b415b92dcf368a154d911",
      "isTriggeringEnabled": true,
      "id": "new_topic_a236c0b7a39b415b92dcf368a154d911",
      "displayName": "Can I get an attendance report?",
      "description": "https://hickweb.blob.core.windows.net/$web/AdoptBot/AdoptBot2022-English.docx",
      "createdTime": "2022-03-02T14:57:19.3513008Z",
      "updatedTime": "2022-03-02T14:58:57.0891321Z",
      "createdUserId": "3e27f02e-042d-4f0e-be03-083d03c89917",
      "updatedUserId": "3e27f02e-042d-4f0e-be03-083d03c89917"
    }
  ],
  "dialogs": [
    {
      "rootNodeId": "ee09db84-26f9-46da-ab00-b217dc032b8f",
      "messageNodes": [
        {
          "botMessageId": "f7995fe4-87b3-434c-abe2-ed73f8bedbf5",
          "nodeType": "BotMessageNode",
          "id": "ee09db84-26f9-46da-ab00-b217dc032b8f",
          "defaultTargetNodeId": "01dc9087-0985-4bf8-9a3b-be681b04b0c2"
        }
      ],
      "dialogChangeNodes": [
        {
          "targetDialogId": "new_topic_f3954ff416624052b3434952b36c18d0_aeabea4d071f415c8c107e1cb7af5424_assumedsuccess",
          "nodeType": "DialogChangeNode",
          "id": "01dc9087-0985-4bf8-9a3b-be681b04b0c2"
        }
      ],
      "id": "new_topic_a236c0b7a39b415b92dcf368a154d911",
      "displayName": "Can I get an attendance report?",
      "createdTime": "2022-03-02T14:57:08.4602637Z",
      "createdUserId": "3e27f02e-042d-4f0e-be03-083d03c89917"
    }
  ],
  "botMessages": [
    {
      "channelContent": {
        "web": {
          "contentFormat": "Markdown",
          "content": "Meeting organizers can view and download a meeting attendance report. Find this report in the Participants pane of the meeting, by clicking the download arrow as shown below. You can download the report as a .CSV (can be opened in Excel).\r\n\r\nSee this article for details: [Microsoft Teams meeting attendance report](https://docs.microsoft.com/en-us/microsoftteams/teams-analytics-and-reports/meeting-attendance-report)"
        }
      },
      "id": "f7995fe4-87b3-434c-abe2-ed73f8bedbf5"
    }
  ]
}