{
  "intents": [
    {
      "triggerQueries": [
        "How do I rename the team?"
      ],
      "dialogId": "new_topic_941e1d6e5b424157b2d45383af8307d8",
      "isTriggeringEnabled": true,
      "id": "new_topic_941e1d6e5b424157b2d45383af8307d8",
      "displayName": "How do I rename the team?",
      "description": "https://hickweb.blob.core.windows.net/$web/AdoptBot/AdoptBot2022-English.docx",
      "createdTime": "2022-03-02T14:57:19.3356723Z",
      "updatedTime": "2022-03-02T15:00:45.4809765Z",
      "createdUserId": "3e27f02e-042d-4f0e-be03-083d03c89917",
      "updatedUserId": "3e27f02e-042d-4f0e-be03-083d03c89917"
    }
  ],
  "dialogs": [
    {
      "rootNodeId": "36edf65a-b816-4c0a-8837-6a3f664511ad",
      "messageNodes": [
        {
          "botMessageId": "f1edb338-8a95-4d6d-9bff-737c9507bbda",
          "nodeType": "BotMessageNode",
          "id": "36edf65a-b816-4c0a-8837-6a3f664511ad",
          "defaultTargetNodeId": "d4b4a771-fd06-4c9c-8910-5820bdab09af"
        }
      ],
      "dialogChangeNodes": [
        {
          "targetDialogId": "new_topic_f3954ff416624052b3434952b36c18d0_aeabea4d071f415c8c107e1cb7af5424_assumedsuccess",
          "nodeType": "DialogChangeNode",
          "id": "d4b4a771-fd06-4c9c-8910-5820bdab09af"
        }
      ],
      "id": "new_topic_941e1d6e5b424157b2d45383af8307d8",
      "displayName": "How do I rename the team?",
      "createdTime": "2022-03-02T14:57:08.4602637Z",
      "createdUserId": "3e27f02e-042d-4f0e-be03-083d03c89917"
    }
  ],
  "botMessages": [
    {
      "channelContent": {
        "web": {
          "contentFormat": "Markdown",
          "content": "Go to the team name and click More options &gt; Edit team . From there, you can set the team name , description, and privacy settings, if necessary."
        }
      },
      "id": "f1edb338-8a95-4d6d-9bff-737c9507bbda"
    }
  ]
}