{
  "intents": [
    {
      "triggerQueries": [
        "What is the limit for number of participants in a meeting?"
      ],
      "dialogId": "new_topic_87e0aeeea9ee4295883898a765ae6188",
      "isTriggeringEnabled": true,
      "id": "new_topic_87e0aeeea9ee4295883898a765ae6188",
      "displayName": "What is the limit for number of participants in a meeting?",
      "description": "https://hickweb.blob.core.windows.net/$web/AdoptBot/AdoptBot2022-English.docx",
      "createdTime": "2022-03-02T14:57:19.3356723Z",
      "updatedTime": "2022-03-02T15:00:46.8036118Z",
      "createdUserId": "3e27f02e-042d-4f0e-be03-083d03c89917",
      "updatedUserId": "3e27f02e-042d-4f0e-be03-083d03c89917"
    }
  ],
  "dialogs": [
    {
      "rootNodeId": "7dd6dc7e-f800-4202-bbeb-5731e5bfb6a7",
      "messageNodes": [
        {
          "botMessageId": "ed4c5495-134a-4639-8b83-3eb57587d830",
          "nodeType": "BotMessageNode",
          "id": "7dd6dc7e-f800-4202-bbeb-5731e5bfb6a7",
          "defaultTargetNodeId": "e71d6950-e9db-4938-a9bc-aebaae70f703"
        }
      ],
      "dialogChangeNodes": [
        {
          "targetDialogId": "new_topic_f3954ff416624052b3434952b36c18d0_aeabea4d071f415c8c107e1cb7af5424_assumedsuccess",
          "nodeType": "DialogChangeNode",
          "id": "e71d6950-e9db-4938-a9bc-aebaae70f703"
        }
      ],
      "id": "new_topic_87e0aeeea9ee4295883898a765ae6188",
      "displayName": "What is the limit for number of participants in a meeting?",
      "createdTime": "2022-03-02T14:57:08.4602637Z",
      "createdUserId": "3e27f02e-042d-4f0e-be03-083d03c89917"
    }
  ],
  "botMessages": [
    {
      "channelContent": {
        "web": {
          "contentFormat": "Markdown",
          "content": "[The maximum number of people in a](https://docs.microsoft.com/en-us/microsoftteams/limits-specifications-teams) [regular](https://docs.microsoft.com/en-us/microsoftteams/limits-specifications-teams) [Teams](https://docs.microsoft.com/en-us/microsoftteams/limits-specifications-teams)[meeting is](https://docs.microsoft.com/en-us/microsoftteams/limits-specifications-teams)  currently  300. View-only allows for up to 10,000 listen-only participants to join."
        }
      },
      "id": "ed4c5495-134a-4639-8b83-3eb57587d830"
    }
  ]
}