{
  "intents": [
    {
      "triggerQueries": [
        "O Office 365 é diferente em diferentes dispositivos?",
        "Quais as diferenças do Office 365 num PC, Mac e dispositivo móvel?",
        "O Office 365 será idêntico num PC, Mac e dispositivo móvel?"
      ],
      "dialogId": "new_topic_87514e50f1914c81a862b2c11c889834",
      "isTriggeringEnabled": true,
      "id": "new_topic_87514e50f1914c81a862b2c11c889834",
      "displayName": "O Office 365 será idêntico num PC, Mac e dispositivo móvel?",
      "createdTime": "2022-12-30T14:01:54.0753863Z",
      "updatedTime": "2022-12-30T14:01:54.0753863Z",
      "createdUserId": "1217587e-94d3-4d46-b9e3-9ad63e50a6a1",
      "updatedUserId": "1217587e-94d3-4d46-b9e3-9ad63e50a6a1"
    }
  ],
  "dialogs": [
    {
      "rootNodeId": "dc6a80f8-1525-41fc-b1cf-5bdb7766094b",
      "messageNodes": [
        {
          "botMessageId": "c30bd08d-ebb3-43e3-930f-28500b73797d",
          "nodeType": "BotMessageNode",
          "id": "dc6a80f8-1525-41fc-b1cf-5bdb7766094b",
          "defaultTargetNodeId": "27bc9a18-3bf1-4045-b34a-a4cac3da8e9f"
        }
      ],
      "dialogChangeNodes": [
        {
          "targetDialogId": "new_topic_e347a2395e634a7880736d574ee58956_aeabea4d071f415c8c107e1cb7af5424_assumedsuccess",
          "nodeType": "DialogChangeNode",
          "id": "27bc9a18-3bf1-4045-b34a-a4cac3da8e9f"
        }
      ],
      "id": "new_topic_87514e50f1914c81a862b2c11c889834",
      "displayName": "Untitled",
      "createdTime": "2022-12-30T14:01:54.0753863Z",
      "updatedTime": "2022-12-30T14:01:54.0753863Z",
      "createdUserId": "1217587e-94d3-4d46-b9e3-9ad63e50a6a1",
      "updatedUserId": "1217587e-94d3-4d46-b9e3-9ad63e50a6a1"
    }
  ],
  "botMessages": [
    {
      "channelContent": {
        "web": {
          "contentFormat": "Markdown",
          "content": "As aplicações do Office 365 são adaptadas para funcionar melhor em cada plataforma e dispositivo. As aplicações do Office disponíveis para utilizadores de Mac ou no seu telefone, o número de versões podem ser diferentes das disponíveis para utilizadores de PC."
        }
      },
      "id": "c30bd08d-ebb3-43e3-930f-28500b73797d",
      "createdTime": "2022-12-30T14:00:56.378Z",
      "updatedTime": "2022-12-30T14:00:56.378Z"
    }
  ]
}