{
  "intents": [
    {
      "triggerQueries": [
        "Como posso falar com utilizadores externos no Teams?",
        "Como posso falar com uma pessoa externa no Teams?",
        "É possível conversar com utilizadores externos no Teams?",
        "Posso conversar com pessoas externas no Teams?",
        "Posso conversar com utilizadores externos no Teams?"
      ],
      "dialogId": "new_topic_fc3336edb328452cacba57fc1afd6a0c",
      "isTriggeringEnabled": true,
      "id": "new_topic_fc3336edb328452cacba57fc1afd6a0c",
      "displayName": "Posso conversar com utilizadores externos no Teams?",
      "createdTime": "2023-01-03T12:19:48.4793131Z",
      "updatedTime": "2023-01-03T12:19:48.4793131Z",
      "createdUserId": "1217587e-94d3-4d46-b9e3-9ad63e50a6a1",
      "updatedUserId": "1217587e-94d3-4d46-b9e3-9ad63e50a6a1"
    }
  ],
  "dialogs": [
    {
      "rootNodeId": "3a548e14-c89d-409f-8fae-d131e87c0b82",
      "messageNodes": [
        {
          "botMessageId": "d658968f-bb3d-48e5-8991-d8d10936e7ee",
          "nodeType": "BotMessageNode",
          "id": "3a548e14-c89d-409f-8fae-d131e87c0b82",
          "defaultTargetNodeId": "8765ac90-f8bd-4aaf-a9c4-15f00bf79148"
        }
      ],
      "dialogChangeNodes": [
        {
          "targetDialogId": "new_topic_e347a2395e634a7880736d574ee58956_aeabea4d071f415c8c107e1cb7af5424_assumedsuccess",
          "nodeType": "DialogChangeNode",
          "id": "8765ac90-f8bd-4aaf-a9c4-15f00bf79148"
        }
      ],
      "id": "new_topic_fc3336edb328452cacba57fc1afd6a0c",
      "displayName": "Untitled",
      "createdTime": "2023-01-03T12:19:48.4793131Z",
      "updatedTime": "2023-01-03T12:19:48.4793131Z",
      "createdUserId": "1217587e-94d3-4d46-b9e3-9ad63e50a6a1",
      "updatedUserId": "1217587e-94d3-4d46-b9e3-9ad63e50a6a1"
    }
  ],
  "botMessages": [
    {
      "channelContent": {
        "web": {
          "contentFormat": "Markdown",
          "content": "Quando precisa de comunicar e colaborar com pessoas fora da sua organização, pode utilizar o Acesso Externo do Microsoft Teams (também conhecido como federação) para encontrar, ligar e conversar com os utilizadores noutros domínios (por exemplo, contoso.com).\n\nPode tentar escrever o e-mail do utilizador externo na barra de pesquisa do Teams. Se a pessoa aparecer, selecione o endereço externo e tente conversar.\n\n_Isto requer que_ _determinadas opções sejam habilitados_ _nas_ _respetivas organizações:_\n\n[_Comunicar com utilizadores de outras organizações em Microsoft Teams_](https://docs.microsoft.com/en-us/microsoftteams/communicate-with-users-from-other-organizations)"
        }
      },
      "id": "d658968f-bb3d-48e5-8991-d8d10936e7ee",
      "createdTime": "2023-01-03T12:18:38.418Z",
      "updatedTime": "2023-01-03T12:18:38.418Z"
    }
  ]
}