{
  "intents": [
    {
      "triggerQueries": [
        "What is a guest in Teams?"
      ],
      "dialogId": "new_topic_3f4c2e9e1878421295f8dbb4c98080e6",
      "isTriggeringEnabled": true,
      "id": "new_topic_3f4c2e9e1878421295f8dbb4c98080e6",
      "displayName": "What is a guest in Teams?",
      "description": "https://hickweb.blob.core.windows.net/$web/AdoptBot/AdoptBot2022-English.docx",
      "createdTime": "2022-03-02T14:57:19.3513008Z",
      "updatedTime": "2022-03-02T14:58:43.179487Z",
      "createdUserId": "3e27f02e-042d-4f0e-be03-083d03c89917",
      "updatedUserId": "3e27f02e-042d-4f0e-be03-083d03c89917"
    }
  ],
  "dialogs": [
    {
      "rootNodeId": "cb990406-8601-4f4f-a70d-1990e52b5a6d",
      "messageNodes": [
        {
          "botMessageId": "a537b7d3-222d-4f59-8599-e059fbe9418a",
          "nodeType": "BotMessageNode",
          "id": "cb990406-8601-4f4f-a70d-1990e52b5a6d",
          "defaultTargetNodeId": "20d15bf5-1fb3-439c-8389-e6ac6c29a6a5"
        }
      ],
      "dialogChangeNodes": [
        {
          "targetDialogId": "new_topic_f3954ff416624052b3434952b36c18d0_aeabea4d071f415c8c107e1cb7af5424_assumedsuccess",
          "nodeType": "DialogChangeNode",
          "id": "20d15bf5-1fb3-439c-8389-e6ac6c29a6a5"
        }
      ],
      "id": "new_topic_3f4c2e9e1878421295f8dbb4c98080e6",
      "displayName": "What is a guest in Teams?",
      "createdTime": "2022-03-02T14:57:08.4602637Z",
      "createdUserId": "3e27f02e-042d-4f0e-be03-083d03c89917"
    }
  ],
  "botMessages": [
    {
      "channelContent": {
        "web": {
          "contentFormat": "Markdown",
          "content": "Guest access allows teams in your organization to collaborate with people outside your organization by giving them access to existing teams and channels in Teams.\r\n\r\nAnyone who has a business or regular email account, such as Outlook, Gmail, or others, can [be invited as guests in Teams](https://support.microsoft.com/en-us/office/l%C3%A4gga-till-g%C3%A4ster-till-ett-team-i-teams-fccb4fa6-f864-4508-bdde-256e7384a14f) and join team chats, meetings, and files."
        }
      },
      "id": "a537b7d3-222d-4f59-8599-e059fbe9418a"
    }
  ]
}