{
  "intents": [
    {
      "triggerQueries": [
        "What is a guest in Teams?"
      ],
      "dialogId": "new_topic_97fe00433b9d48b38047ed5293d18254",
      "isTriggeringEnabled": true,
      "id": "new_topic_97fe00433b9d48b38047ed5293d18254",
      "displayName": "What is a guest in Teams?",
      "description": "https://adoptbotv2kb.blob.core.windows.net/%24web/AdoptBot2021-English.docx",
      "createdTime": "2021-01-21T11:36:41.843367Z",
      "updatedTime": "2021-01-21T11:41:31.8390443Z",
      "createdUserId": "aaefd11d-4a6f-43de-b8d1-f4d839285950",
      "updatedUserId": "aaefd11d-4a6f-43de-b8d1-f4d839285950"
    }
  ],
  "dialogs": [
    {
      "rootNodeId": "75c86de4-636c-4965-959f-406457655669",
      "messageNodes": [
        {
          "botMessageId": "8ae385ac-bf6b-4763-91a0-b90a8ffcfff3",
          "nodeType": "BotMessageNode",
          "id": "75c86de4-636c-4965-959f-406457655669",
          "defaultTargetNodeId": "a8edbaa4-5784-4b7b-a354-975536c45ba7"
        }
      ],
      "dialogChangeNodes": [
        {
          "targetDialogId": "new_topic_a96de8db0acd41edb5a2e60fb0d93441_aeabea4d071f415c8c107e1cb7af5424_assumedsuccess",
          "nodeType": "DialogChangeNode",
          "id": "a8edbaa4-5784-4b7b-a354-975536c45ba7"
        }
      ],
      "id": "new_topic_97fe00433b9d48b38047ed5293d18254",
      "displayName": "Dialog for What is a guest in Teams?",
      "createdTime": "2021-01-21T11:36:41.843367Z",
      "updatedTime": "2021-01-21T11:36:41.843367Z",
      "createdUserId": "aaefd11d-4a6f-43de-b8d1-f4d839285950",
      "updatedUserId": "aaefd11d-4a6f-43de-b8d1-f4d839285950"
    }
  ],
  "botMessages": [
    {
      "channelContent": {
        "web": {
          "contentFormat": "Markdown",
          "content": "Guest access allows teams in your organization to collaborate with people outside your organization by giving them access to existing teams and channels in Teams.\r\n\r\nAnyone who has a business or regular email account, such as Outlook, Gmail, or others, can [be invited as guests in Teams](https://support.microsoft.com/en-us/office/l%C3%A4gga-till-g%C3%A4ster-till-ett-team-i-teams-fccb4fa6-f864-4508-bdde-256e7384a14f) and join team chats, meetings, and files."
        }
      },
      "id": "8ae385ac-bf6b-4763-91a0-b90a8ffcfff3",
      "createdTime": "2021-01-21T11:36:41.843367Z",
      "updatedTime": "2021-01-21T11:36:41.843367Z",
      "createdUserId": "aaefd11d-4a6f-43de-b8d1-f4d839285950",
      "updatedUserId": "aaefd11d-4a6f-43de-b8d1-f4d839285950"
    }
  ],
  "createdUtc": "0001-01-01T00:00:00Z"
}