{
  "intents": [
    {
      "triggerQueries": [
        "How do I start a conversation in a team?"
      ],
      "dialogId": "new_topic_66894bc8428844bf9adb5e05aba61f04",
      "isTriggeringEnabled": true,
      "id": "new_topic_66894bc8428844bf9adb5e05aba61f04",
      "displayName": "How do I start a conversation in a team?",
      "description": "https://adoptbotv2kb.blob.core.windows.net/%24web/AdoptBot2021-English.docx",
      "createdTime": "2021-01-21T11:36:41.843367Z",
      "updatedTime": "2021-01-21T11:40:07.6876774Z",
      "createdUserId": "aaefd11d-4a6f-43de-b8d1-f4d839285950",
      "updatedUserId": "aaefd11d-4a6f-43de-b8d1-f4d839285950"
    }
  ],
  "dialogs": [
    {
      "rootNodeId": "5c2c4f8b-d4b9-4cd2-993e-0091ebd1dfa3",
      "messageNodes": [
        {
          "botMessageId": "f0cb7bd0-0201-4cd0-aafa-386235dbae21",
          "nodeType": "BotMessageNode",
          "id": "5c2c4f8b-d4b9-4cd2-993e-0091ebd1dfa3",
          "defaultTargetNodeId": "9817efde-d1d6-4735-a917-dbb9ff5c7127"
        }
      ],
      "dialogChangeNodes": [
        {
          "targetDialogId": "new_topic_a96de8db0acd41edb5a2e60fb0d93441_aeabea4d071f415c8c107e1cb7af5424_assumedsuccess",
          "nodeType": "DialogChangeNode",
          "id": "9817efde-d1d6-4735-a917-dbb9ff5c7127"
        }
      ],
      "id": "new_topic_66894bc8428844bf9adb5e05aba61f04",
      "displayName": "Dialog for How do I start a conversation in a team?",
      "createdTime": "2021-01-21T11:36:41.843367Z",
      "updatedTime": "2021-01-21T11:36:41.843367Z",
      "createdUserId": "aaefd11d-4a6f-43de-b8d1-f4d839285950",
      "updatedUserId": "aaefd11d-4a6f-43de-b8d1-f4d839285950"
    }
  ],
  "botMessages": [
    {
      "channelContent": {
        "web": {
          "contentFormat": "Markdown",
          "content": "In every channel in Teams,  the very first tab is \"Posts\". Think of this as one big group chat. Everyone who has access to the team can see messages on thePosts tab.\r\n\r\n[Follow the steps to send a message to everyone in the](https://support.microsoft.com/en-us/office/skicka-ett-meddelande-till-en-kanal-i-teams-5c8131ce-eaad-4798-bc73-e33f4652a9c4) channel:\r\n\r\n- First, select the channel you want to type in.\r\n- Then click \"Reply\" to reply to  the existing thread or press the \"New conversation” button to start a new one.\r\n- Type your message in the box and select Send.\r\n\r\n\r\nVoila! Your message is now live in the channel\r\n\r\nTip:\r\n\r\nIf you just want to talk to one person or  a  small group,  [start a chat](https://support.microsoft.com/en-us/office/starta-en-chatt-i-teams-0c71b32b-c050-4930-a887-5afbe742b3d8) ."
        }
      },
      "id": "f0cb7bd0-0201-4cd0-aafa-386235dbae21",
      "createdTime": "2021-01-21T11:36:41.843367Z",
      "updatedTime": "2021-01-21T11:36:41.843367Z",
      "createdUserId": "aaefd11d-4a6f-43de-b8d1-f4d839285950",
      "updatedUserId": "aaefd11d-4a6f-43de-b8d1-f4d839285950"
    }
  ],
  "createdUtc": "0001-01-01T00:00:00Z"
}