{
  "intents": [
    {
      "triggerQueries": [
        "How do I use breakout rooms?"
      ],
      "dialogId": "new_topic_21204e22440946f8a53791489f65a5c8",
      "isTriggeringEnabled": true,
      "id": "new_topic_21204e22440946f8a53791489f65a5c8",
      "displayName": "How do I use breakout rooms?",
      "description": "https://adoptbotv2kb.blob.core.windows.net/%24web/AdoptBot2021-English.docx",
      "createdTime": "2021-01-21T11:36:41.843367Z",
      "updatedTime": "2021-01-21T11:42:34.5289283Z",
      "createdUserId": "aaefd11d-4a6f-43de-b8d1-f4d839285950",
      "updatedUserId": "aaefd11d-4a6f-43de-b8d1-f4d839285950"
    }
  ],
  "dialogs": [
    {
      "rootNodeId": "601a3cc1-aee0-4492-b49c-cf2d2a8fa2d1",
      "messageNodes": [
        {
          "botMessageId": "c87ef7fb-80b5-47c3-a999-fd4c706ddb5c",
          "nodeType": "BotMessageNode",
          "id": "601a3cc1-aee0-4492-b49c-cf2d2a8fa2d1",
          "defaultTargetNodeId": "738d74ee-9fc8-44a0-9a24-5c60f6c7a23a"
        }
      ],
      "dialogChangeNodes": [
        {
          "targetDialogId": "new_topic_a96de8db0acd41edb5a2e60fb0d93441_aeabea4d071f415c8c107e1cb7af5424_assumedsuccess",
          "nodeType": "DialogChangeNode",
          "id": "738d74ee-9fc8-44a0-9a24-5c60f6c7a23a"
        }
      ],
      "id": "new_topic_21204e22440946f8a53791489f65a5c8",
      "displayName": "Dialog for How do I use breakout rooms?",
      "createdTime": "2021-01-21T11:36:41.843367Z",
      "updatedTime": "2021-01-21T11:36:41.843367Z",
      "createdUserId": "aaefd11d-4a6f-43de-b8d1-f4d839285950",
      "updatedUserId": "aaefd11d-4a6f-43de-b8d1-f4d839285950"
    }
  ],
  "botMessages": [
    {
      "channelContent": {
        "web": {
          "contentFormat": "Markdown",
          "content": "Breakout rooms are helpful in many scenarios. [Check this always up-to-date guide for how to use breakout rooms in Teams](https://support.microsoft.com/en-us/office/use-breakout-rooms-in-teams-meetings-7de1f48a-da07-466c-a5ab-4ebace28e461) ."
        }
      },
      "id": "c87ef7fb-80b5-47c3-a999-fd4c706ddb5c",
      "createdTime": "2021-01-21T11:36:41.843367Z",
      "updatedTime": "2021-01-21T11:36:41.843367Z",
      "createdUserId": "aaefd11d-4a6f-43de-b8d1-f4d839285950",
      "updatedUserId": "aaefd11d-4a6f-43de-b8d1-f4d839285950"
    }
  ],
  "createdUtc": "0001-01-01T00:00:00Z"
}