{
  "intents": [
    {
      "intentType": "Regular",
      "triggerQueries": [
        "Can I get an attendance report?"
      ],
      "dialogId": "new_topic_c5c09ea86a17419680c6f3565c5eba88",
      "isTriggeringEnabled": true,
      "id": "new_topic_c5c09ea86a17419680c6f3565c5eba88",
      "displayName": "Can I get an attendance report?",
      "description": "https://adoptbotv2kb.blob.core.windows.net/%24web/AdoptBot2021-English.docx",
      "createdTime": "2021-01-21T11:36:41.843367Z",
      "updatedTime": "2021-01-21T11:41:43.044875Z",
      "createdUserId": "aaefd11d-4a6f-43de-b8d1-f4d839285950",
      "updatedUserId": "aaefd11d-4a6f-43de-b8d1-f4d839285950"
    }
  ],
  "dialogs": [
    {
      "rootNodeId": "ecd15712-4216-4a07-9136-52040afd3b76",
      "messageNodes": [
        {
          "botMessageId": "2915d671-267d-4f12-a42a-bac354105549",
          "nodeType": "BotMessageNode",
          "id": "ecd15712-4216-4a07-9136-52040afd3b76",
          "defaultTargetNodeId": "91b1a919-10ae-4228-b1cc-32cbe0ec7e34"
        }
      ],
      "dialogChangeNodes": [
        {
          "targetDialogId": "new_topic_a96de8db0acd41edb5a2e60fb0d93441_aeabea4d071f415c8c107e1cb7af5424_assumedsuccess",
          "nodeType": "DialogChangeNode",
          "id": "91b1a919-10ae-4228-b1cc-32cbe0ec7e34"
        }
      ],
      "id": "new_topic_c5c09ea86a17419680c6f3565c5eba88",
      "displayName": "Dialog for Can I get an attendance report?",
      "createdTime": "2021-01-21T11:36:41.843367Z",
      "updatedTime": "2021-01-21T11:36:41.843367Z",
      "createdUserId": "aaefd11d-4a6f-43de-b8d1-f4d839285950",
      "updatedUserId": "aaefd11d-4a6f-43de-b8d1-f4d839285950"
    }
  ],
  "botMessages": [
    {
      "channelContent": {
        "web": {
          "contentFormat": "Markdown",
          "content": "Meeting organizers can view and download a meeting attendance report. Find this report in the Participants pane of the meeting, by clicking the download arrow as shown below. You can download the report as a .CSV (can be opened in Excel).\r\n\r\nSee this article for details: [Microsoft Teams meeting attendance report](https://docs.microsoft.com/en-us/microsoftteams/teams-analytics-and-reports/meeting-attendance-report)"
        }
      },
      "id": "2915d671-267d-4f12-a42a-bac354105549",
      "createdTime": "2021-01-21T11:36:41.843367Z",
      "updatedTime": "2021-01-21T11:36:41.843367Z",
      "createdUserId": "aaefd11d-4a6f-43de-b8d1-f4d839285950",
      "updatedUserId": "aaefd11d-4a6f-43de-b8d1-f4d839285950"
    }
  ]
}