{
  "intents": [
    {
      "intentType": "Regular",
      "triggerQueries": [
        "How do guests join a team?"
      ],
      "dialogId": "new_topic_a24251ecaa5341619544c33c3eb76eb8",
      "isTriggeringEnabled": true,
      "id": "new_topic_a24251ecaa5341619544c33c3eb76eb8",
      "displayName": "How do guests join a team?",
      "description": "https://adoptbotv2kb.blob.core.windows.net/%24web/AdoptBot2021-English.docx",
      "createdTime": "2021-01-21T11:36:41.843367Z",
      "updatedTime": "2021-01-21T11:41:29.9160261Z",
      "createdUserId": "aaefd11d-4a6f-43de-b8d1-f4d839285950",
      "updatedUserId": "aaefd11d-4a6f-43de-b8d1-f4d839285950"
    }
  ],
  "dialogs": [
    {
      "rootNodeId": "b8a9e92d-0e99-45e5-b6fe-fc7934ba826d",
      "messageNodes": [
        {
          "botMessageId": "3c212506-4cfb-4d6b-a974-c6422d34a103",
          "nodeType": "BotMessageNode",
          "id": "b8a9e92d-0e99-45e5-b6fe-fc7934ba826d",
          "defaultTargetNodeId": "11c3712f-66e7-4730-93fe-c94c403bf71b"
        }
      ],
      "dialogChangeNodes": [
        {
          "targetDialogId": "new_topic_a96de8db0acd41edb5a2e60fb0d93441_aeabea4d071f415c8c107e1cb7af5424_assumedsuccess",
          "nodeType": "DialogChangeNode",
          "id": "11c3712f-66e7-4730-93fe-c94c403bf71b"
        }
      ],
      "id": "new_topic_a24251ecaa5341619544c33c3eb76eb8",
      "displayName": "Dialog for How do guests join a team?",
      "createdTime": "2021-01-21T11:36:41.843367Z",
      "updatedTime": "2021-01-21T11:36:41.843367Z",
      "createdUserId": "aaefd11d-4a6f-43de-b8d1-f4d839285950",
      "updatedUserId": "aaefd11d-4a6f-43de-b8d1-f4d839285950"
    }
  ],
  "botMessages": [
    {
      "channelContent": {
        "web": {
          "contentFormat": "Markdown",
          "content": "To add a guest to your team  in Teams: Select  Teams and go to the team  in your list of teams. Choose More options &gt; Add member . Enter the guest's email address."
        }
      },
      "id": "3c212506-4cfb-4d6b-a974-c6422d34a103",
      "createdTime": "2021-01-21T11:36:41.843367Z",
      "updatedTime": "2021-01-21T11:36:41.843367Z",
      "createdUserId": "aaefd11d-4a6f-43de-b8d1-f4d839285950",
      "updatedUserId": "aaefd11d-4a6f-43de-b8d1-f4d839285950"
    }
  ]
}