{
  "intents": [
    {
      "triggerQueries": [
        "How much OneDrive space do I get with Microsoft 365?"
      ],
      "dialogId": "new_topic_9a31b68b1b2247d891a1eb0d5d4ea24e",
      "isTriggeringEnabled": true,
      "id": "new_topic_9a31b68b1b2247d891a1eb0d5d4ea24e",
      "displayName": "How much OneDrive space do I get with Microsoft 365?",
      "description": "https://hickweb.blob.core.windows.net/$web/AdoptBot/AdoptBot2022-English.docx",
      "createdTime": "2022-03-02T14:57:19.3356723Z",
      "updatedTime": "2022-03-02T15:01:20.2419241Z",
      "createdUserId": "3e27f02e-042d-4f0e-be03-083d03c89917",
      "updatedUserId": "3e27f02e-042d-4f0e-be03-083d03c89917"
    }
  ],
  "dialogs": [
    {
      "rootNodeId": "efafc8a4-d010-4613-a67f-1e282a413915",
      "messageNodes": [
        {
          "botMessageId": "30004872-187a-43a5-9b1e-f74c8c1f6d2d",
          "nodeType": "BotMessageNode",
          "id": "efafc8a4-d010-4613-a67f-1e282a413915",
          "defaultTargetNodeId": "a2f3eb81-210d-44fb-a0ae-6cf9986f2f10"
        }
      ],
      "dialogChangeNodes": [
        {
          "targetDialogId": "new_topic_f3954ff416624052b3434952b36c18d0_aeabea4d071f415c8c107e1cb7af5424_assumedsuccess",
          "nodeType": "DialogChangeNode",
          "id": "a2f3eb81-210d-44fb-a0ae-6cf9986f2f10"
        }
      ],
      "id": "new_topic_9a31b68b1b2247d891a1eb0d5d4ea24e",
      "displayName": "How much OneDrive space do I get with Microsoft 365?",
      "createdTime": "2022-03-02T14:57:08.4602637Z",
      "createdUserId": "3e27f02e-042d-4f0e-be03-083d03c89917"
    }
  ],
  "botMessages": [
    {
      "channelContent": {
        "web": {
          "contentFormat": "Markdown",
          "content": "Most users receive 1 TB (1,000GB) of storage space in OneDrive\r\n\r\n[Based on your licensing](https://docs.microsoft.com/en-us/onedrive/set-default-storage-space) this can be raised to 5 TB (5,000 GB) per user."
        }
      },
      "id": "30004872-187a-43a5-9b1e-f74c8c1f6d2d"
    }
  ]
}