{
  "intents": [
    {
      "triggerQueries": [
        "Who can attend a phone conference call? And who can I hear?"
      ],
      "dialogId": "new_topic_76493b0658334cff8a53ef70b7a1d4eb",
      "isTriggeringEnabled": true,
      "id": "new_topic_76493b0658334cff8a53ef70b7a1d4eb",
      "displayName": "Who can attend a phone conference call? And who can I hear?",
      "description": "https://hickweb.blob.core.windows.net/$web/AdoptBot/AdoptBot2022-English.docx",
      "createdTime": "2022-03-02T14:57:19.3356723Z",
      "updatedTime": "2022-03-02T15:01:24.5076435Z",
      "createdUserId": "3e27f02e-042d-4f0e-be03-083d03c89917",
      "updatedUserId": "3e27f02e-042d-4f0e-be03-083d03c89917"
    }
  ],
  "dialogs": [
    {
      "rootNodeId": "04aa2fc5-30cb-4a76-a919-39d96931b547",
      "messageNodes": [
        {
          "botMessageId": "ec613f10-5561-4c99-9574-e1e4e4bddb9f",
          "nodeType": "BotMessageNode",
          "id": "04aa2fc5-30cb-4a76-a919-39d96931b547",
          "defaultTargetNodeId": "a3ff5a85-de8d-4d29-8b6b-36bc837dc02a"
        }
      ],
      "dialogChangeNodes": [
        {
          "targetDialogId": "new_topic_f3954ff416624052b3434952b36c18d0_aeabea4d071f415c8c107e1cb7af5424_assumedsuccess",
          "nodeType": "DialogChangeNode",
          "id": "a3ff5a85-de8d-4d29-8b6b-36bc837dc02a"
        }
      ],
      "id": "new_topic_76493b0658334cff8a53ef70b7a1d4eb",
      "displayName": "Who can attend a phone conference call? And who can I hear?",
      "createdTime": "2022-03-02T14:57:08.4602637Z",
      "createdUserId": "3e27f02e-042d-4f0e-be03-083d03c89917"
    }
  ],
  "botMessages": [
    {
      "channelContent": {
        "web": {
          "contentFormat": "Markdown",
          "content": "Anyone who has the dial-in number and conference ID can join a Microsoft Teams meeting, unless the meeting organizer has locked the meeting.\r\n\r\nWhether you are calling in using a phone or the Microsoft Teams apps, you will be able to hear everyone else on the call, and they can hear you. The meeting organizer has the ability to mute meeting attendees if they do not want to hear them."
        }
      },
      "id": "ec613f10-5561-4c99-9574-e1e4e4bddb9f"
    }
  ]
}