{
  "intents": [
    {
      "triggerQueries": [
        "How do I know if my device can run Office?"
      ],
      "dialogId": "new_topic_1ce3d9d7d7f24e938ecc524ddad9eeec",
      "isTriggeringEnabled": true,
      "id": "new_topic_1ce3d9d7d7f24e938ecc524ddad9eeec",
      "displayName": "How do I know if my device can run Office?",
      "description": "https://hickweb.blob.core.windows.net/$web/AdoptBot/AdoptBot2022-English.docx",
      "createdTime": "2022-03-02T14:57:19.3356723Z",
      "updatedTime": "2022-03-02T15:00:51.6605257Z",
      "createdUserId": "3e27f02e-042d-4f0e-be03-083d03c89917",
      "updatedUserId": "3e27f02e-042d-4f0e-be03-083d03c89917"
    }
  ],
  "dialogs": [
    {
      "rootNodeId": "d64f1a9b-37ad-4df5-be67-306ac1747f2c",
      "messageNodes": [
        {
          "botMessageId": "7f876847-3f3d-4c5c-a6f3-9610b0760359",
          "nodeType": "BotMessageNode",
          "id": "d64f1a9b-37ad-4df5-be67-306ac1747f2c",
          "defaultTargetNodeId": "07e65c9f-0f91-4647-b552-713b219de657"
        }
      ],
      "dialogChangeNodes": [
        {
          "targetDialogId": "new_topic_f3954ff416624052b3434952b36c18d0_aeabea4d071f415c8c107e1cb7af5424_assumedsuccess",
          "nodeType": "DialogChangeNode",
          "id": "07e65c9f-0f91-4647-b552-713b219de657"
        }
      ],
      "id": "new_topic_1ce3d9d7d7f24e938ecc524ddad9eeec",
      "displayName": "How do I know if my device can run Office?",
      "createdTime": "2022-03-02T14:57:08.4602637Z",
      "createdUserId": "3e27f02e-042d-4f0e-be03-083d03c89917"
    }
  ],
  "botMessages": [
    {
      "channelContent": {
        "web": {
          "contentFormat": "Markdown",
          "content": "Office 365 is compatible  with Windows, Mac, iPhone, Android. For compatible versions of Windows and macOS, and for other feature requirements, see [System Requirements](https://products.office.com/en-us/office-system-requirements)"
        }
      },
      "id": "7f876847-3f3d-4c5c-a6f3-9610b0760359"
    }
  ]
}