{
  "intents": [
    {
      "triggerQueries": [
        "What is Exchange Online?"
      ],
      "dialogId": "new_topic_01b190e2a36a47a2a124be0b83fdd1df",
      "isTriggeringEnabled": true,
      "id": "new_topic_01b190e2a36a47a2a124be0b83fdd1df",
      "displayName": "What is Exchange Online?",
      "description": "https://hickweb.blob.core.windows.net/$web/AdoptBot/AdoptBot2022-English.docx",
      "createdTime": "2022-03-02T14:57:19.3513008Z",
      "updatedTime": "2022-03-02T14:59:00.8731665Z",
      "createdUserId": "3e27f02e-042d-4f0e-be03-083d03c89917",
      "updatedUserId": "3e27f02e-042d-4f0e-be03-083d03c89917"
    }
  ],
  "dialogs": [
    {
      "rootNodeId": "fd3672d9-096c-4a86-baec-aadc2c816c9b",
      "messageNodes": [
        {
          "botMessageId": "4636468a-6374-498c-bf11-bd50990a13be",
          "nodeType": "BotMessageNode",
          "id": "fd3672d9-096c-4a86-baec-aadc2c816c9b",
          "defaultTargetNodeId": "13622396-5756-4d66-9338-66995e441412"
        }
      ],
      "dialogChangeNodes": [
        {
          "targetDialogId": "new_topic_f3954ff416624052b3434952b36c18d0_aeabea4d071f415c8c107e1cb7af5424_assumedsuccess",
          "nodeType": "DialogChangeNode",
          "id": "13622396-5756-4d66-9338-66995e441412"
        }
      ],
      "id": "new_topic_01b190e2a36a47a2a124be0b83fdd1df",
      "displayName": "What is Exchange Online?",
      "createdTime": "2022-03-02T14:57:08.4602637Z",
      "createdUserId": "3e27f02e-042d-4f0e-be03-083d03c89917"
    }
  ],
  "botMessages": [
    {
      "channelContent": {
        "web": {
          "contentFormat": "Markdown",
          "content": "Exchange Online is part of Microsoft 365. It provides email and calendar. Click the Outlook icon in Office 365 to launch."
        }
      },
      "id": "4636468a-6374-498c-bf11-bd50990a13be"
    }
  ]
}