{
  "intents": [
    {
      "triggerQueries": [
        "Where can I find the Outlook add-in for Teams meetings?"
      ],
      "dialogId": "new_topic_7047f61cce7d41a7bb8aea32b74a26ea",
      "isTriggeringEnabled": true,
      "id": "new_topic_7047f61cce7d41a7bb8aea32b74a26ea",
      "displayName": "Where can I find the Outlook add-in for Teams meetings?",
      "description": "https://adoptbotv2kb.blob.core.windows.net/%24web/AdoptBot2021-English.docx",
      "createdTime": "2021-01-21T11:36:41.843367Z",
      "updatedTime": "2021-01-21T11:41:33.0223107Z",
      "createdUserId": "aaefd11d-4a6f-43de-b8d1-f4d839285950",
      "updatedUserId": "aaefd11d-4a6f-43de-b8d1-f4d839285950"
    }
  ],
  "dialogs": [
    {
      "rootNodeId": "f194d0b5-513c-4841-9e6b-127f57c4a993",
      "messageNodes": [
        {
          "botMessageId": "90a66448-8aa5-4f55-bf4f-cc4b70009fc7",
          "nodeType": "BotMessageNode",
          "id": "f194d0b5-513c-4841-9e6b-127f57c4a993",
          "defaultTargetNodeId": "cda0ce58-2711-440f-beaa-ee4a93e3b558"
        }
      ],
      "dialogChangeNodes": [
        {
          "targetDialogId": "new_topic_a96de8db0acd41edb5a2e60fb0d93441_aeabea4d071f415c8c107e1cb7af5424_assumedsuccess",
          "nodeType": "DialogChangeNode",
          "id": "cda0ce58-2711-440f-beaa-ee4a93e3b558"
        }
      ],
      "id": "new_topic_7047f61cce7d41a7bb8aea32b74a26ea",
      "displayName": "Dialog for Where can I find the Outlook add-in for Teams meetings?",
      "createdTime": "2021-01-21T11:36:41.843367Z",
      "updatedTime": "2021-01-21T11:36:41.843367Z",
      "createdUserId": "aaefd11d-4a6f-43de-b8d1-f4d839285950",
      "updatedUserId": "aaefd11d-4a6f-43de-b8d1-f4d839285950"
    }
  ],
  "botMessages": [
    {
      "channelContent": {
        "web": {
          "contentFormat": "Markdown",
          "content": "The Teams Meeting add-in is automatically installed for users who have Microsoft Teams and either Office 2013, Office 2016, or Office 2019 installed on their Windows PC. Users see the  Teams meeting  \" add- in\" on the ribbon in the Outlook calendar.\r\n\r\nUse[the T](https://docs.microsoft.com/en-us/microsoftteams/teams-add-in-for-outlook) [eams meeting](https://docs.microsoft.com/en-us/microsoftteams/teams-add-in-for-outlook) [add-in in Outlook](https://docs.microsoft.com/en-us/microsoftteams/teams-add-in-for-outlook)\r\n\r\nFor Outlook on the web, Teams meetings are created automatically when attendees are invited (can be disabled)."
        }
      },
      "id": "90a66448-8aa5-4f55-bf4f-cc4b70009fc7",
      "createdTime": "2021-01-21T11:36:41.843367Z",
      "updatedTime": "2021-01-21T11:36:41.843367Z",
      "createdUserId": "aaefd11d-4a6f-43de-b8d1-f4d839285950",
      "updatedUserId": "aaefd11d-4a6f-43de-b8d1-f4d839285950"
    }
  ],
  "createdUtc": "0001-01-01T00:00:00Z"
}