{
  "intents": [
    {
      "triggerQueries": [
        "Posso mudar a visibilidade de um canal?",
        "Posso esconder um canal?",
        "Como escondo um canal?"
      ],
      "dialogId": "new_topic_996b288c64404bc7945420b41e2392dc",
      "isTriggeringEnabled": true,
      "id": "new_topic_996b288c64404bc7945420b41e2392dc",
      "displayName": "Esconder e mostrar um canal",
      "createdTime": "2022-12-30T13:55:20.3101768Z",
      "updatedTime": "2022-12-30T13:55:20.3101768Z",
      "createdUserId": "1217587e-94d3-4d46-b9e3-9ad63e50a6a1",
      "updatedUserId": "1217587e-94d3-4d46-b9e3-9ad63e50a6a1"
    }
  ],
  "dialogs": [
    {
      "rootNodeId": "291170ae-e7a1-49dc-abca-78fbbd0ef776",
      "messageNodes": [
        {
          "botMessageId": "c7ce84dd-37d5-4848-883e-7371a4e696f6",
          "nodeType": "BotMessageNode",
          "id": "291170ae-e7a1-49dc-abca-78fbbd0ef776",
          "defaultTargetNodeId": "5d922b92-117e-4a42-a129-bc4e94495b9b"
        }
      ],
      "dialogChangeNodes": [
        {
          "targetDialogId": "new_topic_e347a2395e634a7880736d574ee58956_aeabea4d071f415c8c107e1cb7af5424_assumedsuccess",
          "nodeType": "DialogChangeNode",
          "id": "5d922b92-117e-4a42-a129-bc4e94495b9b"
        }
      ],
      "id": "new_topic_996b288c64404bc7945420b41e2392dc",
      "displayName": "Untitled",
      "createdTime": "2022-12-30T13:55:20.3101768Z",
      "updatedTime": "2022-12-30T13:55:20.3101768Z",
      "createdUserId": "1217587e-94d3-4d46-b9e3-9ad63e50a6a1",
      "updatedUserId": "1217587e-94d3-4d46-b9e3-9ad63e50a6a1"
    }
  ],
  "botMessages": [
    {
      "channelContent": {
        "web": {
          "contentFormat": "Markdown",
          "content": "**Para esconder um canal:**\n\nVá ao nome da equipa e clique em **Mais** **opções** > \"Esconder”.\n\n**Para deixar de esconder um canal:**\n\nNum Canal, clique em Mais Opções > Mostrar."
        }
      },
      "id": "c7ce84dd-37d5-4848-883e-7371a4e696f6",
      "createdTime": "2022-12-30T13:49:20.13Z",
      "updatedTime": "2022-12-30T13:49:20.13Z"
    }
  ]
}