{
  "intents": [
    {
      "triggerQueries": [
        "How do I change my team picture?"
      ],
      "dialogId": "new_topic_de01c32c12b5472387ac715e12e1e540",
      "isTriggeringEnabled": true,
      "id": "new_topic_de01c32c12b5472387ac715e12e1e540",
      "displayName": "How do I change my team picture?",
      "description": "https://hickweb.blob.core.windows.net/$web/AdoptBot/AdoptBot2022-English.docx",
      "createdTime": "2022-03-02T14:57:19.3356723Z",
      "updatedTime": "2022-03-02T15:00:44.8115724Z",
      "createdUserId": "3e27f02e-042d-4f0e-be03-083d03c89917",
      "updatedUserId": "3e27f02e-042d-4f0e-be03-083d03c89917"
    }
  ],
  "dialogs": [
    {
      "rootNodeId": "1c39e1d0-694c-43fe-929a-bfba4208e44f",
      "messageNodes": [
        {
          "botMessageId": "d31fb358-9eb7-40f4-857e-32c3ee3b7d66",
          "nodeType": "BotMessageNode",
          "id": "1c39e1d0-694c-43fe-929a-bfba4208e44f",
          "defaultTargetNodeId": "bd7570cf-d62b-498b-b38f-eaecfc64df6b"
        }
      ],
      "dialogChangeNodes": [
        {
          "targetDialogId": "new_topic_f3954ff416624052b3434952b36c18d0_aeabea4d071f415c8c107e1cb7af5424_assumedsuccess",
          "nodeType": "DialogChangeNode",
          "id": "bd7570cf-d62b-498b-b38f-eaecfc64df6b"
        }
      ],
      "id": "new_topic_de01c32c12b5472387ac715e12e1e540",
      "displayName": "How do I change my team picture?",
      "createdTime": "2022-03-02T14:57:08.4602637Z",
      "createdUserId": "3e27f02e-042d-4f0e-be03-083d03c89917"
    }
  ],
  "botMessages": [
    {
      "channelContent": {
        "web": {
          "contentFormat": "Markdown",
          "content": "Go to the team name and click More options &gt; Manage team . In the Settings tab, click Team picture &gt; Change Picture."
        }
      },
      "id": "d31fb358-9eb7-40f4-857e-32c3ee3b7d66"
    }
  ]
}