{
  "intents": [
    {
      "triggerQueries": [
        "Como vejo um canal escondido?"
      ],
      "dialogId": "new_topic_152b617a0c7244009c2d9ba1ee34464f",
      "isTriggeringEnabled": true,
      "id": "new_topic_152b617a0c7244009c2d9ba1ee34464f",
      "displayName": "Como vejo um canal escondido?",
      "createdTime": "2022-12-30T13:58:53.2280741Z",
      "updatedTime": "2022-12-30T13:58:53.2280741Z",
      "createdUserId": "1217587e-94d3-4d46-b9e3-9ad63e50a6a1",
      "updatedUserId": "1217587e-94d3-4d46-b9e3-9ad63e50a6a1"
    }
  ],
  "dialogs": [
    {
      "rootNodeId": "d12df6af-106a-4d83-af43-26643a2a243f",
      "messageNodes": [
        {
          "botMessageId": "56891c6e-ae74-46e0-80d1-7bdbcb09c3d4",
          "nodeType": "BotMessageNode",
          "id": "d12df6af-106a-4d83-af43-26643a2a243f",
          "defaultTargetNodeId": "5b849b25-df1c-48b2-bd83-6528d7634741"
        }
      ],
      "dialogChangeNodes": [
        {
          "targetDialogId": "new_topic_e347a2395e634a7880736d574ee58956_aeabea4d071f415c8c107e1cb7af5424_assumedsuccess",
          "nodeType": "DialogChangeNode",
          "id": "5b849b25-df1c-48b2-bd83-6528d7634741"
        }
      ],
      "id": "new_topic_152b617a0c7244009c2d9ba1ee34464f",
      "displayName": "Untitled",
      "createdTime": "2022-12-30T13:58:53.2280741Z",
      "updatedTime": "2022-12-30T13:58:53.2280741Z",
      "createdUserId": "1217587e-94d3-4d46-b9e3-9ad63e50a6a1",
      "updatedUserId": "1217587e-94d3-4d46-b9e3-9ad63e50a6a1"
    }
  ],
  "botMessages": [
    {
      "channelContent": {
        "web": {
          "contentFormat": "Markdown",
          "content": "Vá ao nome da sua equipa e clique em Canais Ocultos. Selecione Show em qualquer canal que pretenda ver na sua lista de canais."
        }
      },
      "id": "56891c6e-ae74-46e0-80d1-7bdbcb09c3d4",
      "createdTime": "2022-12-30T13:58:35.017Z",
      "updatedTime": "2022-12-30T13:58:35.017Z"
    }
  ]
}