{
  "intents": [
    {
      "triggerQueries": [
        "What is a Teams channel?"
      ],
      "dialogId": "new_topic_051ee04428a947169a646f6b798dbef1",
      "isTriggeringEnabled": true,
      "id": "new_topic_051ee04428a947169a646f6b798dbef1",
      "displayName": "What is a Teams channel?",
      "description": "https://adoptbotv2kb.blob.core.windows.net/%24web/AdoptBot2021-English.docx",
      "createdTime": "2021-01-21T11:36:41.843367Z",
      "updatedTime": "2021-01-21T11:40:08.7126168Z",
      "createdUserId": "aaefd11d-4a6f-43de-b8d1-f4d839285950",
      "updatedUserId": "aaefd11d-4a6f-43de-b8d1-f4d839285950"
    }
  ],
  "dialogs": [
    {
      "rootNodeId": "8a1e3d6d-0f5e-4451-9844-6bd413fe73f8",
      "messageNodes": [
        {
          "botMessageId": "9add99c6-b703-4890-9068-7cbc2dcddfcc",
          "nodeType": "BotMessageNode",
          "id": "8a1e3d6d-0f5e-4451-9844-6bd413fe73f8",
          "defaultTargetNodeId": "b556e2da-57bb-40b5-be89-db71f9c15326"
        }
      ],
      "dialogChangeNodes": [
        {
          "targetDialogId": "new_topic_a96de8db0acd41edb5a2e60fb0d93441_aeabea4d071f415c8c107e1cb7af5424_assumedsuccess",
          "nodeType": "DialogChangeNode",
          "id": "b556e2da-57bb-40b5-be89-db71f9c15326"
        }
      ],
      "id": "new_topic_051ee04428a947169a646f6b798dbef1",
      "displayName": "Dialog for What is a Teams channel?",
      "createdTime": "2021-01-21T11:36:41.843367Z",
      "updatedTime": "2021-01-21T11:36:41.843367Z",
      "createdUserId": "aaefd11d-4a6f-43de-b8d1-f4d839285950",
      "updatedUserId": "aaefd11d-4a6f-43de-b8d1-f4d839285950"
    }
  ],
  "botMessages": [
    {
      "channelContent": {
        "web": {
          "contentFormat": "Markdown",
          "content": "Channels are collaboration spaces within a team where the work itself is done. Channels are dedicated sections within a team to keep conversations organized by specific topics, projects, disciplines, whatever works for your team! A channel is the place you go where everyone on your team can openly have conversations.\r\n\r\nFiles that you share in the chat in a  channel, are organized under the Files tab in each channel."
        }
      },
      "id": "9add99c6-b703-4890-9068-7cbc2dcddfcc",
      "createdTime": "2021-01-21T11:36:41.843367Z",
      "updatedTime": "2021-01-21T11:36:41.843367Z",
      "createdUserId": "aaefd11d-4a6f-43de-b8d1-f4d839285950",
      "updatedUserId": "aaefd11d-4a6f-43de-b8d1-f4d839285950"
    }
  ],
  "createdUtc": "0001-01-01T00:00:00Z"
}