{
  "intents": [
    {
      "triggerQueries": [
        "How can I create a team from an existing team?"
      ],
      "dialogId": "new_topic_ad17f44145d84b74b2c9982c04736ff2",
      "isTriggeringEnabled": true,
      "id": "new_topic_ad17f44145d84b74b2c9982c04736ff2",
      "displayName": "How can I create a team from an existing team?",
      "description": "https://hickweb.blob.core.windows.net/$web/AdoptBot/AdoptBot2022-English.docx",
      "createdTime": "2022-03-02T14:57:19.3513008Z",
      "updatedTime": "2022-03-02T14:58:27.1936371Z",
      "createdUserId": "3e27f02e-042d-4f0e-be03-083d03c89917",
      "updatedUserId": "3e27f02e-042d-4f0e-be03-083d03c89917"
    }
  ],
  "dialogs": [
    {
      "rootNodeId": "51fdcc83-2fa2-403b-a2bb-7d5882be8776",
      "messageNodes": [
        {
          "botMessageId": "34418fa9-c80e-4f6b-a078-e399968c5832",
          "nodeType": "BotMessageNode",
          "id": "51fdcc83-2fa2-403b-a2bb-7d5882be8776",
          "defaultTargetNodeId": "3064ab94-ede0-489c-8325-6f8dbbffd0ef"
        }
      ],
      "dialogChangeNodes": [
        {
          "targetDialogId": "new_topic_f3954ff416624052b3434952b36c18d0_aeabea4d071f415c8c107e1cb7af5424_assumedsuccess",
          "nodeType": "DialogChangeNode",
          "id": "3064ab94-ede0-489c-8325-6f8dbbffd0ef"
        }
      ],
      "id": "new_topic_ad17f44145d84b74b2c9982c04736ff2",
      "displayName": "How can I create a team from an existing team?",
      "createdTime": "2022-03-02T14:57:08.4602637Z",
      "createdUserId": "3e27f02e-042d-4f0e-be03-083d03c89917"
    }
  ],
  "botMessages": [
    {
      "channelContent": {
        "web": {
          "contentFormat": "Markdown",
          "content": "[Create a team from an existing team](https://support.microsoft.com/en-us/office/skapa-ett-team-fr%C3%A5n-ett-befintligt-team-f41a759b-3101-4af6-93bd-6aba0e5d7635)\r\n\r\nYou can reuse the existing structure and settings for a new team.\r\n\r\nTo create a Team: In the Teams sidebar,  click Teams. At the bottom of your teams list, click “ Join or create a team \" and then click Create a new team.\r\n\r\nSelect the \" From a group or team \" option. Select the existing team or the  [Microsoft 365](https://support.microsoft.com/en-us/office/skapa-ett-team-fr%C3%A5n-en-befintlig-grupp-24ec428e-40d7-4a1a-ab87-29be7d145865) group you want to create a team from . Choose a new name and review your settings.\r\n\r\nAfter you create your team,  you can invite people. You can add individual users, groups, and even entire contact groups  (distribution lists).\r\n\r\nTip: Don't forget that you should be at least two team owners in each team."
        }
      },
      "id": "34418fa9-c80e-4f6b-a078-e399968c5832"
    }
  ]
}