{
  "intents": [
    {
      "endUserOverrideName": "Ask an Expert",
      "triggerQueries": [
        "Expert help",
        "Expert",
        "Ask an expert"
      ],
      "dialogId": "new_topic_16efe91b88d342d6bf38488381612e9f",
      "isTriggeringEnabled": true,
      "id": "new_topic_16efe91b88d342d6bf38488381612e9f",
      "displayName": "Ask an Expert",
      "createdTime": "2022-03-02T14:42:43.2584368Z",
      "updatedTime": "2022-03-02T14:43:18.2752827Z",
      "createdUserId": "3e27f02e-042d-4f0e-be03-083d03c89917",
      "updatedUserId": "3e27f02e-042d-4f0e-be03-083d03c89917"
    }
  ],
  "dialogs": [
    {
      "rootNodeId": "a2017af7-7281-4b0e-808b-609f68541d4c",
      "dialogChangeNodes": [
        {
          "targetDialogId": "new_topic_f3954ff416624052b3434952b36c18d0_954135cafcd647eaae5999ad91fc08cf_talktoagent",
          "nodeType": "DialogChangeNode",
          "id": "a2017af7-7281-4b0e-808b-609f68541d4c"
        }
      ],
      "id": "new_topic_16efe91b88d342d6bf38488381612e9f",
      "displayName": "Untitled",
      "createdTime": "2022-03-02T14:42:43.2584368Z",
      "updatedTime": "2022-03-02T14:43:18.2752827Z",
      "createdUserId": "3e27f02e-042d-4f0e-be03-083d03c89917",
      "updatedUserId": "3e27f02e-042d-4f0e-be03-083d03c89917"
    }
  ]
}