{
  "intents": [
    {
      "triggerQueries": [
        "How do I record a meeting?"
      ],
      "dialogId": "new_topic_e93f541da60349fc93443431bd51a449",
      "isTriggeringEnabled": true,
      "id": "new_topic_e93f541da60349fc93443431bd51a449",
      "displayName": "How do I record a meeting?",
      "description": "https://adoptbotv2kb.blob.core.windows.net/%24web/AdoptBot2021-English.docx",
      "createdTime": "2021-01-21T11:36:41.843367Z",
      "updatedTime": "2021-01-21T11:41:35.3647745Z",
      "createdUserId": "aaefd11d-4a6f-43de-b8d1-f4d839285950",
      "updatedUserId": "aaefd11d-4a6f-43de-b8d1-f4d839285950"
    }
  ],
  "dialogs": [
    {
      "rootNodeId": "e050a0e5-3497-4168-a584-4d7f24b5b446",
      "messageNodes": [
        {
          "botMessageId": "b987eac8-3498-4b5f-a105-95b13f027c06",
          "nodeType": "BotMessageNode",
          "id": "e050a0e5-3497-4168-a584-4d7f24b5b446",
          "defaultTargetNodeId": "ae5b263f-7ab5-47de-8224-46c8fbc49c78"
        }
      ],
      "dialogChangeNodes": [
        {
          "targetDialogId": "new_topic_a96de8db0acd41edb5a2e60fb0d93441_aeabea4d071f415c8c107e1cb7af5424_assumedsuccess",
          "nodeType": "DialogChangeNode",
          "id": "ae5b263f-7ab5-47de-8224-46c8fbc49c78"
        }
      ],
      "id": "new_topic_e93f541da60349fc93443431bd51a449",
      "displayName": "Dialog for How do I record a meeting?",
      "createdTime": "2021-01-21T11:36:41.843367Z",
      "updatedTime": "2021-01-21T11:36:41.843367Z",
      "createdUserId": "aaefd11d-4a6f-43de-b8d1-f4d839285950",
      "updatedUserId": "aaefd11d-4a6f-43de-b8d1-f4d839285950"
    }
  ],
  "botMessages": [
    {
      "channelContent": {
        "web": {
          "contentFormat": "Markdown",
          "content": "Start or join the meeting.\r\n\r\nTo start recording, go to More options \"...\" and select Start recording .  Everyone in the meeting is informed that recording has started and a message in the chat confirms this. End recording in the same way.\r\n\r\nRead more here: [How to record a meeting in Teams](https://support.microsoft.com/en-us/office/spela-in-ett-m%C3%B6te-i-teams-34dfbe7f-b07d-4a27-b4c6-de62f1348c24)"
        }
      },
      "id": "b987eac8-3498-4b5f-a105-95b13f027c06",
      "createdTime": "2021-01-21T11:36:41.843367Z",
      "updatedTime": "2021-01-21T11:36:41.843367Z",
      "createdUserId": "aaefd11d-4a6f-43de-b8d1-f4d839285950",
      "updatedUserId": "aaefd11d-4a6f-43de-b8d1-f4d839285950"
    }
  ],
  "createdUtc": "0001-01-01T00:00:00Z"
}