{
  "intents": [
    {
      "intentType": "Regular",
      "triggerQueries": [
        "How do I @mention the entire team?"
      ],
      "dialogId": "new_topic_c065457d456c4d918535c19a7c47c775",
      "isTriggeringEnabled": true,
      "id": "new_topic_c065457d456c4d918535c19a7c47c775",
      "displayName": "How do I @mention the entire team?",
      "description": "https://adoptbotv2kb.blob.core.windows.net/%24web/AdoptBot2021-English.docx",
      "createdTime": "2021-01-21T11:36:41.843367Z",
      "updatedTime": "2021-01-21T11:41:22.5940248Z",
      "createdUserId": "aaefd11d-4a6f-43de-b8d1-f4d839285950",
      "updatedUserId": "aaefd11d-4a6f-43de-b8d1-f4d839285950"
    }
  ],
  "dialogs": [
    {
      "rootNodeId": "96db2737-29d0-437d-bb7a-e4d98df3a41d",
      "messageNodes": [
        {
          "botMessageId": "ce5a29bf-9db3-49ca-b82a-422f7e905bfc",
          "nodeType": "BotMessageNode",
          "id": "96db2737-29d0-437d-bb7a-e4d98df3a41d",
          "defaultTargetNodeId": "9a7e1c3c-8e59-439d-ac60-69ce6c3f169e"
        }
      ],
      "dialogChangeNodes": [
        {
          "targetDialogId": "new_topic_a96de8db0acd41edb5a2e60fb0d93441_aeabea4d071f415c8c107e1cb7af5424_assumedsuccess",
          "nodeType": "DialogChangeNode",
          "id": "9a7e1c3c-8e59-439d-ac60-69ce6c3f169e"
        }
      ],
      "id": "new_topic_c065457d456c4d918535c19a7c47c775",
      "displayName": "Dialog for How do I @mention the entire team?",
      "createdTime": "2021-01-21T11:36:41.843367Z",
      "updatedTime": "2021-01-21T11:36:41.843367Z",
      "createdUserId": "aaefd11d-4a6f-43de-b8d1-f4d839285950",
      "updatedUserId": "aaefd11d-4a6f-43de-b8d1-f4d839285950"
    }
  ],
  "botMessages": [
    {
      "channelContent": {
        "web": {
          "contentFormat": "Markdown",
          "content": "To get everyone’s attention in the team  @ mention the team name. Just type @ before the team name,  and then select the team from the menu that appears.\r\n\r\nBy @team name,  all members of the team receive a notification. The type of notification depends on each  individual's  settings. Use this option sparingly because it is like using “reply all” in e-mail."
        }
      },
      "id": "ce5a29bf-9db3-49ca-b82a-422f7e905bfc",
      "createdTime": "2021-01-21T11:36:41.843367Z",
      "updatedTime": "2021-01-21T11:36:41.843367Z",
      "createdUserId": "aaefd11d-4a6f-43de-b8d1-f4d839285950",
      "updatedUserId": "aaefd11d-4a6f-43de-b8d1-f4d839285950"
    }
  ]
}