{
  "intents": [
    {
      "triggerQueries": [
        "Onde posso encontrar o add-in do Outlook para reuniões no Teams?"
      ],
      "dialogId": "new_topic_caa4855c953842b7864ade1bc9ec1197",
      "isTriggeringEnabled": true,
      "id": "new_topic_caa4855c953842b7864ade1bc9ec1197",
      "displayName": "Onde posso encontrar o add-in do Outlook para reuniões no Teams?",
      "createdTime": "2023-01-03T12:09:32.0107908Z",
      "updatedTime": "2023-01-03T12:09:32.0107908Z",
      "createdUserId": "1217587e-94d3-4d46-b9e3-9ad63e50a6a1",
      "updatedUserId": "1217587e-94d3-4d46-b9e3-9ad63e50a6a1"
    }
  ],
  "dialogs": [
    {
      "rootNodeId": "e74a7769-4ef1-4a5f-a98f-a2230407fc4a",
      "messageNodes": [
        {
          "botMessageId": "2ec10d46-c7d8-4197-8b45-498958648721",
          "nodeType": "BotMessageNode",
          "id": "e74a7769-4ef1-4a5f-a98f-a2230407fc4a",
          "defaultTargetNodeId": "4c7a5756-644a-4fe5-81a2-edaf1df3a84c"
        }
      ],
      "dialogChangeNodes": [
        {
          "targetDialogId": "new_topic_e347a2395e634a7880736d574ee58956_aeabea4d071f415c8c107e1cb7af5424_assumedsuccess",
          "nodeType": "DialogChangeNode",
          "id": "4c7a5756-644a-4fe5-81a2-edaf1df3a84c"
        }
      ],
      "id": "new_topic_caa4855c953842b7864ade1bc9ec1197",
      "displayName": "Untitled",
      "createdTime": "2023-01-03T12:09:32.0107908Z",
      "updatedTime": "2023-01-03T12:09:32.0107908Z",
      "createdUserId": "1217587e-94d3-4d46-b9e3-9ad63e50a6a1",
      "updatedUserId": "1217587e-94d3-4d46-b9e3-9ad63e50a6a1"
    }
  ],
  "botMessages": [
    {
      "channelContent": {
        "web": {
          "contentFormat": "Markdown",
          "content": "O add-in Teams Meeting é instalado automaticamente para utilizadores que tenham Microsoft Teams e Office 2013, Office 2016 ou Office 2019 instalados no seu PC Windows. Os utilizadores veem o Teams Meeting \"add-in\" na fita no calendário do Outlook. \n\nUse [o add-in de reuniões do](https://docs.microsoft.com/en-us/microsoftteams/teams-add-in-for-outlook) Teams\n\nPara o Outlook na web, as reuniões das equipas são criadas automaticamente quando os participantes são convidados (podem ser desativados)."
        }
      },
      "id": "2ec10d46-c7d8-4197-8b45-498958648721",
      "createdTime": "2023-01-03T12:09:05.332Z",
      "updatedTime": "2023-01-03T12:09:05.332Z"
    }
  ]
}