{
  "intents": [
    {
      "triggerQueries": [
        "Is Teams secure enough for my information?"
      ],
      "dialogId": "new_topic_f8f85655fb6042918e9b66c7e9db84cf",
      "isTriggeringEnabled": true,
      "id": "new_topic_f8f85655fb6042918e9b66c7e9db84cf",
      "displayName": "Is Teams secure enough for my information?",
      "description": "https://adoptbotv2kb.blob.core.windows.net/%24web/AdoptBot2021-English.docx",
      "createdTime": "2021-01-21T11:36:41.843367Z",
      "updatedTime": "2021-01-21T11:42:46.9284966Z",
      "createdUserId": "aaefd11d-4a6f-43de-b8d1-f4d839285950",
      "updatedUserId": "aaefd11d-4a6f-43de-b8d1-f4d839285950"
    }
  ],
  "dialogs": [
    {
      "rootNodeId": "0c62ce1c-37a4-4ce9-99cb-4d50870540d0",
      "messageNodes": [
        {
          "botMessageId": "664b175c-2c01-41d0-a083-070d5c6ee37a",
          "nodeType": "BotMessageNode",
          "id": "0c62ce1c-37a4-4ce9-99cb-4d50870540d0",
          "defaultTargetNodeId": "c2a72f3d-a8f6-47c1-9215-4b48b8f84968"
        }
      ],
      "dialogChangeNodes": [
        {
          "targetDialogId": "new_topic_a96de8db0acd41edb5a2e60fb0d93441_aeabea4d071f415c8c107e1cb7af5424_assumedsuccess",
          "nodeType": "DialogChangeNode",
          "id": "c2a72f3d-a8f6-47c1-9215-4b48b8f84968"
        }
      ],
      "id": "new_topic_f8f85655fb6042918e9b66c7e9db84cf",
      "displayName": "Dialog for Is Teams secure enough for my information?",
      "createdTime": "2021-01-21T11:36:41.843367Z",
      "updatedTime": "2021-01-21T11:36:41.843367Z",
      "createdUserId": "aaefd11d-4a6f-43de-b8d1-f4d839285950",
      "updatedUserId": "aaefd11d-4a6f-43de-b8d1-f4d839285950"
    }
  ],
  "botMessages": [
    {
      "channelContent": {
        "web": {
          "contentFormat": "Markdown",
          "content": "[Teams offers world-class security](https://www.microsoft.com/en-us/microsoft-teams/security) and meet GDPR requirements and over 90 other certifications including ISO standards.\r\n\r\nPlease note that your organization may have its own policies for where to save sensitive information.\r\n\r\nYour data in Teams is already secure, but in case your organization has specific policies you can help/prevent users from writing sensitive information in the chat or in files. For example, social security numbers, EU passport numbers, health data, or custom defined content can be automatically prevented from being shared in Teams. [You can read more about how your employer can set it up here.](https://docs.microsoft.com/en-us/microsoft-365/compliance/dlp-microsoft-teams?view=o365-worldwide)"
        }
      },
      "id": "664b175c-2c01-41d0-a083-070d5c6ee37a",
      "createdTime": "2021-01-21T11:36:41.843367Z",
      "updatedTime": "2021-01-21T11:36:41.843367Z",
      "createdUserId": "aaefd11d-4a6f-43de-b8d1-f4d839285950",
      "updatedUserId": "aaefd11d-4a6f-43de-b8d1-f4d839285950"
    }
  ],
  "createdUtc": "0001-01-01T00:00:00Z"
}