{
  "intents": [
    {
      "triggerQueries": [
        "Onde posso ver as novidades do Teams?",
        "Há algum lugar com as notícias sobre o Teams?",
        "Onde posso encontrar as últimas notícias sobre o Teams?"
      ],
      "dialogId": "new_topic_f5953371ff9344bfafe365892dca4463",
      "isTriggeringEnabled": true,
      "id": "new_topic_f5953371ff9344bfafe365892dca4463",
      "displayName": "Onde posso ver as novidades do Teams?",
      "createdTime": "2023-01-03T14:23:15.3386378Z",
      "updatedTime": "2023-01-03T15:10:08.6268068Z",
      "createdUserId": "1217587e-94d3-4d46-b9e3-9ad63e50a6a1",
      "updatedUserId": "1217587e-94d3-4d46-b9e3-9ad63e50a6a1"
    }
  ],
  "dialogs": [
    {
      "rootNodeId": "825007bb-435a-46d5-b44d-90d31222ae29",
      "messageNodes": [
        {
          "botMessageId": "a5c4cc8b-7811-4c6b-8fd4-f0e9d8bfb122",
          "nodeType": "BotMessageNode",
          "id": "825007bb-435a-46d5-b44d-90d31222ae29",
          "defaultTargetNodeId": "b0c7b94f-f574-4ba2-8ec1-c5ab4f59da68"
        }
      ],
      "dialogChangeNodes": [
        {
          "targetDialogId": "new_topic_e347a2395e634a7880736d574ee58956_aeabea4d071f415c8c107e1cb7af5424_assumedsuccess",
          "nodeType": "DialogChangeNode",
          "id": "b0c7b94f-f574-4ba2-8ec1-c5ab4f59da68"
        }
      ],
      "id": "new_topic_f5953371ff9344bfafe365892dca4463",
      "displayName": "Untitled",
      "createdTime": "2023-01-03T14:23:15.3386378Z",
      "updatedTime": "2023-01-03T15:10:08.6268068Z",
      "createdUserId": "1217587e-94d3-4d46-b9e3-9ad63e50a6a1",
      "updatedUserId": "1217587e-94d3-4d46-b9e3-9ad63e50a6a1"
    }
  ],
  "botMessages": [
    {
      "channelContent": {
        "web": {
          "contentFormat": "Markdown",
          "content": "Ainda bem que está curioso. Basta escrever \"**/whatsnew**\" na caixa de pesquisada equipa!\n\nTambém pode clicar no botão Ajuda em Equipas e selecionar \"What’s new\".\n\n_Porém a sua organização pode ter optado por desativar_ _algumas_ _funcionalidades._\n\n[Todas as novas funcionalidades ativadas também são publicadas continuamente neste](https://support.microsoft.com/en-us/office/nyheter-i-microsoft-teams-d7092a6d-c896-424c-b362-a472d5f105de#PickTab=Desktop_and_web) website\n\nEscolha para que dispositivo quer ver novidades."
        }
      },
      "id": "a5c4cc8b-7811-4c6b-8fd4-f0e9d8bfb122",
      "createdTime": "2023-01-03T14:21:43.186Z",
      "updatedTime": "2023-01-03T14:21:43.186Z"
    }
  ]
}