{
  "intents": [
    {
      "triggerQueries": [
        "Who can create live events?"
      ],
      "dialogId": "new_topic_a456d20f1358474c932143b1d2f19650",
      "isTriggeringEnabled": true,
      "id": "new_topic_a456d20f1358474c932143b1d2f19650",
      "displayName": "Who can create live events?",
      "description": "https://hickweb.blob.core.windows.net/$web/AdoptBot/AdoptBot2022-English.docx",
      "createdTime": "2022-03-02T14:57:19.3513008Z",
      "updatedTime": "2022-03-02T14:59:12.4630445Z",
      "createdUserId": "3e27f02e-042d-4f0e-be03-083d03c89917",
      "updatedUserId": "3e27f02e-042d-4f0e-be03-083d03c89917"
    }
  ],
  "dialogs": [
    {
      "rootNodeId": "0ba779cc-076e-4f0b-a1bf-45b63496c5c8",
      "messageNodes": [
        {
          "botMessageId": "235de40e-65aa-4b29-8d43-aa471af4481c",
          "nodeType": "BotMessageNode",
          "id": "0ba779cc-076e-4f0b-a1bf-45b63496c5c8",
          "defaultTargetNodeId": "4f560cc9-1b01-4c19-987c-c697f70b09ea"
        }
      ],
      "dialogChangeNodes": [
        {
          "targetDialogId": "new_topic_f3954ff416624052b3434952b36c18d0_aeabea4d071f415c8c107e1cb7af5424_assumedsuccess",
          "nodeType": "DialogChangeNode",
          "id": "4f560cc9-1b01-4c19-987c-c697f70b09ea"
        }
      ],
      "id": "new_topic_a456d20f1358474c932143b1d2f19650",
      "displayName": "Who can create live events?",
      "createdTime": "2022-03-02T14:57:08.4602637Z",
      "createdUserId": "3e27f02e-042d-4f0e-be03-083d03c89917"
    }
  ],
  "botMessages": [
    {
      "channelContent": {
        "web": {
          "contentFormat": "Markdown",
          "content": "To create a live\r\n\r\nevent, a person needs to have the following: A Microsoft/Office 365 Enterprise E3/A3, or E5/A5 license.\r\n\r\n(Your IT administrator can provide more information)\r\n\r\nThen the following is required:\r\n\r\n- Permission to create live events in the Microsoft Teams admin center.\r\n\r\n-  Permission to create live events in Microsoft Stream (for events produced using an external broadcast application or equipment).\r\n\r\n-  Full team membership in the organization (cannot be a guest or from another org).\r\n\r\n-  Private meeting scheduling, screensharing, and IP video sharing, turned on in Teams meeting policy.\r\n\r\nMore details can be found here: [Get started with Microsoft Teams live events](https://support.microsoft.com/en-us/office/get-started-with-microsoft-teams-live-events-d077fec2-a058-483e-9ab5-1494afda578a)"
        }
      },
      "id": "235de40e-65aa-4b29-8d43-aa471af4481c"
    }
  ]
}