{
  "intents": [
    {
      "triggerQueries": [
        "Como o Teams protege a minha informação?",
        "A minha informação está protegida no Teams?",
        "Quais são as ferramentas de proteção de informação do Teams?",
        "Como o Teams protege a minha informação?",
        "Que tipo de proteção de informação existe no Teams?"
      ],
      "dialogId": "new_topic_f6a41e87fc104ea4b6594d6fc74f307f",
      "isTriggeringEnabled": true,
      "id": "new_topic_f6a41e87fc104ea4b6594d6fc74f307f",
      "displayName": "Que tipo de proteção de informação existe no Teams?",
      "createdTime": "2022-12-30T13:36:33.9371918Z",
      "updatedTime": "2022-12-30T13:38:25.7502382Z",
      "createdUserId": "1217587e-94d3-4d46-b9e3-9ad63e50a6a1",
      "updatedUserId": "1217587e-94d3-4d46-b9e3-9ad63e50a6a1"
    }
  ],
  "dialogs": [
    {
      "rootNodeId": "c85c60e8-d9e4-498b-a92b-5fa13d12d3c6",
      "messageNodes": [
        {
          "botMessageId": "5aa5dc1d-fabd-4f7d-8055-3231b5a0cc96",
          "nodeType": "BotMessageNode",
          "id": "c85c60e8-d9e4-498b-a92b-5fa13d12d3c6",
          "defaultTargetNodeId": "90a6b295-7a42-406c-8eb2-e76b391f9a41"
        }
      ],
      "dialogChangeNodes": [
        {
          "targetDialogId": "new_topic_e347a2395e634a7880736d574ee58956_aeabea4d071f415c8c107e1cb7af5424_assumedsuccess",
          "nodeType": "DialogChangeNode",
          "id": "90a6b295-7a42-406c-8eb2-e76b391f9a41"
        }
      ],
      "id": "new_topic_f6a41e87fc104ea4b6594d6fc74f307f",
      "displayName": "Untitled",
      "createdTime": "2022-12-30T13:36:33.9371918Z",
      "updatedTime": "2022-12-30T13:38:25.7502382Z",
      "createdUserId": "1217587e-94d3-4d46-b9e3-9ad63e50a6a1",
      "updatedUserId": "1217587e-94d3-4d46-b9e3-9ad63e50a6a1"
    }
  ],
  "botMessages": [
    {
      "channelContent": {
        "web": {
          "contentFormat": "Markdown",
          "content": "Para garantir as suas necessidades legais, regulamentares e de segurança de conteúdos, as equipas no Microsoft Teams dispõem das seguintes capacidades de proteção de informação através do [Microsoft 365 Security & Compliance Center](https://support.microsoft.com/en-us/office/7e696a40-b86b-4a20-afcc-559218b7b1b8)\n\n**Arquivo:** Qualquer conteúdo armazenado, em qualquer solução Microsoft 365, relacionada com as equipas deve ser preservado imutavelmente de acordo com a política corporativa da empresa.\n\n**Pesquisa de conteúdo de conformidade:** Qualquer conteúdo armazenado em qualquer solução Microsoft 365, pode ser pesquisado através da capacidade de utilização de filtros. Todo o conteúdo pode ser exportado para um local específico para o cumprimento e apoio ao litígio.\n\n**eDiscovery:** As capacidades ricas do eDiscovery no local, incluindo gestão de casos, preservação, pesquisa, análise e exportação estão disponíveis para ajudar os nossos clientes a simplificar o processo eDiscovery e identificar rapidamente dados relevantes, ao mesmo tempo que diminuem o custo e o risco.\n\n**Por detenção legal:** Quando qualquer equipa ou indivíduo é colocado em espera ou em litígio, o _legal hold_ é colocado tanto nas mensagens primárias como nas mensagens arquivadas (sem incluir edições ou eliminações).\n\n**Pesquisa de registo de auditoria:** Todas as atividades da equipa e eventos de negócios devem ser armazenados e disponibilizados para pesquisa e exportação de clientes.\n\n**Troca de proteção** on-line: As mensagens de correio eletrónico enviadas para um canal são filtradas para spam, malware, links maliciosos, falsificação e phishing através da Exchange Online Protection e Advanced Threat Protection para a Microsoft 365.\n\n**Acesso condicional:** Garantimos que o acesso às Equipas está restrito a dispositivos que estejam em conformidade com a sua administração de TI ou organização corporativa definir políticas e regras de segurança. Isto inclui suporte de MDM e MAM com Intune para iOS e Android.\n\nPara obter mais informações sobre estas funcionalidades de conformidade, consulte [a visão geral da segurança e conformidade na Microsoft 365](https://support.microsoft.com/en-us/office/dcb83b2c-ac66-4ced-925d-50eb9698a0b2).\n\nPara obter mais detalhes sobre pesquisas de conteúdos e equipas, consulte a secção Equipas de Executar uma Pesquisa de [Conteúdos no Microsoft 365 Security & Compliance Center](https://support.microsoft.com/en-us/office/61852fd9-fe8a-4880-a339-cb19ed3bff4a#teams)."
        }
      },
      "id": "5aa5dc1d-fabd-4f7d-8055-3231b5a0cc96",
      "createdTime": "2022-12-30T13:35:17.861Z",
      "updatedTime": "2022-12-30T13:35:17.861Z"
    }
  ]
}