{
  "intents": [
    {
      "triggerQueries": [
        "Como faço para entrar em uma reunião de Teams?",
        "Como posso entrar em uma reunião no Teams?",
        "Como acedo a uma reunião de Teams?"
      ],
      "dialogId": "new_topic_5ebc67279b3b49ea90b803382e39b5d9",
      "isTriggeringEnabled": true,
      "id": "new_topic_5ebc67279b3b49ea90b803382e39b5d9",
      "displayName": "Como acedo a uma reunião de Teams?",
      "createdTime": "2022-12-30T16:29:12.3009828Z",
      "updatedTime": "2022-12-30T16:29:16.4642434Z",
      "createdUserId": "1217587e-94d3-4d46-b9e3-9ad63e50a6a1",
      "updatedUserId": "1217587e-94d3-4d46-b9e3-9ad63e50a6a1"
    }
  ],
  "dialogs": [
    {
      "rootNodeId": "44d96eed-e702-4ba6-8cc7-3fef7d31f65d",
      "messageNodes": [
        {
          "botMessageId": "6ef42fd8-976b-485e-91df-8d235df590dc",
          "nodeType": "BotMessageNode",
          "id": "44d96eed-e702-4ba6-8cc7-3fef7d31f65d",
          "defaultTargetNodeId": "6e23cd83-c3fb-4b6b-996b-c5650c355811"
        }
      ],
      "dialogChangeNodes": [
        {
          "targetDialogId": "new_topic_e347a2395e634a7880736d574ee58956_aeabea4d071f415c8c107e1cb7af5424_assumedsuccess",
          "nodeType": "DialogChangeNode",
          "id": "6e23cd83-c3fb-4b6b-996b-c5650c355811"
        }
      ],
      "id": "new_topic_5ebc67279b3b49ea90b803382e39b5d9",
      "displayName": "Untitled",
      "createdTime": "2022-12-30T16:29:12.3009828Z",
      "updatedTime": "2022-12-30T16:29:16.4642434Z",
      "createdUserId": "1217587e-94d3-4d46-b9e3-9ad63e50a6a1",
      "updatedUserId": "1217587e-94d3-4d46-b9e3-9ad63e50a6a1"
    }
  ],
  "botMessages": [
    {
      "channelContent": {
        "web": {
          "contentFormat": "Markdown",
          "content": "[Pode juntar-se a uma](https://support.microsoft.com/en-us/office/ansluta-till-ett-m%C3%B6te-i-teams-1613bb53-f3fa-431e-85a9-d6a91e3468c9#ID0EAACAAA=Dator) reunião de Teams [a](https://support.microsoft.com/en-us/office/ansluta-till-ett-m%C3%B6te-i-teams-1613bb53-f3fa-431e-85a9-d6a91e3468c9#ID0EAACAAA=Dator) [qualquer momento.](https://support.microsoft.com/en-us/office/ansluta-till-ett-m%C3%B6te-i-teams-1613bb53-f3fa-431e-85a9-d6a91e3468c9#ID0EAACAAA=Dator) Clique no link no seu convite de reunião ou selecione **Juntar** diretamente no canal do Teams.\n\nAtravés do calendário no Teams, poderá visualizar o seu calendário, participar e/ou agendar reuniões de Teams."
        }
      },
      "id": "6ef42fd8-976b-485e-91df-8d235df590dc",
      "createdTime": "2022-12-30T16:27:47.208Z",
      "updatedTime": "2022-12-30T16:27:47.208Z"
    }
  ]
}