{
  "intents": [
    {
      "intentType": "Regular",
      "triggerQueries": [
        "What is the maximum number of members I can have in a team?"
      ],
      "dialogId": "new_topic_eb23ef1ab58e44fc92124146ca13c14e",
      "isTriggeringEnabled": true,
      "id": "new_topic_eb23ef1ab58e44fc92124146ca13c14e",
      "displayName": "What is the maximum number of members I can have in a team?",
      "description": "https://adoptbotv2kb.blob.core.windows.net/%24web/AdoptBot2021-English.docx",
      "createdTime": "2021-01-21T11:36:41.843367Z",
      "updatedTime": "2021-01-21T11:39:20.5921066Z",
      "createdUserId": "aaefd11d-4a6f-43de-b8d1-f4d839285950",
      "updatedUserId": "aaefd11d-4a6f-43de-b8d1-f4d839285950"
    }
  ],
  "dialogs": [
    {
      "rootNodeId": "bcaf2407-fc65-431a-bb2f-b17772f57fbd",
      "messageNodes": [
        {
          "botMessageId": "0f6f0a4a-f025-4369-85c2-013be71341d3",
          "nodeType": "BotMessageNode",
          "id": "bcaf2407-fc65-431a-bb2f-b17772f57fbd",
          "defaultTargetNodeId": "25466c2a-d5e4-4e5f-98bb-b16a68cbfcfc"
        }
      ],
      "dialogChangeNodes": [
        {
          "targetDialogId": "new_topic_a96de8db0acd41edb5a2e60fb0d93441_aeabea4d071f415c8c107e1cb7af5424_assumedsuccess",
          "nodeType": "DialogChangeNode",
          "id": "25466c2a-d5e4-4e5f-98bb-b16a68cbfcfc"
        }
      ],
      "id": "new_topic_eb23ef1ab58e44fc92124146ca13c14e",
      "displayName": "Dialog for What is the maximum number of members I can have in a team?",
      "createdTime": "2021-01-21T11:36:41.843367Z",
      "updatedTime": "2021-01-21T11:36:41.843367Z",
      "createdUserId": "aaefd11d-4a6f-43de-b8d1-f4d839285950",
      "updatedUserId": "aaefd11d-4a6f-43de-b8d1-f4d839285950"
    }
  ],
  "botMessages": [
    {
      "channelContent": {
        "web": {
          "contentFormat": "Markdown",
          "content": "[The maximum number of members of a team is](https://docs.microsoft.com/en-us/microsoftteams/limits-specifications-teams) currently10,000people (early 2021). Always click on the link for the latest news, as the limit may have been raised.\r\n\r\nIn 2021, the limit was/will raised/rise to  [25,000 people per team](https://www.microsoft.com/en-us/microsoft-365/roadmap?filters=&searchterms=68723) ."
        }
      },
      "id": "0f6f0a4a-f025-4369-85c2-013be71341d3",
      "createdTime": "2021-01-21T11:36:41.843367Z",
      "updatedTime": "2021-01-21T11:36:41.843367Z",
      "createdUserId": "aaefd11d-4a6f-43de-b8d1-f4d839285950",
      "updatedUserId": "aaefd11d-4a6f-43de-b8d1-f4d839285950"
    }
  ]
}