<botcomponent schemaname="new_topic_e347a2395e634a7880736d574ee58956_7620a288bb3e455984cace1ade5e259c_fallback">
  <componenttype>0</componenttype>
  <description>Tópico do sistema com conteúdo e comportamento para quando o bot não conseguir identificar a intenção do usuário. Também inclui a variável UnrecognizedTriggerPhrase para capturar a entrada não reconhecida.</description>
  <iscustomizable>1</iscustomizable>
  <name>Fallback</name>
  <statecode>0</statecode>
  <statuscode>1</statuscode>
</botcomponent>