{
  "intents": [
    {
      "systemIntentTypes": [
        "Fallback"
      ],
      "intentType": "System",
      "dialogId": "new_topic_e347a2395e634a7880736d574ee58956_7620a288bb3e455984cace1ade5e259c_fallback",
      "isTriggeringEnabled": true,
      "id": "new_topic_e347a2395e634a7880736d574ee58956_7620a288bb3e455984cace1ade5e259c_fallback",
      "displayName": "Fallback",
      "description": "Tópico do sistema com conteúdo e comportamento para quando o bot não conseguir identificar a intenção do usuário. Também inclui a variável UnrecognizedTriggerPhrase para capturar a entrada não reconhecida.",
      "createdTime": "2020-02-07T00:00:00Z",
      "updatedTime": "2022-12-30T11:47:23.4187823Z",
      "createdUserId": "user0",
      "updatedUserId": "1217587e-94d3-4d46-b9e3-9ad63e50a6a1"
    }
  ],
  "dialogs": [
    {
      "rootNodeId": "5d90057f-e569-4f54-afda-bf5d04365cb0",
      "dialogType": "System",
      "messageNodes": [
        {
          "botMessageId": "8aa457c4-a0e0-4247-88d0-d89fcd3c26e9",
          "nodeType": "BotMessageNode",
          "id": "5d90057f-e569-4f54-afda-bf5d04365cb0",
          "defaultTargetNodeId": "260d76be-f093-4db1-8a3c-4ef27ad72529"
        }
      ],
      "dialogChangeNodes": [
        {
          "targetDialogId": "new_topic_e347a2395e634a7880736d574ee58956_954135cafcd647eaae5999ad91fc08cf_talktoagent",
          "nodeType": "DialogChangeNode",
          "id": "260d76be-f093-4db1-8a3c-4ef27ad72529"
        }
      ],
      "id": "new_topic_e347a2395e634a7880736d574ee58956_7620a288bb3e455984cace1ade5e259c_fallback",
      "displayName": "Fallback",
      "createdTime": "2020-02-07T00:00:00Z",
      "updatedTime": "2022-12-30T11:47:23.4187823Z",
      "createdUserId": "user0",
      "updatedUserId": "1217587e-94d3-4d46-b9e3-9ad63e50a6a1"
    }
  ],
  "botMessages": [
    {
      "channelContent": {
        "web": {
          "contentFormat": "Markdown",
          "content": "Um momento. Vou obter mais ajuda para você com:\n\n{new\\_variable\\_e347a2395e634a7880736d574ee58956\\_340aefff448e492eac88d718fbdf56ac}"
        }
      },
      "id": "8aa457c4-a0e0-4247-88d0-d89fcd3c26e9",
      "createdTime": "2020-02-07T00:00:00Z",
      "updatedTime": "2020-02-07T00:00:00Z",
      "createdUserId": "user0",
      "updatedUserId": "user0"
    }
  ]
}