{
  "namedEntities": [
    {
      "synonyms": [
        "home"
      ],
      "id": "ff0ca6dd-de7a-4bee-b849-16210d63f3c5",
      "displayName": "Home User",
      "updatedTime": "2021-04-27T22:02:03.7510749Z",
      "updatedUserId": "18457cfb-3efb-4ef5-8782-7aa2e6538a0f"
    },
    {
      "synonyms": [
        "gaming"
      ],
      "id": "2ccf421b-89a6-43a8-8b4f-b8d8f63b58bf",
      "displayName": "Gamer",
      "updatedTime": "2021-04-27T22:02:03.7510749Z",
      "updatedUserId": "18457cfb-3efb-4ef5-8782-7aa2e6538a0f"
    },
    {
      "synonyms": [
        "business"
      ],
      "id": "2d32734c-9552-47c5-963b-563fe1d9ea7e",
      "displayName": "Business User",
      "updatedTime": "2021-04-27T22:02:03.7510749Z",
      "updatedUserId": "18457cfb-3efb-4ef5-8782-7aa2e6538a0f"
    }
  ],
  "closedListTypes": [
    {
      "namedEntities": [
        "ff0ca6dd-de7a-4bee-b849-16210d63f3c5",
        "2ccf421b-89a6-43a8-8b4f-b8d8f63b58bf",
        "2d32734c-9552-47c5-963b-563fe1d9ea7e"
      ],
      "smartMatchingEnabled": true,
      "customTypeSchema": "ClosedList",
      "id": "new_customtype_f3954ff416624052b3434952b36c18d0_f86fcadfd497444e91ed11c12b059d10",
      "displayName": "Usage Type",
      "description": "Lesson 4 Usage Type Entity",
      "createdTime": "2019-10-25T14:03:43.9601778Z",
      "updatedTime": "2021-04-27T22:02:03.7510749Z",
      "createdUserId": "user0",
      "updatedUserId": "18457cfb-3efb-4ef5-8782-7aa2e6538a0f"
    }
  ]
}