{
  "intents": [
    {
      "triggerQueries": [
        "Quais as proteções de informação presentes no Teams?",
        "Como o Teams protege as minhas informações?",
        "A minha irnformação está segura no Teams?",
        "O Teams é seguro?",
        "As equipas estão suficientemente seguras para a minha informação?"
      ],
      "dialogId": "new_topic_862ea2e5294e41a98daad8d4ae52c733",
      "isTriggeringEnabled": true,
      "id": "new_topic_862ea2e5294e41a98daad8d4ae52c733",
      "displayName": "As equipas estão suficientemente seguras para a minha informação?",
      "createdTime": "2023-01-03T14:27:36.477532Z",
      "updatedTime": "2023-01-03T14:27:36.477532Z",
      "createdUserId": "1217587e-94d3-4d46-b9e3-9ad63e50a6a1",
      "updatedUserId": "1217587e-94d3-4d46-b9e3-9ad63e50a6a1"
    }
  ],
  "dialogs": [
    {
      "rootNodeId": "9485f9e1-98f0-49aa-9900-b5b11a3b30c2",
      "messageNodes": [
        {
          "botMessageId": "b5258d3e-fdb6-4728-b74a-f0373f2fecd4",
          "nodeType": "BotMessageNode",
          "id": "9485f9e1-98f0-49aa-9900-b5b11a3b30c2",
          "defaultTargetNodeId": "1cce28fb-1eff-448c-9033-e230c41ce5ec"
        }
      ],
      "dialogChangeNodes": [
        {
          "targetDialogId": "new_topic_e347a2395e634a7880736d574ee58956_aeabea4d071f415c8c107e1cb7af5424_assumedsuccess",
          "nodeType": "DialogChangeNode",
          "id": "1cce28fb-1eff-448c-9033-e230c41ce5ec"
        }
      ],
      "id": "new_topic_862ea2e5294e41a98daad8d4ae52c733",
      "displayName": "Untitled",
      "createdTime": "2023-01-03T14:27:36.477532Z",
      "updatedTime": "2023-01-03T14:27:36.477532Z",
      "createdUserId": "1217587e-94d3-4d46-b9e3-9ad63e50a6a1",
      "updatedUserId": "1217587e-94d3-4d46-b9e3-9ad63e50a6a1"
    }
  ],
  "botMessages": [
    {
      "channelContent": {
        "web": {
          "contentFormat": "Markdown",
          "content": "[O Teams oferece segurança de classe mundial](https://www.microsoft.com/en-us/microsoft-teams/security) e cumprem os requisitos do RGPD e mais de 90 outras certificações, incluindo as normas ISO.\n\n_Por favor, note que a sua organização pode ter as suas próprias políticas para onde guardar informações sensíveis._\n\nOs seus dados no Teams já estão seguros, mas caso a sua organização tenha políticas específicas pode ajudar/impedir que os utilizadores escrevam informações sensíveis no chat ou em ficheiros. Por exemplo, os números de segurança social, os números de passaportes da UE, os dados de saúde ou os conteúdos definidos personalizados podem ser automaticamente impedidos de serem partilhados em equipas. [Pode ler mais sobre como o seu empregador pode configurar aqui.](https://docs.microsoft.com/en-us/microsoft-365/compliance/dlp-microsoft-teams?view=o365-worldwide)"
        }
      },
      "id": "b5258d3e-fdb6-4728-b74a-f0373f2fecd4",
      "createdTime": "2023-01-03T14:25:48.768Z",
      "updatedTime": "2023-01-03T14:25:48.768Z"
    }
  ]
}