{
  "intents": [
    {
      "triggerQueries": [
        "Os documentos mais recentes do Office 365 funcionam em versões mais antigas?",
        "Posso utilizar um documento criado no Office 365 em versões mais antigas do Office?"
      ],
      "dialogId": "new_topic_4c15ebe0905d4bdba95e773399b73c88",
      "isTriggeringEnabled": true,
      "id": "new_topic_4c15ebe0905d4bdba95e773399b73c88",
      "displayName": "Posso utilizar um documento criado no Office 365 em versões mais antigas do Office?",
      "createdTime": "2022-12-30T14:02:31.779282Z",
      "updatedTime": "2022-12-30T14:02:31.779282Z",
      "createdUserId": "1217587e-94d3-4d46-b9e3-9ad63e50a6a1",
      "updatedUserId": "1217587e-94d3-4d46-b9e3-9ad63e50a6a1"
    }
  ],
  "dialogs": [
    {
      "rootNodeId": "d8473ba8-8af2-4aa9-b739-b10c07623b0c",
      "messageNodes": [
        {
          "botMessageId": "4c356a2a-94a9-48c4-b4ba-af072a1295a4",
          "nodeType": "BotMessageNode",
          "id": "d8473ba8-8af2-4aa9-b739-b10c07623b0c",
          "defaultTargetNodeId": "e9befea3-01d6-4952-9d91-ea5a00195db0"
        }
      ],
      "dialogChangeNodes": [
        {
          "targetDialogId": "new_topic_e347a2395e634a7880736d574ee58956_aeabea4d071f415c8c107e1cb7af5424_assumedsuccess",
          "nodeType": "DialogChangeNode",
          "id": "e9befea3-01d6-4952-9d91-ea5a00195db0"
        }
      ],
      "id": "new_topic_4c15ebe0905d4bdba95e773399b73c88",
      "displayName": "Untitled",
      "createdTime": "2022-12-30T14:02:31.779282Z",
      "updatedTime": "2022-12-30T14:02:31.779282Z",
      "createdUserId": "1217587e-94d3-4d46-b9e3-9ad63e50a6a1",
      "updatedUserId": "1217587e-94d3-4d46-b9e3-9ad63e50a6a1"
    }
  ],
  "botMessages": [
    {
      "channelContent": {
        "web": {
          "contentFormat": "Markdown",
          "content": "As pessoas que usam as aplicações do Office 365, Office 2019, Office 2016, Office 2013 e Office 2010 podem abrir documentos criados a partir do Microsoft 365 sem qualquer outra ação."
        }
      },
      "id": "4c356a2a-94a9-48c4-b4ba-af072a1295a4",
      "createdTime": "2022-12-30T14:02:02.02Z",
      "updatedTime": "2022-12-30T14:02:02.02Z"
    }
  ]
}