{
  "intents": [
    {
      "intentType": "Regular",
      "triggerQueries": [
        "Maximum length of a phone conference call (audio conferencing meeting)?"
      ],
      "dialogId": "new_topic_55e674576776436a809b2d636cb1331b",
      "isTriggeringEnabled": true,
      "id": "new_topic_55e674576776436a809b2d636cb1331b",
      "displayName": "Maximum length of a phone conference call (audio conferencing meeting)?",
      "description": "https://adoptbotv2kb.blob.core.windows.net/%24web/AdoptBot2021-English.docx",
      "createdTime": "2021-01-21T11:36:41.843367Z",
      "updatedTime": "2021-01-21T11:39:46.6218828Z",
      "createdUserId": "aaefd11d-4a6f-43de-b8d1-f4d839285950",
      "updatedUserId": "aaefd11d-4a6f-43de-b8d1-f4d839285950"
    }
  ],
  "dialogs": [
    {
      "rootNodeId": "3071968d-add8-4a4a-b542-e0925e813a17",
      "messageNodes": [
        {
          "botMessageId": "bd1a08b5-35f9-4c49-944f-27513431cb37",
          "nodeType": "BotMessageNode",
          "id": "3071968d-add8-4a4a-b542-e0925e813a17",
          "defaultTargetNodeId": "760ec51b-8e06-4f4a-ae13-45788d65038f"
        }
      ],
      "dialogChangeNodes": [
        {
          "targetDialogId": "new_topic_a96de8db0acd41edb5a2e60fb0d93441_aeabea4d071f415c8c107e1cb7af5424_assumedsuccess",
          "nodeType": "DialogChangeNode",
          "id": "760ec51b-8e06-4f4a-ae13-45788d65038f"
        }
      ],
      "id": "new_topic_55e674576776436a809b2d636cb1331b",
      "displayName": "Dialog for Maximum length of a phone conference call (audio conferencing meeting)?",
      "createdTime": "2021-01-21T11:36:41.843367Z",
      "updatedTime": "2021-01-21T11:36:41.843367Z",
      "createdUserId": "aaefd11d-4a6f-43de-b8d1-f4d839285950",
      "updatedUserId": "aaefd11d-4a6f-43de-b8d1-f4d839285950"
    }
  ],
  "botMessages": [
    {
      "channelContent": {
        "web": {
          "contentFormat": "Markdown",
          "content": "The meeting ends after 24 hours."
        }
      },
      "id": "bd1a08b5-35f9-4c49-944f-27513431cb37",
      "createdTime": "2021-01-21T11:36:41.843367Z",
      "updatedTime": "2021-01-21T11:36:41.843367Z",
      "createdUserId": "aaefd11d-4a6f-43de-b8d1-f4d839285950",
      "updatedUserId": "aaefd11d-4a6f-43de-b8d1-f4d839285950"
    }
  ]
}