{
  "intents": [
    {
      "intentType": "Regular",
      "triggerQueries": [
        "Who can use Microsoft Teams?"
      ],
      "dialogId": "new_topic_3dcc9c20564546d682da2841f7d76a01",
      "isTriggeringEnabled": true,
      "id": "new_topic_3dcc9c20564546d682da2841f7d76a01",
      "displayName": "Who can use Microsoft Teams?",
      "description": "https://adoptbotv2kb.blob.core.windows.net/%24web/AdoptBot2021-English.docx",
      "createdTime": "2021-01-21T11:36:41.8423699Z",
      "updatedTime": "2021-01-21T11:43:06.4322199Z",
      "createdUserId": "aaefd11d-4a6f-43de-b8d1-f4d839285950",
      "updatedUserId": "aaefd11d-4a6f-43de-b8d1-f4d839285950"
    }
  ],
  "dialogs": [
    {
      "rootNodeId": "afc6aa67-0cb9-4516-b7e7-aba9e782df6f",
      "messageNodes": [
        {
          "botMessageId": "a6601ec6-5608-4fa6-814c-76b7d598ad67",
          "nodeType": "BotMessageNode",
          "id": "afc6aa67-0cb9-4516-b7e7-aba9e782df6f",
          "defaultTargetNodeId": "e08dc864-0100-4fc3-94e9-d4adf947a1ac"
        }
      ],
      "dialogChangeNodes": [
        {
          "targetDialogId": "new_topic_a96de8db0acd41edb5a2e60fb0d93441_aeabea4d071f415c8c107e1cb7af5424_assumedsuccess",
          "nodeType": "DialogChangeNode",
          "id": "e08dc864-0100-4fc3-94e9-d4adf947a1ac"
        }
      ],
      "id": "new_topic_3dcc9c20564546d682da2841f7d76a01",
      "displayName": "Dialog for Who can use Microsoft Teams?",
      "createdTime": "2021-01-21T11:36:41.8423699Z",
      "updatedTime": "2021-01-21T11:36:41.8423699Z",
      "createdUserId": "aaefd11d-4a6f-43de-b8d1-f4d839285950",
      "updatedUserId": "aaefd11d-4a6f-43de-b8d1-f4d839285950"
    }
  ],
  "botMessages": [
    {
      "channelContent": {
        "web": {
          "contentFormat": "Markdown",
          "content": "Teams is part of Microsoft 365, so you need a Microsoft 365 license to use it.\r\n\r\nSpecifically, you need one of these licenses:\r\n\r\n- Business Essentials or Business Premium\r\n- Enterprise F1, F3, E1, E3, or E5\r\n- Microsoft 365 A licenses for education/school also include Teams.\r\n\r\n\r\nRead [how to get access to Microsoft Teams](https://support.microsoft.com/en-us/office/how-do-i-get-access-to-microsoft-teams-fc7f1634-abd3-4f26-a597-9df16e4ca65b) for more info.\r\n\r\nTo add someone from your organization to Teams, just open the app and add them to a team. They will automatically receive an email with the invitation.\r\n\r\n[For private use, Teams is free](https://www.microsoft.com/en-us/microsoft-365/microsoft-teams/teams-for-home) ."
        }
      },
      "id": "a6601ec6-5608-4fa6-814c-76b7d598ad67",
      "createdTime": "2021-01-21T11:36:41.8423699Z",
      "updatedTime": "2021-01-21T11:36:41.8423699Z",
      "createdUserId": "aaefd11d-4a6f-43de-b8d1-f4d839285950",
      "updatedUserId": "aaefd11d-4a6f-43de-b8d1-f4d839285950"
    }
  ]
}