{
  "intents": [
    {
      "triggerQueries": [
        "How to Remote work from anywhere?"
      ],
      "dialogId": "new_topic_87db8269cd914fc185d54ba4a16b68e2",
      "isTriggeringEnabled": true,
      "id": "new_topic_87db8269cd914fc185d54ba4a16b68e2",
      "displayName": "How to Remote work from anywhere?",
      "description": "https://hickweb.blob.core.windows.net/$web/AdoptBot/AdoptBot2022-English.docx",
      "createdTime": "2022-03-02T14:57:19.3513008Z",
      "updatedTime": "2022-03-02T14:59:52.3201336Z",
      "createdUserId": "3e27f02e-042d-4f0e-be03-083d03c89917",
      "updatedUserId": "3e27f02e-042d-4f0e-be03-083d03c89917"
    }
  ],
  "dialogs": [
    {
      "rootNodeId": "0ebd0e36-474e-4c6c-aedb-5ac5799dd897",
      "messageNodes": [
        {
          "botMessageId": "39c42049-6e93-44e9-b542-b0ce40e2c4b0",
          "nodeType": "BotMessageNode",
          "id": "0ebd0e36-474e-4c6c-aedb-5ac5799dd897",
          "defaultTargetNodeId": "fefb1a05-7457-44a3-a0a7-3bfb53159e80"
        }
      ],
      "dialogChangeNodes": [
        {
          "targetDialogId": "new_topic_f3954ff416624052b3434952b36c18d0_aeabea4d071f415c8c107e1cb7af5424_assumedsuccess",
          "nodeType": "DialogChangeNode",
          "id": "fefb1a05-7457-44a3-a0a7-3bfb53159e80"
        }
      ],
      "id": "new_topic_87db8269cd914fc185d54ba4a16b68e2",
      "displayName": "How to Remote work from anywhere?",
      "createdTime": "2022-03-02T14:57:08.4602637Z",
      "createdUserId": "3e27f02e-042d-4f0e-be03-083d03c89917"
    }
  ],
  "botMessages": [
    {
      "channelContent": {
        "web": {
          "contentFormat": "Markdown",
          "content": "[Collaborate with Microsoft 365](https://support.office.com/article/collaborate-with-office-365-ac05a41e-0b49-4420-9ebc-190ee4e744f4) - how to work better together across all Microsoft 365 workloads."
        }
      },
      "id": "39c42049-6e93-44e9-b542-b0ce40e2c4b0"
    }
  ]
}