{
  "intents": [
    {
      "triggerQueries": [
        "Is there any restriction on files stored in Teams?"
      ],
      "dialogId": "new_topic_a6cb12df6a13469983d951a2e1c9577a",
      "isTriggeringEnabled": true,
      "id": "new_topic_a6cb12df6a13469983d951a2e1c9577a",
      "displayName": "Is there any restriction on files stored in Teams?",
      "description": "https://adoptbotv2kb.blob.core.windows.net/%24web/AdoptBot2021-English.docx",
      "createdTime": "2021-01-21T11:36:41.843367Z",
      "updatedTime": "2021-01-21T11:39:18.6980551Z",
      "createdUserId": "aaefd11d-4a6f-43de-b8d1-f4d839285950",
      "updatedUserId": "aaefd11d-4a6f-43de-b8d1-f4d839285950"
    }
  ],
  "dialogs": [
    {
      "rootNodeId": "db358ba5-238f-441e-9442-f18cd293bfd8",
      "messageNodes": [
        {
          "botMessageId": "5de935db-e267-492c-9ff8-4aa9340a20ec",
          "nodeType": "BotMessageNode",
          "id": "db358ba5-238f-441e-9442-f18cd293bfd8",
          "defaultTargetNodeId": "fc942597-1dee-4c41-9221-fddff1568d93"
        }
      ],
      "dialogChangeNodes": [
        {
          "targetDialogId": "new_topic_a96de8db0acd41edb5a2e60fb0d93441_aeabea4d071f415c8c107e1cb7af5424_assumedsuccess",
          "nodeType": "DialogChangeNode",
          "id": "fc942597-1dee-4c41-9221-fddff1568d93"
        }
      ],
      "id": "new_topic_a6cb12df6a13469983d951a2e1c9577a",
      "displayName": "Dialog for Is there any restriction on files stored in Teams?",
      "createdTime": "2021-01-21T11:36:41.843367Z",
      "updatedTime": "2021-01-21T11:36:41.843367Z",
      "createdUserId": "aaefd11d-4a6f-43de-b8d1-f4d839285950",
      "updatedUserId": "aaefd11d-4a6f-43de-b8d1-f4d839285950"
    }
  ],
  "botMessages": [
    {
      "channelContent": {
        "web": {
          "contentFormat": "Markdown",
          "content": "File upload limit is 100 GB per file. Because Teams runs on a SharePoint online backend for file sharing, SharePoint limitations apply to the Files section within a team.\r\n\r\nIn 2021, the limit was/will increased/increase to [250 GB per file](https://www.microsoft.com/en-us/microsoft-365/roadmap?filters=&searchterms=250%2CGB) ."
        }
      },
      "id": "5de935db-e267-492c-9ff8-4aa9340a20ec",
      "createdTime": "2021-01-21T11:36:41.843367Z",
      "updatedTime": "2021-01-21T11:36:41.843367Z",
      "createdUserId": "aaefd11d-4a6f-43de-b8d1-f4d839285950",
      "updatedUserId": "aaefd11d-4a6f-43de-b8d1-f4d839285950"
    }
  ],
  "createdUtc": "0001-01-01T00:00:00Z"
}