{
  "intents": [
    {
      "triggerQueries": [
        "Como abrir o Walkie Talkie no Teams?",
        "Como me comunicar utilizando o Walkie Talkie no Teams?",
        "Como usar o walkie talkie?",
        "Para que serve o Walkie Talkie do Teams?",
        "Como abrir/aceder o walkie talkie?"
      ],
      "dialogId": "new_topic_1967f101f7104f23ad08c7e416a17c3a",
      "isTriggeringEnabled": true,
      "id": "new_topic_1967f101f7104f23ad08c7e416a17c3a",
      "displayName": "Como abrir/aceder o walkie talkie? ",
      "createdTime": "2023-01-03T14:36:12.7242258Z",
      "updatedTime": "2023-01-03T14:36:42.7874799Z",
      "createdUserId": "1217587e-94d3-4d46-b9e3-9ad63e50a6a1",
      "updatedUserId": "1217587e-94d3-4d46-b9e3-9ad63e50a6a1"
    }
  ],
  "dialogs": [
    {
      "rootNodeId": "fd98d5aa-5078-4c2a-a19c-41922cfe23ed",
      "messageNodes": [
        {
          "botMessageId": "bbec87dd-dd93-4617-af40-2504a8289760",
          "nodeType": "BotMessageNode",
          "id": "a7946171-2d7e-4fc2-a118-3f9789bfed33",
          "defaultTargetNodeId": "c4ea8b18-0788-49a9-b0b5-bb586d318765"
        },
        {
          "botMessageId": "b0236770-7c8a-450a-96f7-2d4debbccbe2",
          "nodeType": "BotMessageNode",
          "id": "fd98d5aa-5078-4c2a-a19c-41922cfe23ed",
          "defaultTargetNodeId": "a7946171-2d7e-4fc2-a118-3f9789bfed33"
        }
      ],
      "dialogChangeNodes": [
        {
          "targetDialogId": "new_topic_e347a2395e634a7880736d574ee58956_aeabea4d071f415c8c107e1cb7af5424_assumedsuccess",
          "nodeType": "DialogChangeNode",
          "id": "c4ea8b18-0788-49a9-b0b5-bb586d318765"
        }
      ],
      "id": "new_topic_1967f101f7104f23ad08c7e416a17c3a",
      "displayName": "Untitled",
      "createdTime": "2023-01-03T14:36:12.7242258Z",
      "updatedTime": "2023-01-03T14:36:42.7874799Z",
      "createdUserId": "1217587e-94d3-4d46-b9e3-9ad63e50a6a1",
      "updatedUserId": "1217587e-94d3-4d46-b9e3-9ad63e50a6a1"
    }
  ],
  "botMessages": [
    {
      "channelContent": {
        "web": {
          "contentFormat": "Markdown",
          "content": "No Teams Mobile, toque em **Walkie Talkie** na barra de navegação.\n\nSe não vir a aplicação Walkie Talkie quando abrir o Teams, percorra para cima a partir da parte inferior do ecrã ou toque em **Mais opções (nos três pontinhos)** para aceder à mesma."
        }
      },
      "id": "bbec87dd-dd93-4617-af40-2504a8289760",
      "createdTime": "2023-01-03T14:34:32.047Z",
      "updatedTime": "2023-01-03T14:34:32.047Z"
    },
    {
      "channelContent": {
        "web": {
          "contentFormat": "Markdown",
          "content": "Pode utilizar um dispositivo semelhante a um walkie-talkie no trabalho  para comunicar com colegas de trabalho, pedir ajuda imediata, entrar em contato com a segurança e outras opções. Como os walkie talkies tradicionais, você pressiona e segura um botão para falar no Walkie Talkie do Teams e solta o botão para ouvir.\n\nAo contrário dos walkie talkies tradicionais, o Walkie Talkie do Teams está no seu telefone (nenhum dispositivo extra para carregar!) e integrado com o ambiente do Teams. Para mais informações, aceda a este [link](https://support.microsoft.com/pt-br/office/iniciar-com-o-walkie-talkie-teams-25bdc3d5-bbb2-41b7-89bf-650fae0c8e0c)."
        }
      },
      "id": "b0236770-7c8a-450a-96f7-2d4debbccbe2",
      "createdTime": "2023-01-03T14:36:35.104Z",
      "updatedTime": "2023-01-03T14:36:35.104Z",
      "createdUserId": "user-0",
      "updatedUserId": "user-0"
    }
  ]
}