{
  "intents": [
    {
      "triggerQueries": [
        "Como fazer pin de uma conversa ou canal?",
        "Posso destacar conversas e canais na minha lista de conversas e canais?",
        "Como posso afixar a uma conversa ou um canal?",
        "É possível fixar a uma conversa ou um canal?",
        "Como posso fixar a uma conversa ou um canal?"
      ],
      "dialogId": "new_topic_350759601f7c4060b56b7959ee99a1d5",
      "isTriggeringEnabled": true,
      "id": "new_topic_350759601f7c4060b56b7959ee99a1d5",
      "displayName": "Como posso fixar a uma conversa ou um canal?",
      "createdTime": "2023-01-03T12:29:39.0509038Z",
      "updatedTime": "2023-01-03T12:29:39.0509038Z",
      "createdUserId": "1217587e-94d3-4d46-b9e3-9ad63e50a6a1",
      "updatedUserId": "1217587e-94d3-4d46-b9e3-9ad63e50a6a1"
    }
  ],
  "dialogs": [
    {
      "rootNodeId": "b8d80054-c5ce-49d8-a406-b539a2589e38",
      "messageNodes": [
        {
          "botMessageId": "89a66377-33b4-4ee9-bf82-147237977ad5",
          "nodeType": "BotMessageNode",
          "id": "b8d80054-c5ce-49d8-a406-b539a2589e38",
          "defaultTargetNodeId": "553aec07-bca4-4d37-8808-bc42a72a1b31"
        }
      ],
      "dialogChangeNodes": [
        {
          "targetDialogId": "new_topic_e347a2395e634a7880736d574ee58956_aeabea4d071f415c8c107e1cb7af5424_assumedsuccess",
          "nodeType": "DialogChangeNode",
          "id": "553aec07-bca4-4d37-8808-bc42a72a1b31"
        }
      ],
      "id": "new_topic_350759601f7c4060b56b7959ee99a1d5",
      "displayName": "Untitled",
      "createdTime": "2023-01-03T12:29:39.0509038Z",
      "updatedTime": "2023-01-03T12:29:39.0509038Z",
      "createdUserId": "1217587e-94d3-4d46-b9e3-9ad63e50a6a1",
      "updatedUserId": "1217587e-94d3-4d46-b9e3-9ad63e50a6a1"
    }
  ],
  "botMessages": [
    {
      "channelContent": {
        "web": {
          "contentFormat": "Markdown",
          "content": "Pode fixar de chats ou canais no topo do seu chat ou lista de equipas.\n\nSelecione Chat ou Equipas. Encontre o nome da conversa ou canal que deseja fixar.\n\nEm seguida, selecione **Mais opções \"...\"** > **Pin.**\n\nIsto garante que o chat ou o canal permaneçam no topo da sua lista.\n\nSe mudar de ideia, selecione-o novamente na sua lista pinned e selecione **Unpin**."
        }
      },
      "id": "89a66377-33b4-4ee9-bf82-147237977ad5",
      "createdTime": "2023-01-03T12:28:27.662Z",
      "updatedTime": "2023-01-03T12:28:27.662Z"
    }
  ]
}