{
  "intents": [
    {
      "triggerQueries": [
        "Can I delete an old chat?"
      ],
      "dialogId": "new_topic_04abeaef7f0142a2966fd28aabd109b8",
      "isTriggeringEnabled": true,
      "id": "new_topic_04abeaef7f0142a2966fd28aabd109b8",
      "displayName": "Can I delete an old chat?",
      "description": "https://adoptbotv2kb.blob.core.windows.net/%24web/AdoptBot2021-English.docx",
      "createdTime": "2021-01-21T11:36:41.8423699Z",
      "updatedTime": "2021-01-21T11:43:50.7968274Z",
      "createdUserId": "aaefd11d-4a6f-43de-b8d1-f4d839285950",
      "updatedUserId": "aaefd11d-4a6f-43de-b8d1-f4d839285950"
    }
  ],
  "dialogs": [
    {
      "rootNodeId": "2f1a72e9-55b4-4522-89df-01f140d12ecf",
      "messageNodes": [
        {
          "botMessageId": "3ff9ed33-e239-4d79-ac98-d83d2d54d300",
          "nodeType": "BotMessageNode",
          "id": "2f1a72e9-55b4-4522-89df-01f140d12ecf",
          "defaultTargetNodeId": "33de2fbe-2b20-4458-8031-5b9d908514ae"
        }
      ],
      "dialogChangeNodes": [
        {
          "targetDialogId": "new_topic_a96de8db0acd41edb5a2e60fb0d93441_aeabea4d071f415c8c107e1cb7af5424_assumedsuccess",
          "nodeType": "DialogChangeNode",
          "id": "33de2fbe-2b20-4458-8031-5b9d908514ae"
        }
      ],
      "id": "new_topic_04abeaef7f0142a2966fd28aabd109b8",
      "displayName": "Dialog for Can I delete an old chat?",
      "createdTime": "2021-01-21T11:36:41.8423699Z",
      "updatedTime": "2021-01-21T11:36:41.8423699Z",
      "createdUserId": "aaefd11d-4a6f-43de-b8d1-f4d839285950",
      "updatedUserId": "aaefd11d-4a6f-43de-b8d1-f4d839285950"
    }
  ],
  "botMessages": [
    {
      "channelContent": {
        "web": {
          "contentFormat": "Markdown",
          "content": "While you can't delete an entire chat, you can hide it to get it out of your chat list.\r\n\r\nAnd you're also able to [delete individual messages you've sent](https://support.microsoft.com/en-us/office/edit-or-delete-a-sent-message-in-teams-5f1fe604-a900-4a07-b8b7-8cf70ed6b263) ."
        }
      },
      "id": "3ff9ed33-e239-4d79-ac98-d83d2d54d300",
      "createdTime": "2021-01-21T11:36:41.8423699Z",
      "updatedTime": "2021-01-21T11:36:41.8423699Z",
      "createdUserId": "aaefd11d-4a6f-43de-b8d1-f4d839285950",
      "updatedUserId": "aaefd11d-4a6f-43de-b8d1-f4d839285950"
    }
  ],
  "createdUtc": "0001-01-01T00:00:00Z"
}