{"properties":{"connectionReferences":{"shared_commondataserviceforapps":{"runtimeSource":"embedded","connection":{"connectionReferenceLogicalName":"crba3_sharedcommondataserviceforapps_0f0c8"},"api":{"name":"shared_commondataserviceforapps"}},"shared_office365users":{"runtimeSource":"embedded","connection":{"connectionReferenceLogicalName":"crba3_sharedoffice365users_56eda"},"api":{"name":"shared_office365users"}},"shared_teams":{"runtimeSource":"embedded","connection":{"connectionReferenceLogicalName":"crba3_sharedteams_93a9a"},"api":{"name":"shared_teams"}}},"definition":{"$schema":"https://schema.management.azure.com/providers/Microsoft.Logic/schemas/2016-06-01/workflowdefinition.json#","contentVersion":"1.0.0.0","parameters":{"$connections":{"defaultValue":{},"type":"Object"},"$authentication":{"defaultValue":{},"type":"SecureObject"}},"triggers":{"manual":{"metadata":{"operationMetadataId":"41da4098-f87c-438a-8002-b09eeb7fe205"},"type":"Request","kind":"VirtualAgent","inputs":{"schema":{"type":"object","properties":{"text":{"title":"CSAT","type":"string","x-ms-dynamically-added":true,"description":"Please provide the CSAT","x-ms-content-hint":"TEXT"},"text_1":{"title":"Feedback","type":"string","x-ms-dynamically-added":true,"description":"Please provide the Feedback","x-ms-content-hint":"TEXT"},"text_2":{"title":"User ID","type":"string","x-ms-dynamically-added":true,"description":"Please provide the respondents User ID","x-ms-content-hint":"TEXT"}},"required":["text","text_1","text_2"]}}}},"actions":{"Add_a_new_row_-_Survey_Response":{"runAfter":{"Get_user_profile_-_Respondent":["Succeeded"]},"metadata":{"operationMetadataId":"267c0bd0-a6ce-4ca9-905d-74ea57294fcf"},"type":"OpenApiConnection","inputs":{"host":{"connectionName":"shared_commondataserviceforapps","operationId":"CreateRecord","apiId":"/providers/Microsoft.PowerApps/apis/shared_commondataserviceforapps"},"parameters":{"entityName":"crba3_surveyresponses","item/crba3_channel":450520000,"item/crba3_name":"Feedback_@{guid()}","item/crba3_respondentemail":"@outputs('Get_user_profile_-_Respondent')?['body/mail']","item/crba3_respondentname":"@outputs('Get_user_profile_-_Respondent')?['body/displayName']"},"authentication":"@parameters('$authentication')"}},"Add_a_new_row_-_CSAT_Question":{"runAfter":{"Add_a_new_row_-_Survey_Response":["Succeeded"]},"metadata":{"operationMetadataId":"e5f3f8dc-b8ef-4c00-a5a4-d01f66b40e23"},"type":"OpenApiConnection","inputs":{"host":{"connectionName":"shared_commondataserviceforapps","operationId":"CreateRecord","apiId":"/providers/Microsoft.PowerApps/apis/shared_commondataserviceforapps"},"parameters":{"entityName":"crba3_surveyquestions","item/crba3_question":"CSAT","item/crba3_SurveyReponse@odata.bind":"crba3_surveyresponses/@{outputs('Add_a_new_row_-_Survey_Response')?['body/crba3_surveyresponseid']}"},"authentication":"@parameters('$authentication')"}},"Add_a_new_row_-_CSAT_Response":{"runAfter":{"Add_a_new_row_-_CSAT_Question":["Succeeded"]},"metadata":{"operationMetadataId":"cd8b6147-de68-4168-8bd3-daf4eccf63f0"},"type":"OpenApiConnection","inputs":{"host":{"connectionName":"shared_commondataserviceforapps","operationId":"CreateRecord","apiId":"/providers/Microsoft.PowerApps/apis/shared_commondataserviceforapps"},"parameters":{"entityName":"crba3_questionresponses","item/crba3_response":"@triggerBody()['text']","item/crba3_SurveyQuestion@odata.bind":"crba3_surveyquestions/@{outputs('Add_a_new_row_-_CSAT_Question')?['body/crba3_surveyquestionid']}"},"authentication":"@parameters('$authentication')"}},"Add_a_new_row_-_Feedback_Question":{"runAfter":{"Add_a_new_row_-_CSAT_Response":["Succeeded"]},"metadata":{"operationMetadataId":"4a79d40d-f2be-4d76-b4d4-c08721c80889"},"type":"OpenApiConnection","inputs":{"host":{"connectionName":"shared_commondataserviceforapps","operationId":"CreateRecord","apiId":"/providers/Microsoft.PowerApps/apis/shared_commondataserviceforapps"},"parameters":{"entityName":"crba3_surveyquestions","item/crba3_question":"Feedback","item/crba3_SurveyReponse@odata.bind":"crba3_surveyresponses/@{outputs('Add_a_new_row_-_Survey_Response')?['body/crba3_surveyresponseid']}"},"authentication":"@parameters('$authentication')"}},"Add_a_new_row_-_Feedback_Response":{"runAfter":{"Add_a_new_row_-_Feedback_Question":["Succeeded"]},"metadata":{"operationMetadataId":"799d5dd4-db0b-49af-873c-7474db3b1680"},"type":"OpenApiConnection","inputs":{"host":{"connectionName":"shared_commondataserviceforapps","operationId":"CreateRecord","apiId":"/providers/Microsoft.PowerApps/apis/shared_commondataserviceforapps"},"parameters":{"entityName":"crba3_questionresponses","item/crba3_response":"@triggerBody()['text_1']","item/crba3_SurveyQuestion@odata.bind":"crba3_surveyquestions/@{outputs('Add_a_new_row_-_Feedback_Question')?['body/crba3_surveyquestionid']}"},"authentication":"@parameters('$authentication')"}},"Get_user_profile_-_Respondent":{"runAfter":{},"metadata":{"operationMetadataId":"ad9a5d05-6c2a-41f3-b2c8-277a3db6d1cc"},"type":"OpenApiConnection","inputs":{"host":{"connectionName":"shared_office365users","operationId":"UserProfile_V2","apiId":"/providers/Microsoft.PowerApps/apis/shared_office365users"},"parameters":{"id":"@triggerBody()['text_2']"},"authentication":"@parameters('$authentication')"}},"Post_adaptive_card_in_a_chat_or_channel_-_Select_Team_and_Channel":{"runAfter":{"Convert_time_zone_-_Select_Your_Timezone":["Succeeded"]},"metadata":{"operationMetadataId":"9218fc73-bf6c-440c-8ae7-734f90fdaf52"},"type":"OpenApiConnection","inputs":{"host":{"connectionName":"shared_teams","operationId":"PostCardToConversation","apiId":"/providers/Microsoft.PowerApps/apis/shared_teams"},"parameters":{"poster":"Flow bot","location":"Channel","body/recipient/groupId":"957f06c6-551a-460e-9089-f1d8f7fd6bdf","body/recipient/channelId":"19:flrjyZUkDqi5G0SaJtpgSP0o3oSVl8uoaYxo_qTPE-M1@thread.tacv2","body/messageBody":"{\n    \"type\": \"AdaptiveCard\",\n    \"body\": [\n        {\n            \"type\": \"TextBlock\",\n            \"size\": \"Large\",\n            \"weight\": \"Bolder\",\n            \"text\": \"New feedback\",\n            \"seperator\": true\n        },\n        {\n            \"type\": \"ColumnSet\",\n            \"style\": \"emphasis\",\n            \"spacing\": \"None\",\n            \"seperator\": \"none\",\n            \"columns\": [\n                {\n                    \"type\": \"Column\",\n                    \"width\": \"90px\",\n                    \"items\": [\n                        {\n                            \"type\": \"TextBlock\",\n                            \"weight\": \"Bolder\",\n                            \"text\": \"Feedback By:\",\n                            \"spacing\": \"None\"\n                        },\n                        {\n                            \"type\": \"TextBlock\",\n                            \"weight\": \"Bolder\",\n                            \"text\": \"Rating:\",\n                            \"wrap\": true\n                        },\n                        {\n                            \"type\": \"TextBlock\",\n                            \"weight\": \"Bolder\",\n                            \"text\": \"Details:\",\n                            \"wrap\": true\n                        }\n                    ]\n                },\n                {\n                    \"type\": \"Column\",\n                    \"width\": \"auto\",\n                    \"items\": [\n                        {\n                            \"type\": \"RichTextBlock\",\n                            \"inlines\": [\n                                {\n                                    \"type\": \"TextRun\",\n                                    \"text\": \"@{outputs('Get_user_profile_-_Respondent')?['body/displayName']} \"\n                                },\n                                {\n                                    \"type\": \"TextRun\",\n                                    \"text\": \" @{formatDateTime(body('Convert_time_zone_-_Select_Your_Timezone'), 'MMMM dd, yyyy  hh:mm tt')}\"\n                                }\n                            ]\n                        },\n                        {\n                            \"type\": \"TextBlock\",\n                            \"text\": \"@{triggerBody()['text']}/5\",\n                            \"wrap\": true\n                        },\n                        {\n                            \"type\": \"TextBlock\",\n                            \"text\": \"@{triggerBody()['text_1']}\",\n                            \"wrap\": true\n                        }\n                    ]\n                }\n            ]\n        }\n    ],\n    \"$schema\": \"http://adaptivecards.io/schemas/adaptive-card.json\",\n    \"version\": \"1.2\",\n    \"msTeams\": {\n        \"width\": \"full\"\n    }\n}"},"authentication":"@parameters('$authentication')"}},"Convert_time_zone_-_Select_Your_Timezone":{"runAfter":{"Add_a_new_row_-_Feedback_Response":["Succeeded"]},"metadata":{"operationMetadataId":"429f00f6-0e33-44e9-ae97-f4b1c3f164e8"},"type":"Expression","kind":"ConvertTimeZone","inputs":{"baseTime":"@{outputs('Add_a_new_row_-_Feedback_Response')?['body/createdon']}","formatString":"o","sourceTimeZone":"UTC","destinationTimeZone":"Pacific Standard Time"}}},"outputs":{}}},"schemaVersion":"1.0.0.0"}