{"properties":{"connectionReferences":{"shared_office365users":{"runtimeSource":"embedded","connection":{"connectionReferenceLogicalName":"crba3_sharedoffice365users_56eda"},"api":{"name":"shared_office365users"}},"shared_commondataserviceforapps":{"runtimeSource":"embedded","connection":{"connectionReferenceLogicalName":"crba3_sharedcommondataserviceforapps_0f0c8"},"api":{"name":"shared_commondataserviceforapps"}}},"definition":{"$schema":"https://schema.management.azure.com/providers/Microsoft.Logic/schemas/2016-06-01/workflowdefinition.json#","contentVersion":"1.0.0.0","parameters":{"$connections":{"defaultValue":{},"type":"Object"},"$authentication":{"defaultValue":{},"type":"SecureObject"}},"triggers":{"manual":{"metadata":{"operationMetadataId":"97578eee-066c-4ea8-b745-c9d758e9d4b8"},"type":"Request","kind":"VirtualAgent","inputs":{"schema":{"type":"object","properties":{"text":{"title":"User ID","type":"string","x-ms-dynamically-added":true,"description":"The User ID associated to requests","x-ms-content-hint":"TEXT"},"boolean":{"title":"Active Tasks Only","type":"boolean","x-ms-dynamically-added":true,"description":"Please select yes or no","x-ms-content-hint":"BOOLEAN"}},"required":["text","boolean"]}}}},"actions":{"Return_value(s)_to_Power_Virtual_Agents":{"runAfter":{"Append_to_string_variable_-_Add_Line_Break_After_Requests":["Succeeded"]},"metadata":{"operationMetadataId":"02d167f6-4fa7-486a-914a-5817c45ffb98"},"type":"Response","kind":"VirtualAgent","inputs":{"statusCode":200,"body":{"requests":"@variables('Response')","total_requests":"@{if(triggerBody()['boolean'], concat('**You have ', length(outputs('Get_Active_Requests')?['body/value']), ' Active Requests**'), concat('**You have ', length(outputs('Get_All_Requests')?['body/value']), ' Requests**'))}","summary":"Sometimes it can take a while for Requests to get processed, please be patient, someone will be reaching out to you soon.","0_requests":"@if(triggerBody()['boolean'], if(equals(length(outputs('Get_Active_Requests')?['body/value']), 0), true, false), if(equals(length(outputs('Get_All_Requests')?['body/value']), 0), true, false))"},"schema":{"type":"object","properties":{"requests":{"title":"Requests","x-ms-dynamically-added":true,"type":"string"},"total_requests":{"title":"Total Requests","x-ms-dynamically-added":true,"type":"string"},"summary":{"title":"Summary","x-ms-dynamically-added":true,"type":"string"},"0_requests":{"title":"0 Requests","x-ms-dynamically-added":true,"type":"boolean"}}}}},"Get_user_profile_(V2)":{"runAfter":{"Response_Message":["Succeeded"]},"metadata":{"operationMetadataId":"22067d44-2907-4b2e-81a5-786662ed5996"},"type":"OpenApiConnection","inputs":{"host":{"connectionName":"shared_office365users","operationId":"UserProfile_V2","apiId":"/providers/Microsoft.PowerApps/apis/shared_office365users"},"parameters":{"id":"@triggerBody()['text']"},"authentication":"@parameters('$authentication')"}},"Response_Message":{"runAfter":{},"metadata":{"operationMetadataId":"26a08ea4-1a60-495b-bd0d-7416df28d27f"},"type":"InitializeVariable","inputs":{"variables":[{"name":"Response","type":"string","value":"*A maximum of 5 requests are displayed*"}]}},"Append_to_string_variable_-_Add_Line_Break_After_Requests":{"runAfter":{"Check_Request_Type_and_Get_Requests":["Succeeded"]},"metadata":{"operationMetadataId":"cb6cdd68-d85e-4514-acb8-bc129a1c4ed0"},"type":"AppendToStringVariable","inputs":{"name":"Response","value":"\n---  \n"}},"Check_Request_Type_and_Get_Requests":{"actions":{"Get_Active_Requests":{"runAfter":{},"metadata":{"operationMetadataId":"24d4b3fe-436c-4297-80c4-cc6c182301c2"},"type":"OpenApiConnection","inputs":{"host":{"connectionName":"shared_commondataserviceforapps","operationId":"ListRecords","apiId":"/providers/Microsoft.PowerApps/apis/shared_commondataserviceforapps"},"parameters":{"entityName":"crba3_requests","$filter":"crba3_requeststatus eq true and crba3_employeename eq '@{outputs('Get_user_profile_(V2)')?['body/displayName']}'","$orderby":"createdon desc","$top":5},"authentication":"@parameters('$authentication')"}},"Apply_to_each_-_Active_Requests":{"foreach":"@outputs('Get_Active_Requests')?['body/value']","actions":{"Append_to_string_variable_-_Add_Active_Requests":{"runAfter":{},"metadata":{"operationMetadataId":"161d1bea-fea4-407f-850a-260f63931264"},"type":"AppendToStringVariable","inputs":{"name":"Response","value":"\n\n---  \n\n **Title:** @{items('Apply_to_each_-_Active_Requests')?['crba3_title']}\n\n**Status:** @{if(items('Apply_to_each_-_Active_Requests')?['crba3_requeststatus'], 'Active', 'Resolved')}\n"}}},"runAfter":{"Get_Active_Requests":["Succeeded"]},"metadata":{"operationMetadataId":"9e8f0dfd-ac5b-4942-8c1d-c5a5b0bccd9c"},"type":"Foreach"}},"runAfter":{"Get_user_profile_(V2)":["Succeeded"]},"else":{"actions":{"Get_All_Requests":{"runAfter":{},"metadata":{"operationMetadataId":"4020cbfd-5fa3-4b62-b2c3-064fcdee8cf6"},"type":"OpenApiConnection","inputs":{"host":{"connectionName":"shared_commondataserviceforapps","operationId":"ListRecords","apiId":"/providers/Microsoft.PowerApps/apis/shared_commondataserviceforapps"},"parameters":{"entityName":"crba3_requests","$filter":"crba3_employeename eq '@{outputs('Get_user_profile_(V2)')?['body/displayName']}'","$orderby":"createdon desc"},"authentication":"@parameters('$authentication')"}},"Apply_to_each_-_All_Requests":{"foreach":"@outputs('Get_All_Requests')?['body/value']","actions":{"Append_to_string_variable_-_Add_Requests":{"runAfter":{},"metadata":{"operationMetadataId":"44a8aed5-1c6b-486c-91e9-fe35a7d07c12"},"type":"AppendToStringVariable","inputs":{"name":"Response","value":"\n\n---  \n\n **Title:** @{items('Apply_to_each_-_All_Requests')?['crba3_title']}\n\n**Status:** @{if(items('Apply_to_each_-_All_Requests')?['crba3_requeststatus'], 'Active', concat('Resolved by ', items('Apply_to_each_-_All_Requests')?['crba3_resolvedby'], ', ', formatDateTime(items('Apply_to_each_-_All_Requests')?['crba3_resolveddatetime'], 'MMMM dd, yyyy  hh:mm tt')))}\n"}}},"runAfter":{"Get_All_Requests":["Succeeded"]},"metadata":{"operationMetadataId":"53651cc1-299d-40e2-946c-9c06597f05d7"},"type":"Foreach"}}},"expression":{"equals":["@triggerBody()['boolean']",true]},"metadata":{"operationMetadataId":"080ac50b-3dd1-481d-8318-bff9236076ec"},"type":"If"}},"outputs":{}}},"schemaVersion":"1.0.0.0"}