{
  "intents": [
    {
      "triggerQueries": [
        "Do my Teams meetings also show up in Outlook?"
      ],
      "dialogId": "new_topic_cceb46039029434f9cc4cc94cef45913",
      "isTriggeringEnabled": true,
      "id": "new_topic_cceb46039029434f9cc4cc94cef45913",
      "displayName": "Do my Teams meetings also show up in Outlook?",
      "description": "https://adoptbotv2kb.blob.core.windows.net/%24web/AdoptBot2021-English.docx",
      "createdTime": "2021-01-21T11:36:41.843367Z",
      "updatedTime": "2021-01-21T11:39:56.6832716Z",
      "createdUserId": "aaefd11d-4a6f-43de-b8d1-f4d839285950",
      "updatedUserId": "aaefd11d-4a6f-43de-b8d1-f4d839285950"
    }
  ],
  "dialogs": [
    {
      "rootNodeId": "e8dad9fd-60ee-4f26-b207-025b1ff7aed1",
      "messageNodes": [
        {
          "botMessageId": "96807e74-d678-48e7-b91d-41bd3668c797",
          "nodeType": "BotMessageNode",
          "id": "e8dad9fd-60ee-4f26-b207-025b1ff7aed1",
          "defaultTargetNodeId": "218a448b-1a46-4049-a380-46fda3d86f9f"
        }
      ],
      "dialogChangeNodes": [
        {
          "targetDialogId": "new_topic_a96de8db0acd41edb5a2e60fb0d93441_aeabea4d071f415c8c107e1cb7af5424_assumedsuccess",
          "nodeType": "DialogChangeNode",
          "id": "218a448b-1a46-4049-a380-46fda3d86f9f"
        }
      ],
      "id": "new_topic_cceb46039029434f9cc4cc94cef45913",
      "displayName": "Dialog for Do my Teams meetings also show up in Outlook?",
      "createdTime": "2021-01-21T11:36:41.843367Z",
      "updatedTime": "2021-01-21T11:36:41.843367Z",
      "createdUserId": "aaefd11d-4a6f-43de-b8d1-f4d839285950",
      "updatedUserId": "aaefd11d-4a6f-43de-b8d1-f4d839285950"
    }
  ],
  "botMessages": [
    {
      "channelContent": {
        "web": {
          "contentFormat": "Markdown",
          "content": "If you schedule a meeting in Teams, it appears under \" Calendar \" in Teams and in your Outlook calendar.\r\n\r\nPlease note: The Outlook calendar is used for both Teams and Outlook"
        }
      },
      "id": "96807e74-d678-48e7-b91d-41bd3668c797",
      "createdTime": "2021-01-21T11:36:41.843367Z",
      "updatedTime": "2021-01-21T11:36:41.843367Z",
      "createdUserId": "aaefd11d-4a6f-43de-b8d1-f4d839285950",
      "updatedUserId": "aaefd11d-4a6f-43de-b8d1-f4d839285950"
    }
  ],
  "createdUtc": "0001-01-01T00:00:00Z"
}