{
  "intents": [
    {
      "endUserOverrideName": "Perguntar a um Expert",
      "triggerQueries": [
        "ajuda de um expert",
        "perguntar a um colega expert",
        "expert",
        "pedir ajuda de um expert",
        "Perguntar a um expert"
      ],
      "dialogId": "new_topic_6a3fccf7550941c5ab853e992c659722",
      "isTriggeringEnabled": true,
      "id": "new_topic_6a3fccf7550941c5ab853e992c659722",
      "displayName": "Perguntar a um Expert",
      "createdTime": "2022-12-27T14:30:37.5131878Z",
      "updatedTime": "2022-12-27T14:30:37.5131878Z",
      "createdUserId": "1217587e-94d3-4d46-b9e3-9ad63e50a6a1",
      "updatedUserId": "1217587e-94d3-4d46-b9e3-9ad63e50a6a1"
    }
  ],
  "dialogs": [
    {
      "rootNodeId": "2a15c64d-5f15-4319-81d3-7af4d38a92c4",
      "dialogChangeNodes": [
        {
          "targetDialogId": "new_topic_e347a2395e634a7880736d574ee58956_954135cafcd647eaae5999ad91fc08cf_talktoagent",
          "nodeType": "DialogChangeNode",
          "id": "2a15c64d-5f15-4319-81d3-7af4d38a92c4"
        }
      ],
      "id": "new_topic_6a3fccf7550941c5ab853e992c659722",
      "displayName": "Untitled",
      "createdTime": "2022-12-27T14:30:37.5131878Z",
      "updatedTime": "2022-12-27T14:30:37.5131878Z",
      "createdUserId": "1217587e-94d3-4d46-b9e3-9ad63e50a6a1",
      "updatedUserId": "1217587e-94d3-4d46-b9e3-9ad63e50a6a1"
    }
  ]
}