{
  "intents": [
    {
      "triggerQueries": [
        "Temos mais formações digitais de Teams?",
        "Pode me dizer onde encontrar formações de Teams?",
        "Gostaria de mais formações sobre Teams?",
        "Onde posso encontrar formação de Teams?",
        "Onde posso encontrar formação digital de Teams?"
      ],
      "dialogId": "new_topic_caa253fec6bd478bbb5a34ccafc301d1",
      "isTriggeringEnabled": true,
      "id": "new_topic_caa253fec6bd478bbb5a34ccafc301d1",
      "displayName": "Onde posso encontrar formação digital de Teams?",
      "createdTime": "2023-01-03T12:41:02.9668793Z",
      "updatedTime": "2023-01-03T12:41:02.9668793Z",
      "createdUserId": "1217587e-94d3-4d46-b9e3-9ad63e50a6a1",
      "updatedUserId": "1217587e-94d3-4d46-b9e3-9ad63e50a6a1"
    }
  ],
  "dialogs": [
    {
      "rootNodeId": "f19917bd-73aa-4a03-a919-a97b1bd7d67a",
      "messageNodes": [
        {
          "botMessageId": "ae7514d3-f394-4450-837e-5a40e712ad6f",
          "nodeType": "BotMessageNode",
          "id": "f19917bd-73aa-4a03-a919-a97b1bd7d67a",
          "defaultTargetNodeId": "c007da2e-4c31-4007-a867-f4996b13458e"
        }
      ],
      "dialogChangeNodes": [
        {
          "targetDialogId": "new_topic_e347a2395e634a7880736d574ee58956_aeabea4d071f415c8c107e1cb7af5424_assumedsuccess",
          "nodeType": "DialogChangeNode",
          "id": "c007da2e-4c31-4007-a867-f4996b13458e"
        }
      ],
      "id": "new_topic_caa253fec6bd478bbb5a34ccafc301d1",
      "displayName": "Untitled",
      "createdTime": "2023-01-03T12:41:02.9668793Z",
      "updatedTime": "2023-01-03T12:41:02.9668793Z",
      "createdUserId": "1217587e-94d3-4d46-b9e3-9ad63e50a6a1",
      "updatedUserId": "1217587e-94d3-4d46-b9e3-9ad63e50a6a1"
    }
  ],
  "botMessages": [
    {
      "channelContent": {
        "web": {
          "contentFormat": "Markdown",
          "content": "Pode encontrar formações digitais sobre Teams aqui:\n\n[Formações de Vídeo sobre Teams.](https://support.microsoft.com/en-us/office/microsoft-teams-video-training-4f108e54-240b-4351-8084-b1089f0d21d7?ui=en-US&rs=en-US&ad=US)"
        }
      },
      "id": "ae7514d3-f394-4450-837e-5a40e712ad6f",
      "createdTime": "2023-01-03T12:34:39.765Z",
      "updatedTime": "2023-01-03T12:34:39.765Z"
    }
  ]
}