{
  "intents": [
    {
      "triggerQueries": [
        "How can I create a team from an existing team?"
      ],
      "dialogId": "new_topic_9f196db5402e49f79e9f2ba19946e234",
      "isTriggeringEnabled": true,
      "id": "new_topic_9f196db5402e49f79e9f2ba19946e234",
      "displayName": "How can I create a team from an existing team?",
      "description": "https://adoptbotv2kb.blob.core.windows.net/%24web/AdoptBot2021-English.docx",
      "createdTime": "2021-01-21T11:36:41.843367Z",
      "updatedTime": "2021-01-21T11:40:23.1291623Z",
      "createdUserId": "aaefd11d-4a6f-43de-b8d1-f4d839285950",
      "updatedUserId": "aaefd11d-4a6f-43de-b8d1-f4d839285950"
    }
  ],
  "dialogs": [
    {
      "rootNodeId": "bdc03820-efd8-47fa-897f-3a526e2daf5e",
      "messageNodes": [
        {
          "botMessageId": "c48b8df4-45f4-44de-946e-0a59d722f4f5",
          "nodeType": "BotMessageNode",
          "id": "bdc03820-efd8-47fa-897f-3a526e2daf5e",
          "defaultTargetNodeId": "7398ebfa-f149-47f5-a0fb-1b6a19e8f71c"
        }
      ],
      "dialogChangeNodes": [
        {
          "targetDialogId": "new_topic_a96de8db0acd41edb5a2e60fb0d93441_aeabea4d071f415c8c107e1cb7af5424_assumedsuccess",
          "nodeType": "DialogChangeNode",
          "id": "7398ebfa-f149-47f5-a0fb-1b6a19e8f71c"
        }
      ],
      "id": "new_topic_9f196db5402e49f79e9f2ba19946e234",
      "displayName": "Dialog for How can I create a team from an existing team?",
      "createdTime": "2021-01-21T11:36:41.843367Z",
      "updatedTime": "2021-01-21T11:36:41.843367Z",
      "createdUserId": "aaefd11d-4a6f-43de-b8d1-f4d839285950",
      "updatedUserId": "aaefd11d-4a6f-43de-b8d1-f4d839285950"
    }
  ],
  "botMessages": [
    {
      "channelContent": {
        "web": {
          "contentFormat": "Markdown",
          "content": "[Create a team from an existing team](https://support.microsoft.com/en-us/office/skapa-ett-team-fr%C3%A5n-ett-befintligt-team-f41a759b-3101-4af6-93bd-6aba0e5d7635)\r\n\r\nYou can reuse the existing structure and settings for a new team.\r\n\r\nTo create a Team: In the Teams sidebar,  click Teams. At the bottom of your teams list, click “ Join or create a team \" and then click Create a new team.\r\n\r\nSelect the \" From a group or team \" option. Select the existing team or the  [Microsoft 365](https://support.microsoft.com/en-us/office/skapa-ett-team-fr%C3%A5n-en-befintlig-grupp-24ec428e-40d7-4a1a-ab87-29be7d145865) group you want to create a team from . Choose a new name and review your settings.\r\n\r\nAfter you create your team,  you can invite people. You can add individual users, groups, and even entire contact groups  (distribution lists).\r\n\r\nTip: Don't forget that you should be at least two team owners in each team."
        }
      },
      "id": "c48b8df4-45f4-44de-946e-0a59d722f4f5",
      "createdTime": "2021-01-21T11:36:41.843367Z",
      "updatedTime": "2021-01-21T11:36:41.843367Z",
      "createdUserId": "aaefd11d-4a6f-43de-b8d1-f4d839285950",
      "updatedUserId": "aaefd11d-4a6f-43de-b8d1-f4d839285950"
    }
  ],
  "createdUtc": "0001-01-01T00:00:00Z"
}