{
  "intents": [
    {
      "triggerQueries": [
        "apagar mensagem que enviei",
        "apagar mensagem",
        "Como eliminar uma mensagem enviada?"
      ],
      "dialogId": "new_topic_7992656bcd0a4b5f9960a08cbadfa76b",
      "isTriggeringEnabled": true,
      "id": "new_topic_7992656bcd0a4b5f9960a08cbadfa76b",
      "displayName": "Como eliminar uma mensagem enviada?ed",
      "createdTime": "2022-12-30T13:41:56.803267Z",
      "updatedTime": "2022-12-30T13:41:56.803267Z",
      "createdUserId": "1217587e-94d3-4d46-b9e3-9ad63e50a6a1",
      "updatedUserId": "1217587e-94d3-4d46-b9e3-9ad63e50a6a1"
    }
  ],
  "dialogs": [
    {
      "rootNodeId": "d2761b95-a2bc-4f3b-9bf7-1716f18c5b58",
      "messageNodes": [
        {
          "botMessageId": "d8fc2eb5-d673-4ebf-aa71-6b5143c9c635",
          "nodeType": "BotMessageNode",
          "id": "d2761b95-a2bc-4f3b-9bf7-1716f18c5b58",
          "defaultTargetNodeId": "b1847b6d-a1ae-47ba-b8fe-66a22e711df9"
        }
      ],
      "dialogChangeNodes": [
        {
          "targetDialogId": "new_topic_e347a2395e634a7880736d574ee58956_aeabea4d071f415c8c107e1cb7af5424_assumedsuccess",
          "nodeType": "DialogChangeNode",
          "id": "b1847b6d-a1ae-47ba-b8fe-66a22e711df9"
        }
      ],
      "id": "new_topic_7992656bcd0a4b5f9960a08cbadfa76b",
      "displayName": "Untitled",
      "createdTime": "2022-12-30T13:41:56.803267Z",
      "updatedTime": "2022-12-30T13:41:56.803267Z",
      "createdUserId": "1217587e-94d3-4d46-b9e3-9ad63e50a6a1",
      "updatedUserId": "1217587e-94d3-4d46-b9e3-9ad63e50a6a1"
    }
  ],
  "botMessages": [
    {
      "channelContent": {
        "web": {
          "contentFormat": "Markdown",
          "content": "Se precisar de [apagar algo que acabou de enviar,](https://support.microsoft.com/en-us/office/redigera-eller-ta-bort-ett-skickat-meddelande-i-teams-5f1fe604-a900-4a07-b8b7-8cf70ed6b263?ui=sv-SE&rs=sv-SE&ad=SE) vá à mensagem e selecione **Mais opções** nos três pontos \"... \". Irá encontrar a opção “Eliminar mensagem”"
        }
      },
      "id": "d8fc2eb5-d673-4ebf-aa71-6b5143c9c635",
      "createdTime": "2022-12-30T13:41:07.601Z",
      "updatedTime": "2022-12-30T13:41:07.601Z"
    }
  ]
}