{
  "intents": [
    {
      "intentType": "Regular",
      "triggerQueries": [
        "How do I add more team owners?"
      ],
      "dialogId": "new_topic_0f8832d7224a48a6baf5cf3a8770ae9d",
      "isTriggeringEnabled": true,
      "id": "new_topic_0f8832d7224a48a6baf5cf3a8770ae9d",
      "displayName": "How do I add more team owners?",
      "description": "https://adoptbotv2kb.blob.core.windows.net/%24web/AdoptBot2021-English.docx",
      "createdTime": "2021-01-21T11:36:41.843367Z",
      "updatedTime": "2021-01-21T11:40:23.8053511Z",
      "createdUserId": "aaefd11d-4a6f-43de-b8d1-f4d839285950",
      "updatedUserId": "aaefd11d-4a6f-43de-b8d1-f4d839285950"
    }
  ],
  "dialogs": [
    {
      "rootNodeId": "7c00dfae-3d85-442c-b52a-1e906da08f5a",
      "messageNodes": [
        {
          "botMessageId": "991acf9a-b099-4292-aec1-3da7c7b7e77d",
          "nodeType": "BotMessageNode",
          "id": "7c00dfae-3d85-442c-b52a-1e906da08f5a",
          "defaultTargetNodeId": "c03bc26b-105c-4549-843c-51c62afa6431"
        }
      ],
      "dialogChangeNodes": [
        {
          "targetDialogId": "new_topic_a96de8db0acd41edb5a2e60fb0d93441_aeabea4d071f415c8c107e1cb7af5424_assumedsuccess",
          "nodeType": "DialogChangeNode",
          "id": "c03bc26b-105c-4549-843c-51c62afa6431"
        }
      ],
      "id": "new_topic_0f8832d7224a48a6baf5cf3a8770ae9d",
      "displayName": "Dialog for How do I add more team owners?",
      "createdTime": "2021-01-21T11:36:41.843367Z",
      "updatedTime": "2021-01-21T11:36:41.843367Z",
      "createdUserId": "aaefd11d-4a6f-43de-b8d1-f4d839285950",
      "updatedUserId": "aaefd11d-4a6f-43de-b8d1-f4d839285950"
    }
  ],
  "botMessages": [
    {
      "channelContent": {
        "web": {
          "contentFormat": "Markdown",
          "content": "Find the team you've created, click More options &gt; Manage Team.\r\n\r\nThen go to the Members tab. Find the people you want to designate as team owners. Under Role, click Owner.\r\n\r\nTip: Be sure to have at least two owners per  team. This ensures a backup contact in case one of the owners are unavailable."
        }
      },
      "id": "991acf9a-b099-4292-aec1-3da7c7b7e77d",
      "createdTime": "2021-01-21T11:36:41.843367Z",
      "updatedTime": "2021-01-21T11:36:41.843367Z",
      "createdUserId": "aaefd11d-4a6f-43de-b8d1-f4d839285950",
      "updatedUserId": "aaefd11d-4a6f-43de-b8d1-f4d839285950"
    }
  ]
}