{
  "intents": [
    {
      "triggerQueries": [
        "Can I use Planner in Teams?"
      ],
      "dialogId": "new_topic_eb6686eff2334b06a98412670bd18904",
      "isTriggeringEnabled": true,
      "id": "new_topic_eb6686eff2334b06a98412670bd18904",
      "displayName": "Can I use Planner in Teams?",
      "description": "https://hickweb.blob.core.windows.net/$web/AdoptBot/AdoptBot2022-English.docx",
      "createdTime": "2022-03-02T14:57:19.3356723Z",
      "updatedTime": "2022-03-02T15:00:18.7138567Z",
      "createdUserId": "3e27f02e-042d-4f0e-be03-083d03c89917",
      "updatedUserId": "3e27f02e-042d-4f0e-be03-083d03c89917"
    }
  ],
  "dialogs": [
    {
      "rootNodeId": "6ab373d4-4b5e-44ef-a81c-ba84254847c3",
      "messageNodes": [
        {
          "botMessageId": "3dc19fa8-d214-4349-bd6c-65acd3e05872",
          "nodeType": "BotMessageNode",
          "id": "6ab373d4-4b5e-44ef-a81c-ba84254847c3",
          "defaultTargetNodeId": "10984c48-44d4-4ecf-ab77-21a43ee2c581"
        }
      ],
      "dialogChangeNodes": [
        {
          "targetDialogId": "new_topic_f3954ff416624052b3434952b36c18d0_aeabea4d071f415c8c107e1cb7af5424_assumedsuccess",
          "nodeType": "DialogChangeNode",
          "id": "10984c48-44d4-4ecf-ab77-21a43ee2c581"
        }
      ],
      "id": "new_topic_eb6686eff2334b06a98412670bd18904",
      "displayName": "Can I use Planner in Teams?",
      "createdTime": "2022-03-02T14:57:08.4602637Z",
      "createdUserId": "3e27f02e-042d-4f0e-be03-083d03c89917"
    }
  ],
  "botMessages": [
    {
      "channelContent": {
        "web": {
          "contentFormat": "Markdown",
          "content": "Good news for fans of organization and collaboration, Teams and Planner go hand in hand!\r\n\r\nTo start using them together, add a Planner tab to Teams. Just click Add a tab next to your tabs at the top of a channel. Select Planner , then do one of the following:\r\n\r\n- Click Create a New Plan and type a name for the new Planner board.\r\n- Click Use an Existing Plan and select an existing Planner board from the menu.\r\n\r\n\r\nIf you want to delve deeper into the details to manage your Planner tasks in\r\n\r\nTeams, see [Microsoft Teams: Using Planner to stay organized.](https://support.microsoft.com/en-us/office/anv%C3%A4nda-planner-i-microsoft-teams-62798a9f-e8f7-4722-a700-27dd28a06ee0)"
        }
      },
      "id": "3dc19fa8-d214-4349-bd6c-65acd3e05872"
    }
  ]
}