{
  "intents": [
    {
      "triggerQueries": [
        "como posso adicionar novos colegas a minha equipa?",
        "como adicionar colegas a uma equipa",
        "adicionar pessoas a equipa",
        "como adicionar pessoas a uma equipa?",
        "Como adiciono um membro a uma equipa?"
      ],
      "dialogId": "new_topic_cb10b19245174861a67bbd9258ae81e7",
      "isTriggeringEnabled": true,
      "id": "new_topic_cb10b19245174861a67bbd9258ae81e7",
      "displayName": "Como adiciono um membro a uma equipa?",
      "createdTime": "2022-12-30T12:33:10.4807868Z",
      "updatedTime": "2022-12-30T12:33:10.4807868Z",
      "createdUserId": "1217587e-94d3-4d46-b9e3-9ad63e50a6a1",
      "updatedUserId": "1217587e-94d3-4d46-b9e3-9ad63e50a6a1"
    }
  ],
  "dialogs": [
    {
      "rootNodeId": "3023b6bb-d7ca-4aac-aee5-a1b9207a9880",
      "messageNodes": [
        {
          "botMessageId": "182d88ca-d3b6-494a-bd28-3919bb98036c",
          "nodeType": "BotMessageNode",
          "id": "3023b6bb-d7ca-4aac-aee5-a1b9207a9880",
          "defaultTargetNodeId": "813f9fdf-be57-47c8-8dab-10af2948477f"
        }
      ],
      "dialogChangeNodes": [
        {
          "targetDialogId": "new_topic_e347a2395e634a7880736d574ee58956_aeabea4d071f415c8c107e1cb7af5424_assumedsuccess",
          "nodeType": "DialogChangeNode",
          "id": "813f9fdf-be57-47c8-8dab-10af2948477f"
        }
      ],
      "id": "new_topic_cb10b19245174861a67bbd9258ae81e7",
      "displayName": "Untitled",
      "createdTime": "2022-12-30T12:33:10.4807868Z",
      "updatedTime": "2022-12-30T12:33:10.4807868Z",
      "createdUserId": "1217587e-94d3-4d46-b9e3-9ad63e50a6a1",
      "updatedUserId": "1217587e-94d3-4d46-b9e3-9ad63e50a6a1"
    }
  ],
  "botMessages": [
    {
      "channelContent": {
        "web": {
          "contentFormat": "Markdown",
          "content": "Se for proprietário de uma equipa, vá ao nome da equipa e clique em **Mais** **Opções e,** posteriormente, clique em Adicionar **Membros**. É também aqui que poderá convidar pessoas fora da sua organização para se juntarem à equipa."
        }
      },
      "id": "182d88ca-d3b6-494a-bd28-3919bb98036c",
      "createdTime": "2022-12-30T12:32:24.955Z",
      "updatedTime": "2022-12-30T12:32:24.955Z"
    }
  ]
}