{
  "intents": [
    {
      "triggerQueries": [
        "Pra que serve o SharePoint?",
        "O que é SharePoint?"
      ],
      "dialogId": "new_topic_161c1246ff8644b39efc5c4f14609e44",
      "isTriggeringEnabled": true,
      "id": "new_topic_161c1246ff8644b39efc5c4f14609e44",
      "displayName": "O que é SharePoint?",
      "createdTime": "2022-12-30T14:00:06.9745514Z",
      "updatedTime": "2022-12-30T14:00:06.9745514Z",
      "createdUserId": "1217587e-94d3-4d46-b9e3-9ad63e50a6a1",
      "updatedUserId": "1217587e-94d3-4d46-b9e3-9ad63e50a6a1"
    }
  ],
  "dialogs": [
    {
      "rootNodeId": "1e62d498-1010-4f00-8d85-8a935f2a135f",
      "messageNodes": [
        {
          "botMessageId": "107c73aa-38d4-4661-9fb3-65eda9733d69",
          "nodeType": "BotMessageNode",
          "id": "1e62d498-1010-4f00-8d85-8a935f2a135f",
          "defaultTargetNodeId": "bdaae150-efdd-43fa-8494-17f196942655"
        }
      ],
      "dialogChangeNodes": [
        {
          "targetDialogId": "new_topic_e347a2395e634a7880736d574ee58956_aeabea4d071f415c8c107e1cb7af5424_assumedsuccess",
          "nodeType": "DialogChangeNode",
          "id": "bdaae150-efdd-43fa-8494-17f196942655"
        }
      ],
      "id": "new_topic_161c1246ff8644b39efc5c4f14609e44",
      "displayName": "Untitled",
      "createdTime": "2022-12-30T14:00:06.9745514Z",
      "updatedTime": "2022-12-30T14:00:06.9745514Z",
      "createdUserId": "1217587e-94d3-4d46-b9e3-9ad63e50a6a1",
      "updatedUserId": "1217587e-94d3-4d46-b9e3-9ad63e50a6a1"
    }
  ],
  "botMessages": [
    {
      "channelContent": {
        "web": {
          "contentFormat": "Markdown",
          "content": "O SharePoint é utilizado pelas organizações para criar websites. Poderá utilizar o SharePoint como um local seguro para armazenar, organizar, partilhar e aceder a informações de quase todos os dispositivos. Tudo o que precisa é de um _browser_.\n\n[Consulte a lista completa das capacidades](https://support.office.com/en-za/article/What-is-SharePoint--97b915e6-651b-43b2-827d-fb25777f446f) do [SharePoint.](https://support.office.com/en-za/article/What-is-SharePoint--97b915e6-651b-43b2-827d-fb25777f446f)"
        }
      },
      "id": "107c73aa-38d4-4661-9fb3-65eda9733d69",
      "createdTime": "2022-12-30T13:59:40.567Z",
      "updatedTime": "2022-12-30T13:59:40.567Z"
    }
  ]
}