{
  "intents": [
    {
      "triggerQueries": [
        "How do I Change Teams notifications?"
      ],
      "dialogId": "new_topic_e5d360ac511b4af793a2ad010b278b5c",
      "isTriggeringEnabled": true,
      "id": "new_topic_e5d360ac511b4af793a2ad010b278b5c",
      "displayName": "How do I Change Teams notifications?",
      "description": "https://hickweb.blob.core.windows.net/$web/AdoptBot/AdoptBot2022-English.docx",
      "createdTime": "2022-03-02T14:57:19.3513008Z",
      "updatedTime": "2022-03-02T14:58:30.8474787Z",
      "createdUserId": "3e27f02e-042d-4f0e-be03-083d03c89917",
      "updatedUserId": "3e27f02e-042d-4f0e-be03-083d03c89917"
    }
  ],
  "dialogs": [
    {
      "rootNodeId": "b09ebaca-22fb-41ed-bc5a-6604edf93d86",
      "messageNodes": [
        {
          "botMessageId": "4fbb36ed-dd83-4d7b-94d2-6c0ccbf42725",
          "nodeType": "BotMessageNode",
          "id": "b09ebaca-22fb-41ed-bc5a-6604edf93d86",
          "defaultTargetNodeId": "c998dde8-523f-4654-b3d2-292c2d631be2"
        }
      ],
      "dialogChangeNodes": [
        {
          "targetDialogId": "new_topic_f3954ff416624052b3434952b36c18d0_aeabea4d071f415c8c107e1cb7af5424_assumedsuccess",
          "nodeType": "DialogChangeNode",
          "id": "c998dde8-523f-4654-b3d2-292c2d631be2"
        }
      ],
      "id": "new_topic_e5d360ac511b4af793a2ad010b278b5c",
      "displayName": "How do I Change Teams notifications?",
      "createdTime": "2022-03-02T14:57:08.4602637Z",
      "createdUserId": "3e27f02e-042d-4f0e-be03-083d03c89917"
    }
  ],
  "botMessages": [
    {
      "channelContent": {
        "web": {
          "contentFormat": "Markdown",
          "content": "Microsoft Teams offers different ways to access, receive, and manage notifications.\r\n\r\nThese settings include how, when, and where your notifications appear, custom settings for channels and chat, appearance, and sounds, turning off specific messages, and so on.\r\n\r\nTo manage your notifications, select your profile picture in the top right of Teams. Then select Settings &gt; Notifications.\r\n\r\nSee more about [managing your notifications in Microsoft Teams](https://support.microsoft.com/en-us/office/manage-notifications-in-teams-1cc31834-5fe5-412b-8edb-43fecc78413d) ."
        }
      },
      "id": "4fbb36ed-dd83-4d7b-94d2-6c0ccbf42725"
    }
  ]
}