{
  "intents": [
    {
      "triggerQueries": [
        "What is Microsoft 365?"
      ],
      "dialogId": "new_topic_50ad897b6fc94866bbe292ec1dc86a38",
      "isTriggeringEnabled": true,
      "id": "new_topic_50ad897b6fc94866bbe292ec1dc86a38",
      "displayName": "What is Microsoft 365?",
      "description": "https://hickweb.blob.core.windows.net/$web/AdoptBot/AdoptBot2022-English.docx",
      "createdTime": "2022-03-02T14:57:19.3356723Z",
      "updatedTime": "2022-03-02T15:00:50.3949191Z",
      "createdUserId": "3e27f02e-042d-4f0e-be03-083d03c89917",
      "updatedUserId": "3e27f02e-042d-4f0e-be03-083d03c89917"
    }
  ],
  "dialogs": [
    {
      "rootNodeId": "0bf83c34-2751-4193-8e38-713aba4c07b7",
      "messageNodes": [
        {
          "botMessageId": "77fd74b5-cff3-426c-a108-90b3929342bb",
          "nodeType": "BotMessageNode",
          "id": "0bf83c34-2751-4193-8e38-713aba4c07b7",
          "defaultTargetNodeId": "212fb55a-f81d-482e-896c-a431816f1a64"
        }
      ],
      "dialogChangeNodes": [
        {
          "targetDialogId": "new_topic_f3954ff416624052b3434952b36c18d0_aeabea4d071f415c8c107e1cb7af5424_assumedsuccess",
          "nodeType": "DialogChangeNode",
          "id": "212fb55a-f81d-482e-896c-a431816f1a64"
        }
      ],
      "id": "new_topic_50ad897b6fc94866bbe292ec1dc86a38",
      "displayName": "What is Microsoft 365?",
      "createdTime": "2022-03-02T14:57:08.4602637Z",
      "createdUserId": "3e27f02e-042d-4f0e-be03-083d03c89917"
    }
  ],
  "botMessages": [
    {
      "channelContent": {
        "web": {
          "contentFormat": "Markdown",
          "content": "Microsoft 365 is the universal toolkit for collaboration.  [Read more here!](https://www.microsoft.com/en-us/microsoft-365)"
        }
      },
      "id": "77fd74b5-cff3-426c-a108-90b3929342bb"
    }
  ]
}