{
  "intents": [
    {
      "intentType": "Regular",
      "triggerQueries": [
        "How does a user access or change their PIN?"
      ],
      "dialogId": "new_topic_11a61d338a0c43df81f36ec99aebae9b",
      "isTriggeringEnabled": true,
      "id": "new_topic_11a61d338a0c43df81f36ec99aebae9b",
      "displayName": "How does a user access or change their PIN?",
      "description": "https://adoptbotv2kb.blob.core.windows.net/%24web/AdoptBot2021-English.docx",
      "createdTime": "2021-01-21T11:36:41.843367Z",
      "updatedTime": "2021-01-21T11:39:54.8162109Z",
      "createdUserId": "aaefd11d-4a6f-43de-b8d1-f4d839285950",
      "updatedUserId": "aaefd11d-4a6f-43de-b8d1-f4d839285950"
    }
  ],
  "dialogs": [
    {
      "rootNodeId": "0218a563-85ac-452a-a6f0-813170fc7aae",
      "messageNodes": [
        {
          "botMessageId": "188136a8-f29a-43a2-82bf-85bbe178b349",
          "nodeType": "BotMessageNode",
          "id": "0218a563-85ac-452a-a6f0-813170fc7aae",
          "defaultTargetNodeId": "5828e8a0-b36f-4c1b-97a1-884ddfaff0af"
        }
      ],
      "dialogChangeNodes": [
        {
          "targetDialogId": "new_topic_a96de8db0acd41edb5a2e60fb0d93441_aeabea4d071f415c8c107e1cb7af5424_assumedsuccess",
          "nodeType": "DialogChangeNode",
          "id": "5828e8a0-b36f-4c1b-97a1-884ddfaff0af"
        }
      ],
      "id": "new_topic_11a61d338a0c43df81f36ec99aebae9b",
      "displayName": "Dialog for How does a user access or change their PIN?",
      "createdTime": "2021-01-21T11:36:41.843367Z",
      "updatedTime": "2021-01-21T11:36:41.843367Z",
      "createdUserId": "aaefd11d-4a6f-43de-b8d1-f4d839285950",
      "updatedUserId": "aaefd11d-4a6f-43de-b8d1-f4d839285950"
    }
  ],
  "botMessages": [
    {
      "channelContent": {
        "web": {
          "contentFormat": "Markdown",
          "content": "The PIN can only be reset by the Admin for the organization."
        }
      },
      "id": "188136a8-f29a-43a2-82bf-85bbe178b349",
      "createdTime": "2021-01-21T11:36:41.843367Z",
      "updatedTime": "2021-01-21T11:36:41.843367Z",
      "createdUserId": "aaefd11d-4a6f-43de-b8d1-f4d839285950",
      "updatedUserId": "aaefd11d-4a6f-43de-b8d1-f4d839285950"
    }
  ]
}