{
  "intents": [
    {
      "triggerQueries": [
        "É possível chamar a atenção de toda equipa?",
        "É possível @mencionar toda a equipa?",
        "Como posso @mencionar toda a equipa?"
      ],
      "dialogId": "new_topic_fef7aa358b094a8c80c22c91e48a5ffd",
      "isTriggeringEnabled": true,
      "id": "new_topic_fef7aa358b094a8c80c22c91e48a5ffd",
      "displayName": "Como posso @mencionar toda a equipa?",
      "createdTime": "2022-12-30T16:38:34.1620549Z",
      "updatedTime": "2022-12-30T16:41:00.421762Z",
      "createdUserId": "1217587e-94d3-4d46-b9e3-9ad63e50a6a1",
      "updatedUserId": "1217587e-94d3-4d46-b9e3-9ad63e50a6a1"
    }
  ],
  "dialogs": [
    {
      "rootNodeId": "ba605909-8373-4fc6-aa4a-3d14edcc3005",
      "messageNodes": [
        {
          "botMessageId": "d8414416-37da-40db-84a5-dd4aa2c3d916",
          "nodeType": "BotMessageNode",
          "id": "ba605909-8373-4fc6-aa4a-3d14edcc3005",
          "defaultTargetNodeId": "bd9f4761-70cc-4dc0-b403-320eb3fbadde"
        }
      ],
      "dialogChangeNodes": [
        {
          "targetDialogId": "new_topic_e347a2395e634a7880736d574ee58956_aeabea4d071f415c8c107e1cb7af5424_assumedsuccess",
          "nodeType": "DialogChangeNode",
          "id": "bd9f4761-70cc-4dc0-b403-320eb3fbadde"
        }
      ],
      "id": "new_topic_fef7aa358b094a8c80c22c91e48a5ffd",
      "displayName": "Untitled",
      "createdTime": "2022-12-30T16:38:34.1620549Z",
      "updatedTime": "2022-12-30T16:41:00.421762Z",
      "createdUserId": "1217587e-94d3-4d46-b9e3-9ad63e50a6a1",
      "updatedUserId": "1217587e-94d3-4d46-b9e3-9ad63e50a6a1"
    }
  ],
  "botMessages": [
    {
      "channelContent": {
        "web": {
          "contentFormat": "Markdown",
          "content": "Para chamar a atenção de todos na equipa mencione o nome da equipa. Basta escrever @ antes do nome da equipa e, em seguida, selecionar a equipa do menu que aparece.\n\nPor @team nome, todos os membros da equipa recebem uma nota. O tipo de notificação depende da configuração de cada indivíduo. Utilize esta opção com moderação porque é como utilizar \"responder a todos\" no e-mail."
        }
      },
      "id": "d8414416-37da-40db-84a5-dd4aa2c3d916",
      "createdTime": "2022-12-30T16:38:01.917Z",
      "updatedTime": "2022-12-30T16:38:01.917Z"
    }
  ]
}