{
  "intents": [
    {
      "endUserOverrideName": "Deixar feedback",
      "triggerQueries": [
        "fazer uma review",
        "fazer um comentário",
        "deixar comentários",
        "deixar feedback",
        "posso dar feedback?",
        "dar feedback",
        "providenciar feedback",
        "feedback"
      ],
      "dialogId": "new_topic_5537e32d9c424cd1aa9ec918fe3eeaee",
      "isTriggeringEnabled": true,
      "id": "new_topic_5537e32d9c424cd1aa9ec918fe3eeaee",
      "displayName": "Feedback",
      "createdTime": "2022-12-27T14:29:01.5727796Z",
      "updatedTime": "2022-12-27T14:29:25.8232583Z",
      "createdUserId": "1217587e-94d3-4d46-b9e3-9ad63e50a6a1",
      "updatedUserId": "1217587e-94d3-4d46-b9e3-9ad63e50a6a1"
    }
  ],
  "dialogs": [
    {
      "rootNodeId": "4c8dd600-04fa-40a9-ae1f-68c898a84981",
      "dialogChangeNodes": [
        {
          "targetDialogId": "new_topic_e347a2395e634a7880736d574ee58956_db1f76b081dc43389df9dd2df7518737_confirmedsuccess",
          "nodeType": "DialogChangeNode",
          "id": "4c8dd600-04fa-40a9-ae1f-68c898a84981"
        }
      ],
      "id": "new_topic_5537e32d9c424cd1aa9ec918fe3eeaee",
      "displayName": "Untitled",
      "createdTime": "2022-12-27T14:29:01.5727796Z",
      "updatedTime": "2022-12-27T14:29:25.8232583Z",
      "createdUserId": "1217587e-94d3-4d46-b9e3-9ad63e50a6a1",
      "updatedUserId": "1217587e-94d3-4d46-b9e3-9ad63e50a6a1"
    }
  ]
}