{
  "intents": [
    {
      "triggerQueries": [
        "Where can I change my Team settings?"
      ],
      "dialogId": "new_topic_a42e38bbb73c4784949eef63c3f3d552",
      "isTriggeringEnabled": true,
      "id": "new_topic_a42e38bbb73c4784949eef63c3f3d552",
      "displayName": "Where can I change my Team settings?",
      "description": "https://hickweb.blob.core.windows.net/$web/AdoptBot/AdoptBot2022-English.docx",
      "createdTime": "2022-03-02T14:57:19.3513008Z",
      "updatedTime": "2022-03-02T14:58:32.3703231Z",
      "createdUserId": "3e27f02e-042d-4f0e-be03-083d03c89917",
      "updatedUserId": "3e27f02e-042d-4f0e-be03-083d03c89917"
    }
  ],
  "dialogs": [
    {
      "rootNodeId": "57d81cf0-66d6-4fbc-b3d0-4a3044557e74",
      "messageNodes": [
        {
          "botMessageId": "b3590493-953f-4a3a-bf2a-7e1800a7fa5d",
          "nodeType": "BotMessageNode",
          "id": "57d81cf0-66d6-4fbc-b3d0-4a3044557e74",
          "defaultTargetNodeId": "f917f18d-29aa-4e90-ac97-62e4d4417be3"
        }
      ],
      "dialogChangeNodes": [
        {
          "targetDialogId": "new_topic_f3954ff416624052b3434952b36c18d0_aeabea4d071f415c8c107e1cb7af5424_assumedsuccess",
          "nodeType": "DialogChangeNode",
          "id": "f917f18d-29aa-4e90-ac97-62e4d4417be3"
        }
      ],
      "id": "new_topic_a42e38bbb73c4784949eef63c3f3d552",
      "displayName": "Where can I change my Team settings?",
      "createdTime": "2022-03-02T14:57:08.4602637Z",
      "createdUserId": "3e27f02e-042d-4f0e-be03-083d03c89917"
    }
  ],
  "botMessages": [
    {
      "channelContent": {
        "web": {
          "contentFormat": "Markdown",
          "content": "Go to the team name and click More options &gt; Manage Team . From there you can access your  team’s Settings, which lets you:\r\n\r\n- Change the team image.\r\n- Set member permissions.\r\n- Enable @team mentions in a channel.\r\n- Allows team members to send Gifs, emojis  and stickers.\r\n- And more"
        }
      },
      "id": "b3590493-953f-4a3a-bf2a-7e1800a7fa5d"
    }
  ]
}