{
  "intents": [
    {
      "triggerQueries": [
        "Para que serve o planner no Teams?",
        "existe alguma aplicação para gerir trabalho no Teams?",
        "tenho alguma forma de organizar tarefas no Teams?",
        "Posso organizar tarefas no Teams?"
      ],
      "dialogId": "new_topic_bf67f71568894823aeca9d5b8ff8030d",
      "isTriggeringEnabled": true,
      "id": "new_topic_bf67f71568894823aeca9d5b8ff8030d",
      "displayName": "Posso organizar tarefas no Teams?",
      "createdTime": "2022-12-30T13:34:19.2751778Z",
      "updatedTime": "2022-12-30T13:34:19.2751778Z",
      "createdUserId": "1217587e-94d3-4d46-b9e3-9ad63e50a6a1",
      "updatedUserId": "1217587e-94d3-4d46-b9e3-9ad63e50a6a1"
    }
  ],
  "dialogs": [
    {
      "rootNodeId": "e8826b14-4f43-463d-b157-d4b6dc05ea27",
      "messageNodes": [
        {
          "botMessageId": "69fbef34-6a3c-4ced-bb21-aa6dea62c1c9",
          "nodeType": "BotMessageNode",
          "id": "e8826b14-4f43-463d-b157-d4b6dc05ea27"
        }
      ],
      "id": "new_topic_bf67f71568894823aeca9d5b8ff8030d",
      "displayName": "Untitled",
      "createdTime": "2022-12-30T13:34:19.2751778Z",
      "updatedTime": "2022-12-30T13:34:19.2751778Z",
      "createdUserId": "1217587e-94d3-4d46-b9e3-9ad63e50a6a1",
      "updatedUserId": "1217587e-94d3-4d46-b9e3-9ad63e50a6a1"
    }
  ],
  "botMessages": [
    {
      "channelContent": {
        "web": {
          "contentFormat": "Markdown",
          "content": "Boas notícias para os fãs de organização e colaboração, o Microsoft Teams e Planner andam de mãos dadas!\n\nPara começar a utilizá-los de forma integrada, adicione um **separador Planner** à sua equipa. Basta clicar em **Adicionar um  novo separador,** ao lado dos separadores na parte superior de um canal de uma equipa. Selecione Planner e uma das seguintes opções:\n\n*   Clique em **Criar um Novo Plano** e atribua um título.\n*   Clique **em Utilizar um Plano Existente** e selecione um dos planos já existentes e em utilização.\n\n  \nSe quiser aprofundar os detalhes para gerir as suas tarefas, no Microsoft Planner, através de uma equipa Microsoft Teams, consulte [Microsoft Teams: Using Planner para se manter organizado.](https://support.microsoft.com/en-us/office/anv%C3%A4nda-planner-i-microsoft-teams-62798a9f-e8f7-4722-a700-27dd28a06ee0)"
        }
      },
      "id": "69fbef34-6a3c-4ced-bb21-aa6dea62c1c9",
      "createdTime": "2022-12-30T13:33:30.181Z",
      "updatedTime": "2022-12-30T13:33:30.181Z"
    }
  ]
}