{
  "intents": [
    {
      "intentType": "Regular",
      "triggerQueries": [
        "Who can create live events?"
      ],
      "dialogId": "new_topic_e326a87a696f4d86af1c69947a8cb75e",
      "isTriggeringEnabled": true,
      "id": "new_topic_e326a87a696f4d86af1c69947a8cb75e",
      "displayName": "Who can create live events?",
      "description": "https://adoptbotv2kb.blob.core.windows.net/%24web/AdoptBot2021-English.docx",
      "createdTime": "2021-01-21T11:36:41.843367Z",
      "updatedTime": "2021-01-21T11:42:10.4675347Z",
      "createdUserId": "aaefd11d-4a6f-43de-b8d1-f4d839285950",
      "updatedUserId": "aaefd11d-4a6f-43de-b8d1-f4d839285950"
    }
  ],
  "dialogs": [
    {
      "rootNodeId": "6ca18ddf-0f68-497c-8f79-fa5a0db82eb7",
      "messageNodes": [
        {
          "botMessageId": "c7fb1866-2329-493c-86c7-c7cd3d8f65e5",
          "nodeType": "BotMessageNode",
          "id": "6ca18ddf-0f68-497c-8f79-fa5a0db82eb7",
          "defaultTargetNodeId": "8e4f359e-ab06-43c9-9a04-f633f174d8d5"
        }
      ],
      "dialogChangeNodes": [
        {
          "targetDialogId": "new_topic_a96de8db0acd41edb5a2e60fb0d93441_aeabea4d071f415c8c107e1cb7af5424_assumedsuccess",
          "nodeType": "DialogChangeNode",
          "id": "8e4f359e-ab06-43c9-9a04-f633f174d8d5"
        }
      ],
      "id": "new_topic_e326a87a696f4d86af1c69947a8cb75e",
      "displayName": "Dialog for Who can create live events?",
      "createdTime": "2021-01-21T11:36:41.843367Z",
      "updatedTime": "2021-01-21T11:36:41.843367Z",
      "createdUserId": "aaefd11d-4a6f-43de-b8d1-f4d839285950",
      "updatedUserId": "aaefd11d-4a6f-43de-b8d1-f4d839285950"
    }
  ],
  "botMessages": [
    {
      "channelContent": {
        "web": {
          "contentFormat": "Markdown",
          "content": "To create a live\r\n\r\nevent, a person needs to have the following: A Microsoft/Office 365 Enterprise E3/A3, or E5/A5 license.\r\n\r\n(Your IT administrator can provide more information)\r\n\r\nThen the following is required:\r\n\r\n- Permission to create live events in the Microsoft Teams admin center.\r\n\r\n-  Permission to create live events in Microsoft Stream (for events produced using an external broadcast application or equipment).\r\n\r\n-  Full team membership in the organization (cannot be a guest or from another org).\r\n\r\n-  Private meeting scheduling, screensharing, and IP video sharing, turned on in Teams meeting policy.\r\n\r\nMore details can be found here: [Get started with Microsoft Teams live events](https://support.microsoft.com/en-us/office/get-started-with-microsoft-teams-live-events-d077fec2-a058-483e-9ab5-1494afda578a)"
        }
      },
      "id": "c7fb1866-2329-493c-86c7-c7cd3d8f65e5",
      "createdTime": "2021-01-21T11:36:41.843367Z",
      "updatedTime": "2021-01-21T11:36:41.843367Z",
      "createdUserId": "aaefd11d-4a6f-43de-b8d1-f4d839285950",
      "updatedUserId": "aaefd11d-4a6f-43de-b8d1-f4d839285950"
    }
  ]
}