<bot_botcomponentset>
  <bot_botcomponent botcomponentid.schemaname="new_topic_eb23ef1ab58e44fc92124146ca13c14e" botid.schemaname="new_bot_a96de8db0acd41edb5a2e60fb0d93441">
    <iscustomizable>1</iscustomizable>
  </bot_botcomponent>
  <bot_botcomponent botid.schemaname="new_bot_a96de8db0acd41edb5a2e60fb0d93441" botcomponentid.schemaname="new_topic_f8f85655fb6042918e9b66c7e9db84cf">
    <iscustomizable>1</iscustomizable>
  </bot_botcomponent>
  <bot_botcomponent botcomponentid.schemaname="new_topic_28ca62cca7114dd1ad0290f349008fcb" botid.schemaname="new_bot_a96de8db0acd41edb5a2e60fb0d93441">
    <iscustomizable>1</iscustomizable>
  </bot_botcomponent>
  <bot_botcomponent botid.schemaname="new_bot_a96de8db0acd41edb5a2e60fb0d93441" botcomponentid.schemaname="new_topic_6225ecb754bc45ba97e78881ddc444cc">
    <iscustomizable>1</iscustomizable>
  </bot_botcomponent>
  <bot_botcomponent botid.schemaname="new_bot_a96de8db0acd41edb5a2e60fb0d93441" botcomponentid.schemaname="new_topic_bbbad2867dd24f93bb6034fab81348fb">
    <iscustomizable>1</iscustomizable>
  </bot_botcomponent>
  <bot_botcomponent botcomponentid.schemaname="new_topic_fbe5d4b4c01e4222bedc6bdd4f9e1859" botid.schemaname="new_bot_a96de8db0acd41edb5a2e60fb0d93441">
    <iscustomizable>1</iscustomizable>
  </bot_botcomponent>
  <bot_botcomponent botcomponentid.schemaname="new_topic_4f996f8ed5b64500a6d59fe6e40d6212" botid.schemaname="new_bot_a96de8db0acd41edb5a2e60fb0d93441">
    <iscustomizable>1</iscustomizable>
  </bot_botcomponent>
  <bot_botcomponent botid.schemaname="new_bot_a96de8db0acd41edb5a2e60fb0d93441" botcomponentid.schemaname="new_topic_1d67e22b18474c0fa03affe8c36c6fa0">
    <iscustomizable>1</iscustomizable>
  </bot_botcomponent>
  <bot_botcomponent botid.schemaname="new_bot_a96de8db0acd41edb5a2e60fb0d93441" botcomponentid.schemaname="new_topic_57e21b31a1e940b0906fa1da3949124f">
    <iscustomizable>1</iscustomizable>
  </bot_botcomponent>
  <bot_botcomponent botcomponentid.schemaname="new_topic_a112ffb698384791ad8dead11d26d679" botid.schemaname="new_bot_a96de8db0acd41edb5a2e60fb0d93441">
    <iscustomizable>1</iscustomizable>
  </bot_botcomponent>
  <bot_botcomponent botid.schemaname="new_bot_a96de8db0acd41edb5a2e60fb0d93441" botcomponentid.schemaname="new_topic_0def8f96fb994639ac9634b1d107deb0">
    <iscustomizable>1</iscustomizable>
  </bot_botcomponent>
  <bot_botcomponent botcomponentid.schemaname="new_topic_cd13f7cb80054f44bdc0e3d0ed8afbfc" botid.schemaname="new_bot_a96de8db0acd41edb5a2e60fb0d93441">
    <iscustomizable>1</iscustomizable>
  </bot_botcomponent>
  <bot_botcomponent botid.schemaname="new_bot_a96de8db0acd41edb5a2e60fb0d93441" botcomponentid.schemaname="new_topic_9b9af58c39604f1dbeeee9ab9d144b52">
    <iscustomizable>1</iscustomizable>
  </bot_botcomponent>
  <bot_botcomponent botcomponentid.schemaname="new_topic_a96de8db0acd41edb5a2e60fb0d93441_aeabea4d071f415c8c107e1cb7af5424_assumedsuccess" botid.schemaname="new_bot_a96de8db0acd41edb5a2e60fb0d93441">
    <iscustomizable>1</iscustomizable>
  </bot_botcomponent>
  <bot_botcomponent botid.schemaname="new_bot_a96de8db0acd41edb5a2e60fb0d93441" botcomponentid.schemaname="new_topic_e7f283ed25074569ae6794c2a1304a11">
    <iscustomizable>1</iscustomizable>
  </bot_botcomponent>
  <bot_botcomponent botcomponentid.schemaname="new_topic_a96de8db0acd41edb5a2e60fb0d93441_db1f76b081dc43389df9dd2df7518737_confirmedsuccess" botid.schemaname="new_bot_a96de8db0acd41edb5a2e60fb0d93441">
    <iscustomizable>1</iscustomizable>
  </bot_botcomponent>
  <bot_botcomponent botid.schemaname="new_bot_a96de8db0acd41edb5a2e60fb0d93441" botcomponentid.schemaname="new_topic_a96de8db0acd41edb5a2e60fb0d93441_d2198a5ee41a48a5bf70ab8970145a9f_confirmedfailure">
    <iscustomizable>1</iscustomizable>
  </bot_botcomponent>
  <bot_botcomponent botid.schemaname="new_bot_a96de8db0acd41edb5a2e60fb0d93441" botcomponentid.schemaname="new_topic_bcd5502d0fea4ad3aad1915cbb20c8f8">
    <iscustomizable>1</iscustomizable>
  </bot_botcomponent>
  <bot_botcomponent botcomponentid.schemaname="new_topic_fe6cafc1bd914a34b189b1e97452a295" botid.schemaname="new_bot_a96de8db0acd41edb5a2e60fb0d93441">
    <iscustomizable>1</iscustomizable>
  </bot_botcomponent>
  <bot_botcomponent botid.schemaname="new_bot_a96de8db0acd41edb5a2e60fb0d93441" botcomponentid.schemaname="new_topic_338fa34a626343e797d42391ef8f00f3">
    <iscustomizable>1</iscustomizable>
  </bot_botcomponent>
  <bot_botcomponent botid.schemaname="new_bot_a96de8db0acd41edb5a2e60fb0d93441" botcomponentid.schemaname="new_topic_e326a87a696f4d86af1c69947a8cb75e">
    <iscustomizable>1</iscustomizable>
  </bot_botcomponent>
  <bot_botcomponent botcomponentid.schemaname="new_topic_a96de8db0acd41edb5a2e60fb0d93441_f56d1a3e522740c78f9fac0939332dbd_goodbye" botid.schemaname="new_bot_a96de8db0acd41edb5a2e60fb0d93441">
    <iscustomizable>1</iscustomizable>
  </bot_botcomponent>
  <bot_botcomponent botcomponentid.schemaname="new_topic_a96de8db0acd41edb5a2e60fb0d93441_8a4964498f83424bb3a86295bf7d0952_startover" botid.schemaname="new_bot_a96de8db0acd41edb5a2e60fb0d93441">
    <iscustomizable>1</iscustomizable>
  </bot_botcomponent>
  <bot_botcomponent botid.schemaname="new_bot_a96de8db0acd41edb5a2e60fb0d93441" botcomponentid.schemaname="new_topic_a96de8db0acd41edb5a2e60fb0d93441_3d2584ec30914684839527e05e7be172_thankyou">
    <iscustomizable>1</iscustomizable>
  </bot_botcomponent>
  <bot_botcomponent botid.schemaname="new_bot_a96de8db0acd41edb5a2e60fb0d93441" botcomponentid.schemaname="new_topic_6a0df24fb4104d3d93bd61859ad2af04">
    <iscustomizable>1</iscustomizable>
  </bot_botcomponent>
  <bot_botcomponent botid.schemaname="new_bot_a96de8db0acd41edb5a2e60fb0d93441" botcomponentid.schemaname="new_topic_04abeaef7f0142a2966fd28aabd109b8">
    <iscustomizable>1</iscustomizable>
  </bot_botcomponent>
  <bot_botcomponent botid.schemaname="new_bot_a96de8db0acd41edb5a2e60fb0d93441" botcomponentid.schemaname="new_topic_067d11755bfa4d659743226db1bfd5d5">
    <iscustomizable>1</iscustomizable>
  </bot_botcomponent>
  <bot_botcomponent botcomponentid.schemaname="new_topic_17754fc5033c4f04ae325c01970804d5" botid.schemaname="new_bot_a96de8db0acd41edb5a2e60fb0d93441">
    <iscustomizable>1</iscustomizable>
  </bot_botcomponent>
  <bot_botcomponent botcomponentid.schemaname="new_topic_333137e3ef9b44e88887e41d7657fbeb" botid.schemaname="new_bot_a96de8db0acd41edb5a2e60fb0d93441">
    <iscustomizable>1</iscustomizable>
  </bot_botcomponent>
  <bot_botcomponent botid.schemaname="new_bot_a96de8db0acd41edb5a2e60fb0d93441" botcomponentid.schemaname="new_customtype_a96de8db0acd41edb5a2e60fb0d93441_92610204747047ac8f788f7eecd91118">
    <iscustomizable>1</iscustomizable>
  </bot_botcomponent>
  <bot_botcomponent botid.schemaname="new_bot_a96de8db0acd41edb5a2e60fb0d93441" botcomponentid.schemaname="new_customtype_a96de8db0acd41edb5a2e60fb0d93441_f86fcadfd497444e91ed11c12b059d10">
    <iscustomizable>1</iscustomizable>
  </bot_botcomponent>
  <bot_botcomponent botid.schemaname="new_bot_a96de8db0acd41edb5a2e60fb0d93441" botcomponentid.schemaname="new_topic_c9621bf227ef42d6a4ebbc3174b1d8ce">
    <iscustomizable>1</iscustomizable>
  </bot_botcomponent>
  <bot_botcomponent botid.schemaname="new_bot_a96de8db0acd41edb5a2e60fb0d93441" botcomponentid.schemaname="new_topic_1f348930097f47e9b04a9c94d5aa0648">
    <iscustomizable>1</iscustomizable>
  </bot_botcomponent>
  <bot_botcomponent botcomponentid.schemaname="new_topic_875474bbe27440eb9fe3f352338bae91" botid.schemaname="new_bot_a96de8db0acd41edb5a2e60fb0d93441">
    <iscustomizable>1</iscustomizable>
  </bot_botcomponent>
  <bot_botcomponent botid.schemaname="new_bot_a96de8db0acd41edb5a2e60fb0d93441" botcomponentid.schemaname="new_topic_8f436e8b90e74d18bb649c208c50abee">
    <iscustomizable>1</iscustomizable>
  </bot_botcomponent>
  <bot_botcomponent botcomponentid.schemaname="new_topic_66894bc8428844bf9adb5e05aba61f04" botid.schemaname="new_bot_a96de8db0acd41edb5a2e60fb0d93441">
    <iscustomizable>1</iscustomizable>
  </bot_botcomponent>
  <bot_botcomponent botid.schemaname="new_bot_a96de8db0acd41edb5a2e60fb0d93441" botcomponentid.schemaname="new_topic_12218d7ce7164cf3b5a9d1ef086939b6">
    <iscustomizable>1</iscustomizable>
  </bot_botcomponent>
  <bot_botcomponent botid.schemaname="new_bot_a96de8db0acd41edb5a2e60fb0d93441" botcomponentid.schemaname="new_topic_08fa38551af84c0ba65b1936fd0cc87c">
    <iscustomizable>1</iscustomizable>
  </bot_botcomponent>
  <bot_botcomponent botcomponentid.schemaname="new_topic_051ee04428a947169a646f6b798dbef1" botid.schemaname="new_bot_a96de8db0acd41edb5a2e60fb0d93441">
    <iscustomizable>1</iscustomizable>
  </bot_botcomponent>
  <bot_botcomponent botcomponentid.schemaname="new_topic_cff9a1e719d94ef395201ce3bb686b5d" botid.schemaname="new_bot_a96de8db0acd41edb5a2e60fb0d93441">
    <iscustomizable>1</iscustomizable>
  </bot_botcomponent>
  <bot_botcomponent botid.schemaname="new_bot_a96de8db0acd41edb5a2e60fb0d93441" botcomponentid.schemaname="new_topic_b251093cb1de4e85ad2412330b517716">
    <iscustomizable>1</iscustomizable>
  </bot_botcomponent>
  <bot_botcomponent botcomponentid.schemaname="new_topic_d12e00ec17574c389a32349de4627ee1" botid.schemaname="new_bot_a96de8db0acd41edb5a2e60fb0d93441">
    <iscustomizable>1</iscustomizable>
  </bot_botcomponent>
  <bot_botcomponent botid.schemaname="new_bot_a96de8db0acd41edb5a2e60fb0d93441" botcomponentid.schemaname="new_topic_ba3ad381641c40bb9792f3bd504264e1">
    <iscustomizable>1</iscustomizable>
  </bot_botcomponent>
  <bot_botcomponent botcomponentid.schemaname="new_topic_52eb162b71d247528fd580c2c8d34fee" botid.schemaname="new_bot_a96de8db0acd41edb5a2e60fb0d93441">
    <iscustomizable>1</iscustomizable>
  </bot_botcomponent>
  <bot_botcomponent botid.schemaname="new_bot_a96de8db0acd41edb5a2e60fb0d93441" botcomponentid.schemaname="new_topic_bba6356f7c264f4787bd014e9d561e74">
    <iscustomizable>1</iscustomizable>
  </bot_botcomponent>
  <bot_botcomponent botcomponentid.schemaname="new_topic_ab16af442e334540ace9bed9d5693496" botid.schemaname="new_bot_a96de8db0acd41edb5a2e60fb0d93441">
    <iscustomizable>1</iscustomizable>
  </bot_botcomponent>
  <bot_botcomponent botid.schemaname="new_bot_a96de8db0acd41edb5a2e60fb0d93441" botcomponentid.schemaname="new_topic_0fb031f47f11436cadd9b6c56bccd1e0">
    <iscustomizable>1</iscustomizable>
  </bot_botcomponent>
  <bot_botcomponent botcomponentid.schemaname="new_topic_c3612286c0424eae9bbad73b90f6cc8c" botid.schemaname="new_bot_a96de8db0acd41edb5a2e60fb0d93441">
    <iscustomizable>1</iscustomizable>
  </bot_botcomponent>
  <bot_botcomponent botcomponentid.schemaname="new_topic_9f196db5402e49f79e9f2ba19946e234" botid.schemaname="new_bot_a96de8db0acd41edb5a2e60fb0d93441">
    <iscustomizable>1</iscustomizable>
  </bot_botcomponent>
  <bot_botcomponent botid.schemaname="new_bot_a96de8db0acd41edb5a2e60fb0d93441" botcomponentid.schemaname="new_topic_efbcb8faa0434fe18b8b4a6ff7094cf8">
    <iscustomizable>1</iscustomizable>
  </bot_botcomponent>
  <bot_botcomponent botcomponentid.schemaname="new_topic_0f8832d7224a48a6baf5cf3a8770ae9d" botid.schemaname="new_bot_a96de8db0acd41edb5a2e60fb0d93441">
    <iscustomizable>1</iscustomizable>
  </bot_botcomponent>
  <bot_botcomponent botcomponentid.schemaname="new_topic_a9cfa6b57a194d83a85d1bf3ebe5ae17" botid.schemaname="new_bot_a96de8db0acd41edb5a2e60fb0d93441">
    <iscustomizable>1</iscustomizable>
  </bot_botcomponent>
  <bot_botcomponent botid.schemaname="new_bot_a96de8db0acd41edb5a2e60fb0d93441" botcomponentid.schemaname="new_topic_1cce72e659894c27bed802eb0fba2632">
    <iscustomizable>1</iscustomizable>
  </bot_botcomponent>
  <bot_botcomponent botid.schemaname="new_bot_a96de8db0acd41edb5a2e60fb0d93441" botcomponentid.schemaname="new_topic_e3c1f5edf34c462fbc4b20dbfc69f404">
    <iscustomizable>1</iscustomizable>
  </bot_botcomponent>
  <bot_botcomponent botid.schemaname="new_bot_a96de8db0acd41edb5a2e60fb0d93441" botcomponentid.schemaname="new_topic_75e2b1bdff6a4e38a6df7adcd7655b28">
    <iscustomizable>1</iscustomizable>
  </bot_botcomponent>
  <bot_botcomponent botid.schemaname="new_bot_a96de8db0acd41edb5a2e60fb0d93441" botcomponentid.schemaname="new_topic_c065457d456c4d918535c19a7c47c775">
    <iscustomizable>1</iscustomizable>
  </bot_botcomponent>
  <bot_botcomponent botid.schemaname="new_bot_a96de8db0acd41edb5a2e60fb0d93441" botcomponentid.schemaname="new_topic_434eb528751f4597ba60e360f655f238">
    <iscustomizable>1</iscustomizable>
  </bot_botcomponent>
  <bot_botcomponent botid.schemaname="new_bot_a96de8db0acd41edb5a2e60fb0d93441" botcomponentid.schemaname="new_topic_6e04f16000a2473a92276b44f98c4baf">
    <iscustomizable>1</iscustomizable>
  </bot_botcomponent>
  <bot_botcomponent botid.schemaname="new_bot_a96de8db0acd41edb5a2e60fb0d93441" botcomponentid.schemaname="new_topic_3dcc9c20564546d682da2841f7d76a01">
    <iscustomizable>1</iscustomizable>
  </bot_botcomponent>
  <bot_botcomponent botcomponentid.schemaname="new_topic_2a236e76b810441da7ae9e6b519cf326" botid.schemaname="new_bot_a96de8db0acd41edb5a2e60fb0d93441">
    <iscustomizable>1</iscustomizable>
  </bot_botcomponent>
  <bot_botcomponent botcomponentid.schemaname="new_topic_acb5dfcef4244d8c9cb1f2fd94b84090" botid.schemaname="new_bot_a96de8db0acd41edb5a2e60fb0d93441">
    <iscustomizable>1</iscustomizable>
  </bot_botcomponent>
  <bot_botcomponent botid.schemaname="new_bot_a96de8db0acd41edb5a2e60fb0d93441" botcomponentid.schemaname="new_topic_0c09ab809c264849977ab2f962f1e057">
    <iscustomizable>1</iscustomizable>
  </bot_botcomponent>
  <bot_botcomponent botid.schemaname="new_bot_a96de8db0acd41edb5a2e60fb0d93441" botcomponentid.schemaname="new_topic_e6ef85184516488f8d3db1f75182dc5b">
    <iscustomizable>1</iscustomizable>
  </bot_botcomponent>
  <bot_botcomponent botid.schemaname="new_bot_a96de8db0acd41edb5a2e60fb0d93441" botcomponentid.schemaname="new_topic_53ecd76f546248ef8dc479ee0a53ecbe">
    <iscustomizable>1</iscustomizable>
  </bot_botcomponent>
  <bot_botcomponent botcomponentid.schemaname="new_topic_7cff7830509f4dfcb61958ebe8c99d18" botid.schemaname="new_bot_a96de8db0acd41edb5a2e60fb0d93441">
    <iscustomizable>1</iscustomizable>
  </bot_botcomponent>
  <bot_botcomponent botid.schemaname="new_bot_a96de8db0acd41edb5a2e60fb0d93441" botcomponentid.schemaname="new_topic_aeeeeb3f37714f69a24cbfab897eca42">
    <iscustomizable>1</iscustomizable>
  </bot_botcomponent>
  <bot_botcomponent botid.schemaname="new_bot_a96de8db0acd41edb5a2e60fb0d93441" botcomponentid.schemaname="new_topic_7b5295f284e6406fb67a5f963e6c1a22">
    <iscustomizable>1</iscustomizable>
  </bot_botcomponent>
  <bot_botcomponent botid.schemaname="new_bot_a96de8db0acd41edb5a2e60fb0d93441" botcomponentid.schemaname="new_topic_944f8eef4be7419693e6c82db56393a7">
    <iscustomizable>1</iscustomizable>
  </bot_botcomponent>
  <bot_botcomponent botcomponentid.schemaname="new_topic_568e95b55a344bfbaa68f0c3f3c74f28" botid.schemaname="new_bot_a96de8db0acd41edb5a2e60fb0d93441">
    <iscustomizable>1</iscustomizable>
  </bot_botcomponent>
  <bot_botcomponent botid.schemaname="new_bot_a96de8db0acd41edb5a2e60fb0d93441" botcomponentid.schemaname="new_topic_6f44e2807f214779b0f17d41f60c20b2">
    <iscustomizable>1</iscustomizable>
  </bot_botcomponent>
  <bot_botcomponent botcomponentid.schemaname="new_topic_2c38d784eb454deeb561f8991bb790cd" botid.schemaname="new_bot_a96de8db0acd41edb5a2e60fb0d93441">
    <iscustomizable>1</iscustomizable>
  </bot_botcomponent>
  <bot_botcomponent botid.schemaname="new_bot_a96de8db0acd41edb5a2e60fb0d93441" botcomponentid.schemaname="new_topic_f497d04cd0ae4661823566d2dbe14e0d">
    <iscustomizable>1</iscustomizable>
  </bot_botcomponent>
  <bot_botcomponent botid.schemaname="new_bot_a96de8db0acd41edb5a2e60fb0d93441" botcomponentid.schemaname="new_topic_7383424ad6344d8f8bee91df2f0e88a1">
    <iscustomizable>1</iscustomizable>
  </bot_botcomponent>
  <bot_botcomponent botid.schemaname="new_bot_a96de8db0acd41edb5a2e60fb0d93441" botcomponentid.schemaname="new_topic_55e674576776436a809b2d636cb1331b">
    <iscustomizable>1</iscustomizable>
  </bot_botcomponent>
  <bot_botcomponent botcomponentid.schemaname="new_topic_a24251ecaa5341619544c33c3eb76eb8" botid.schemaname="new_bot_a96de8db0acd41edb5a2e60fb0d93441">
    <iscustomizable>1</iscustomizable>
  </bot_botcomponent>
  <bot_botcomponent botid.schemaname="new_bot_a96de8db0acd41edb5a2e60fb0d93441" botcomponentid.schemaname="new_topic_c87b356eb0424c58a0130c1b5cb39ba4">
    <iscustomizable>1</iscustomizable>
  </bot_botcomponent>
  <bot_botcomponent botcomponentid.schemaname="new_topic_2b1cfd3cc3a848aba21285e81d88244e" botid.schemaname="new_bot_a96de8db0acd41edb5a2e60fb0d93441">
    <iscustomizable>1</iscustomizable>
  </bot_botcomponent>
  <bot_botcomponent botid.schemaname="new_bot_a96de8db0acd41edb5a2e60fb0d93441" botcomponentid.schemaname="new_topic_3439e36b14e445d9aef3371aafa599a1">
    <iscustomizable>1</iscustomizable>
  </bot_botcomponent>
  <bot_botcomponent botid.schemaname="new_bot_a96de8db0acd41edb5a2e60fb0d93441" botcomponentid.schemaname="new_topic_8a29b48ca7b94c7dad4f0f8681657cd1">
    <iscustomizable>1</iscustomizable>
  </bot_botcomponent>
  <bot_botcomponent botid.schemaname="new_bot_a96de8db0acd41edb5a2e60fb0d93441" botcomponentid.schemaname="new_topic_97fe00433b9d48b38047ed5293d18254">
    <iscustomizable>1</iscustomizable>
  </bot_botcomponent>
  <bot_botcomponent botid.schemaname="new_bot_a96de8db0acd41edb5a2e60fb0d93441" botcomponentid.schemaname="new_topic_711a654d4261483ea3bc7102e7ffa000">
    <iscustomizable>1</iscustomizable>
  </bot_botcomponent>
  <bot_botcomponent botcomponentid.schemaname="new_topic_91f25f167e4f4eae9aabe7e0db1c271c" botid.schemaname="new_bot_a96de8db0acd41edb5a2e60fb0d93441">
    <iscustomizable>1</iscustomizable>
  </bot_botcomponent>
  <bot_botcomponent botcomponentid.schemaname="new_topic_0289135cb3494833991d70e9ce43a66d" botid.schemaname="new_bot_a96de8db0acd41edb5a2e60fb0d93441">
    <iscustomizable>1</iscustomizable>
  </bot_botcomponent>
  <bot_botcomponent botcomponentid.schemaname="new_topic_7047f61cce7d41a7bb8aea32b74a26ea" botid.schemaname="new_bot_a96de8db0acd41edb5a2e60fb0d93441">
    <iscustomizable>1</iscustomizable>
  </bot_botcomponent>
  <bot_botcomponent botid.schemaname="new_bot_a96de8db0acd41edb5a2e60fb0d93441" botcomponentid.schemaname="new_topic_fc5842af1fd5477ca752494159cb6768">
    <iscustomizable>1</iscustomizable>
  </bot_botcomponent>
  <bot_botcomponent botcomponentid.schemaname="new_topic_3b8bbd4c0eaf49f2a1f7a21b8f54e20f" botid.schemaname="new_bot_a96de8db0acd41edb5a2e60fb0d93441">
    <iscustomizable>1</iscustomizable>
  </bot_botcomponent>
  <bot_botcomponent botcomponentid.schemaname="new_topic_337f240ab477480eb47573cc6268c588" botid.schemaname="new_bot_a96de8db0acd41edb5a2e60fb0d93441">
    <iscustomizable>1</iscustomizable>
  </bot_botcomponent>
  <bot_botcomponent botid.schemaname="new_bot_a96de8db0acd41edb5a2e60fb0d93441" botcomponentid.schemaname="new_topic_e314c07a63ea4863afe383a260057ea4">
    <iscustomizable>1</iscustomizable>
  </bot_botcomponent>
  <bot_botcomponent botcomponentid.schemaname="new_topic_11a61d338a0c43df81f36ec99aebae9b" botid.schemaname="new_bot_a96de8db0acd41edb5a2e60fb0d93441">
    <iscustomizable>1</iscustomizable>
  </bot_botcomponent>
  <bot_botcomponent botcomponentid.schemaname="new_topic_4f0ced26c5124ae5802a3a1a5ba721ae" botid.schemaname="new_bot_a96de8db0acd41edb5a2e60fb0d93441">
    <iscustomizable>1</iscustomizable>
  </bot_botcomponent>
  <bot_botcomponent botid.schemaname="new_bot_a96de8db0acd41edb5a2e60fb0d93441" botcomponentid.schemaname="new_topic_22e041f5b24a4e9e960c14dbdba1676f">
    <iscustomizable>1</iscustomizable>
  </bot_botcomponent>
  <bot_botcomponent botid.schemaname="new_bot_a96de8db0acd41edb5a2e60fb0d93441" botcomponentid.schemaname="new_topic_e93f541da60349fc93443431bd51a449">
    <iscustomizable>1</iscustomizable>
  </bot_botcomponent>
  <bot_botcomponent botid.schemaname="new_bot_a96de8db0acd41edb5a2e60fb0d93441" botcomponentid.schemaname="new_topic_6d368a8663a546a5b09b1a2050bf6850">
    <iscustomizable>1</iscustomizable>
  </bot_botcomponent>
  <bot_botcomponent botid.schemaname="new_bot_a96de8db0acd41edb5a2e60fb0d93441" botcomponentid.schemaname="new_topic_c5c09ea86a17419680c6f3565c5eba88">
    <iscustomizable>1</iscustomizable>
  </bot_botcomponent>
  <bot_botcomponent botid.schemaname="new_bot_a96de8db0acd41edb5a2e60fb0d93441" botcomponentid.schemaname="new_topic_4aed9f7f96c7496a9fbb654364fc5f37">
    <iscustomizable>1</iscustomizable>
  </bot_botcomponent>
  <bot_botcomponent botid.schemaname="new_bot_a96de8db0acd41edb5a2e60fb0d93441" botcomponentid.schemaname="new_topic_a96de8db0acd41edb5a2e60fb0d93441_ba7b967c97ba4c39bca58a8bb6a72d59_conversationstart">
    <iscustomizable>1</iscustomizable>
  </bot_botcomponent>
  <bot_botcomponent botid.schemaname="new_bot_a96de8db0acd41edb5a2e60fb0d93441" botcomponentid.schemaname="new_topic_a96de8db0acd41edb5a2e60fb0d93441_954135cafcd647eaae5999ad91fc08cf_talktoagent">
    <iscustomizable>1</iscustomizable>
  </bot_botcomponent>
  <bot_botcomponent botid.schemaname="new_bot_a96de8db0acd41edb5a2e60fb0d93441" botcomponentid.schemaname="new_topic_716bd62100d44dff9a0d217bcc0730ef">
    <iscustomizable>1</iscustomizable>
  </bot_botcomponent>
  <bot_botcomponent botid.schemaname="new_bot_a96de8db0acd41edb5a2e60fb0d93441" botcomponentid.schemaname="new_topic_92ba773f3dfc4d789d75a466a1787b43">
    <iscustomizable>1</iscustomizable>
  </bot_botcomponent>
  <bot_botcomponent botid.schemaname="new_bot_a96de8db0acd41edb5a2e60fb0d93441" botcomponentid.schemaname="new_topic_5c1b016890634f439c77933c6df9cc31">
    <iscustomizable>1</iscustomizable>
  </bot_botcomponent>
  <bot_botcomponent botcomponentid.schemaname="new_topic_a6cb12df6a13469983d951a2e1c9577a" botid.schemaname="new_bot_a96de8db0acd41edb5a2e60fb0d93441">
    <iscustomizable>1</iscustomizable>
  </bot_botcomponent>
  <bot_botcomponent botcomponentid.schemaname="new_topic_261b870262434600b70f5b99b71b0a51" botid.schemaname="new_bot_a96de8db0acd41edb5a2e60fb0d93441">
    <iscustomizable>1</iscustomizable>
  </bot_botcomponent>
  <bot_botcomponent botcomponentid.schemaname="new_topic_b037cc3589b248e7b66bd1ed834d429e" botid.schemaname="new_bot_a96de8db0acd41edb5a2e60fb0d93441">
    <iscustomizable>1</iscustomizable>
  </bot_botcomponent>
  <bot_botcomponent botid.schemaname="new_bot_a96de8db0acd41edb5a2e60fb0d93441" botcomponentid.schemaname="new_topic_405d11106bdd4ea28054a1f747eadda8">
    <iscustomizable>1</iscustomizable>
  </bot_botcomponent>
  <bot_botcomponent botcomponentid.schemaname="new_topic_2183131e4f5c4c2e8fe618fc945b6dcb" botid.schemaname="new_bot_a96de8db0acd41edb5a2e60fb0d93441">
    <iscustomizable>1</iscustomizable>
  </bot_botcomponent>
  <bot_botcomponent botid.schemaname="new_bot_a96de8db0acd41edb5a2e60fb0d93441" botcomponentid.schemaname="new_topic_6d0c24a045d4438c812a9fb72ddabb23">
    <iscustomizable>1</iscustomizable>
  </bot_botcomponent>
  <bot_botcomponent botid.schemaname="new_bot_a96de8db0acd41edb5a2e60fb0d93441" botcomponentid.schemaname="new_topic_7f5acea57a3547b18bfc3b51e8da442b">
    <iscustomizable>1</iscustomizable>
  </bot_botcomponent>
  <bot_botcomponent botcomponentid.schemaname="new_topic_e14df80bc6b742e2ac3ce4d9372d7739" botid.schemaname="new_bot_a96de8db0acd41edb5a2e60fb0d93441">
    <iscustomizable>1</iscustomizable>
  </bot_botcomponent>
  <bot_botcomponent botid.schemaname="new_bot_a96de8db0acd41edb5a2e60fb0d93441" botcomponentid.schemaname="new_topic_9984c88548ed4f378e3e71363029fd5c">
    <iscustomizable>1</iscustomizable>
  </bot_botcomponent>
  <bot_botcomponent botid.schemaname="new_bot_a96de8db0acd41edb5a2e60fb0d93441" botcomponentid.schemaname="new_topic_57fbdbdeae5a4b51a67549e74920764e">
    <iscustomizable>1</iscustomizable>
  </bot_botcomponent>
  <bot_botcomponent botid.schemaname="new_bot_a96de8db0acd41edb5a2e60fb0d93441" botcomponentid.schemaname="new_topic_00522cb3c628403d881dcdb67ed4eb02">
    <iscustomizable>1</iscustomizable>
  </bot_botcomponent>
  <bot_botcomponent botid.schemaname="new_bot_a96de8db0acd41edb5a2e60fb0d93441" botcomponentid.schemaname="new_topic_73f7b00d52cc48a198758dc0478c0d55">
    <iscustomizable>1</iscustomizable>
  </bot_botcomponent>
  <bot_botcomponent botcomponentid.schemaname="new_topic_cceb46039029434f9cc4cc94cef45913" botid.schemaname="new_bot_a96de8db0acd41edb5a2e60fb0d93441">
    <iscustomizable>1</iscustomizable>
  </bot_botcomponent>
  <bot_botcomponent botid.schemaname="new_bot_a96de8db0acd41edb5a2e60fb0d93441" botcomponentid.schemaname="new_topic_21204e22440946f8a53791489f65a5c8">
    <iscustomizable>1</iscustomizable>
  </bot_botcomponent>
  <bot_botcomponent botcomponentid.schemaname="new_topic_7c03b49c4fad4c148dcd19509bd5ae48" botid.schemaname="new_bot_a96de8db0acd41edb5a2e60fb0d93441">
    <iscustomizable>1</iscustomizable>
  </bot_botcomponent>
  <bot_botcomponent botid.schemaname="new_bot_a96de8db0acd41edb5a2e60fb0d93441" botcomponentid.schemaname="new_topic_9bf7b63b5ee6492b8e9b1f46d3548294">
    <iscustomizable>1</iscustomizable>
  </bot_botcomponent>
  <bot_botcomponent botcomponentid.schemaname="new_topic_319eab36c025469b8ec6b663b2da18ab" botid.schemaname="new_bot_a96de8db0acd41edb5a2e60fb0d93441">
    <iscustomizable>1</iscustomizable>
  </bot_botcomponent>
</bot_botcomponentset>