{
  "intents": [
    {
      "triggerQueries": [
        "o que acontece se eu usar o @ antes do nome da pessoa?",
        "para que server @mencionar alguém?",
        "como menciono alguém?",
        "O que significa ser @mentioned?"
      ],
      "dialogId": "new_topic_24056bcfb20947409353c778ecd513ac",
      "isTriggeringEnabled": true,
      "id": "new_topic_24056bcfb20947409353c778ecd513ac",
      "displayName": "O que significa ser @mentioned?",
      "createdTime": "2022-12-30T12:05:30.7151751Z",
      "updatedTime": "2022-12-30T12:05:30.7151751Z",
      "createdUserId": "1217587e-94d3-4d46-b9e3-9ad63e50a6a1",
      "updatedUserId": "1217587e-94d3-4d46-b9e3-9ad63e50a6a1"
    }
  ],
  "dialogs": [
    {
      "rootNodeId": "a41fb7cb-3b8b-49a8-952a-4c90dbf75162",
      "messageNodes": [
        {
          "botMessageId": "e9831599-5c3e-43b0-a1d5-f13b234f646d",
          "nodeType": "BotMessageNode",
          "id": "a41fb7cb-3b8b-49a8-952a-4c90dbf75162",
          "defaultTargetNodeId": "ea123355-dda7-4fb9-bd27-80757f26e295"
        }
      ],
      "dialogChangeNodes": [
        {
          "targetDialogId": "new_topic_e347a2395e634a7880736d574ee58956_aeabea4d071f415c8c107e1cb7af5424_assumedsuccess",
          "nodeType": "DialogChangeNode",
          "id": "ea123355-dda7-4fb9-bd27-80757f26e295"
        }
      ],
      "id": "new_topic_24056bcfb20947409353c778ecd513ac",
      "displayName": "Untitled",
      "createdTime": "2022-12-30T12:05:30.7151751Z",
      "updatedTime": "2022-12-30T12:05:30.7151751Z",
      "createdUserId": "1217587e-94d3-4d46-b9e3-9ad63e50a6a1",
      "updatedUserId": "1217587e-94d3-4d46-b9e3-9ad63e50a6a1"
    }
  ],
  "botMessages": [
    {
      "channelContent": {
        "web": {
          "contentFormat": "Markdown",
          "content": "Ser @mentioned é como um toque suave no ombro, uma forma de chamar a sua atenção numa conversa ou conversa de canal.\n\nQuando alguém o(a) @menciona, irá receber uma notificação no seu feed de Atividade, e também irá visualizar um número ao lado do canal ou chat em que foi @mencionado. Clique na notificação para ir diretamente ao ponto da conversa onde o mencionaram.\n\nDe modo a facilitar a pesquisa pela informação, poderá sempre [filtrar o seu feed de Atividade](https://support.microsoft.com/en-us/office/explore-the-activity-feed-in-teams-91c635a1-644a-4c60-9c98-233db3e13a56) para ajudar a resolvê-los.\n\nPara @mencionar alguém, basta escrever '@' na caixa de texto e selecionar o nome do utilizador que aparece."
        }
      },
      "id": "e9831599-5c3e-43b0-a1d5-f13b234f646d",
      "createdTime": "2022-12-30T12:04:31.08Z",
      "updatedTime": "2022-12-30T12:04:31.08Z"
    }
  ]
}