{
  "intents": [
    {
      "triggerQueries": [
        "How does a user access or change their PIN?"
      ],
      "dialogId": "new_topic_6c774f10a06f44b5909354cd86acdf9c",
      "isTriggeringEnabled": true,
      "id": "new_topic_6c774f10a06f44b5909354cd86acdf9c",
      "displayName": "How does a user access or change their PIN?",
      "description": "https://hickweb.blob.core.windows.net/$web/AdoptBot/AdoptBot2022-English.docx",
      "createdTime": "2022-03-02T14:57:19.3356723Z",
      "updatedTime": "2022-03-02T15:01:41.8480624Z",
      "createdUserId": "3e27f02e-042d-4f0e-be03-083d03c89917",
      "updatedUserId": "3e27f02e-042d-4f0e-be03-083d03c89917"
    }
  ],
  "dialogs": [
    {
      "rootNodeId": "9b392c4a-87d6-4a0a-afec-ea0fda0982ca",
      "messageNodes": [
        {
          "botMessageId": "2c19498a-ca69-4641-9dea-40fe6bd7bfd4",
          "nodeType": "BotMessageNode",
          "id": "9b392c4a-87d6-4a0a-afec-ea0fda0982ca",
          "defaultTargetNodeId": "4e1a6a17-1c5a-4487-ac7e-bc360abad540"
        }
      ],
      "dialogChangeNodes": [
        {
          "targetDialogId": "new_topic_f3954ff416624052b3434952b36c18d0_aeabea4d071f415c8c107e1cb7af5424_assumedsuccess",
          "nodeType": "DialogChangeNode",
          "id": "4e1a6a17-1c5a-4487-ac7e-bc360abad540"
        }
      ],
      "id": "new_topic_6c774f10a06f44b5909354cd86acdf9c",
      "displayName": "How does a user access or change their PIN?",
      "createdTime": "2022-03-02T14:57:08.4602637Z",
      "createdUserId": "3e27f02e-042d-4f0e-be03-083d03c89917"
    }
  ],
  "botMessages": [
    {
      "channelContent": {
        "web": {
          "contentFormat": "Markdown",
          "content": "The PIN can only be reset by the Admin for the organization."
        }
      },
      "id": "2c19498a-ca69-4641-9dea-40fe6bd7bfd4"
    }
  ]
}