{
  "intents": [
    {
      "triggerQueries": [
        "What are Live Events?"
      ],
      "dialogId": "new_topic_28ca62cca7114dd1ad0290f349008fcb",
      "isTriggeringEnabled": true,
      "id": "new_topic_28ca62cca7114dd1ad0290f349008fcb",
      "displayName": "What are Live Events?",
      "description": "https://adoptbotv2kb.blob.core.windows.net/%24web/AdoptBot2021-English.docx",
      "createdTime": "2021-01-21T11:36:41.843367Z",
      "updatedTime": "2021-01-21T11:42:04.1079864Z",
      "createdUserId": "aaefd11d-4a6f-43de-b8d1-f4d839285950",
      "updatedUserId": "aaefd11d-4a6f-43de-b8d1-f4d839285950"
    }
  ],
  "dialogs": [
    {
      "rootNodeId": "5c545ba8-5189-4eca-b0be-efcb8e488ff5",
      "messageNodes": [
        {
          "botMessageId": "c616bad4-2811-4547-8cdf-fa73a8879252",
          "nodeType": "BotMessageNode",
          "id": "5c545ba8-5189-4eca-b0be-efcb8e488ff5",
          "defaultTargetNodeId": "5626cbbb-5857-4109-89d1-750d610a2938"
        }
      ],
      "dialogChangeNodes": [
        {
          "targetDialogId": "new_topic_a96de8db0acd41edb5a2e60fb0d93441_aeabea4d071f415c8c107e1cb7af5424_assumedsuccess",
          "nodeType": "DialogChangeNode",
          "id": "5626cbbb-5857-4109-89d1-750d610a2938"
        }
      ],
      "id": "new_topic_28ca62cca7114dd1ad0290f349008fcb",
      "displayName": "Dialog for What are Live Events?",
      "createdTime": "2021-01-21T11:36:41.843367Z",
      "updatedTime": "2021-01-21T11:36:41.843367Z",
      "createdUserId": "aaefd11d-4a6f-43de-b8d1-f4d839285950",
      "updatedUserId": "aaefd11d-4a6f-43de-b8d1-f4d839285950"
    }
  ],
  "botMessages": [
    {
      "channelContent": {
        "web": {
          "contentFormat": "Markdown",
          "content": "With Teams live events,  users in your organization can broadcast video and meeting content to large groups. See [What are Microsoft Teams live](https://docs.microsoft.com/en-us/microsoftteams/teams-live-events/what-are-teams-live-events) [events](https://docs.microsoft.com/en-us/microsoftteams/teams-live-events/what-are-teams-live-events)"
        }
      },
      "id": "c616bad4-2811-4547-8cdf-fa73a8879252",
      "createdTime": "2021-01-21T11:36:41.843367Z",
      "updatedTime": "2021-01-21T11:36:41.843367Z",
      "createdUserId": "aaefd11d-4a6f-43de-b8d1-f4d839285950",
      "updatedUserId": "aaefd11d-4a6f-43de-b8d1-f4d839285950"
    }
  ],
  "createdUtc": "0001-01-01T00:00:00Z"
}