{
  "intents": [
    {
      "triggerQueries": [
        "Posso utilizar caracteres especiais para o nome de um canal?"
      ],
      "dialogId": "new_topic_fafe39b8af69424281e431e582dc8a6e",
      "isTriggeringEnabled": true,
      "id": "new_topic_fafe39b8af69424281e431e582dc8a6e",
      "displayName": "Posso utilizar caracteres especiais para o nome de um canal?",
      "createdTime": "2022-12-30T16:59:34.2659193Z",
      "updatedTime": "2022-12-30T16:59:34.2659193Z",
      "createdUserId": "1217587e-94d3-4d46-b9e3-9ad63e50a6a1",
      "updatedUserId": "1217587e-94d3-4d46-b9e3-9ad63e50a6a1"
    }
  ],
  "dialogs": [
    {
      "rootNodeId": "0cf166c6-93ef-42b9-9456-a5e7a517e701",
      "messageNodes": [
        {
          "botMessageId": "87225db9-0c5e-4fd1-a762-2fa48f725aa5",
          "nodeType": "BotMessageNode",
          "id": "0cf166c6-93ef-42b9-9456-a5e7a517e701",
          "defaultTargetNodeId": "1ab7ce6d-a51c-4a58-a622-6d7d047a6458"
        }
      ],
      "dialogChangeNodes": [
        {
          "targetDialogId": "new_topic_e347a2395e634a7880736d574ee58956_aeabea4d071f415c8c107e1cb7af5424_assumedsuccess",
          "nodeType": "DialogChangeNode",
          "id": "1ab7ce6d-a51c-4a58-a622-6d7d047a6458"
        }
      ],
      "id": "new_topic_fafe39b8af69424281e431e582dc8a6e",
      "displayName": "Untitled",
      "createdTime": "2022-12-30T16:59:34.2659193Z",
      "updatedTime": "2022-12-30T16:59:34.2659193Z",
      "createdUserId": "1217587e-94d3-4d46-b9e3-9ad63e50a6a1",
      "updatedUserId": "1217587e-94d3-4d46-b9e3-9ad63e50a6a1"
    }
  ],
  "botMessages": [
    {
      "channelContent": {
        "web": {
          "contentFormat": "Markdown",
          "content": "Inicie sempre por atribuir apenas um nome ao eu canal, posteriormente, pode editar o nome e adicionar um ícone para maior compreensão\n\nNo entanto, os nomes dos canais não podem conter os seguintes caracteres ou palavras.\n\nPersonagens: ~ # % & \\* {{ }} + / \\\\ : < > ' .\n\nPalavras: Formulários, CON, CONIN$, CONOUT$, PRN, AUX, NUL, COM1 a COM9, LPT1 a LPT9, desktop.ini, \\_vti\\_\n\nNota: Os nomes do canal não podem começar com um sublinhado (\\_) ou período (.), ou terminar com um período(.)."
        }
      },
      "id": "87225db9-0c5e-4fd1-a762-2fa48f725aa5",
      "createdTime": "2022-12-30T16:59:01.064Z",
      "updatedTime": "2022-12-30T16:59:01.064Z"
    }
  ]
}