{
  "intents": [
    {
      "triggerQueries": [
        "O que acontece com equipas inativas?",
        "Uma equipa inativa é automaticamente removida?",
        "É possível remover equipas inativas automaticamente?",
        "As equipas inativas podem ser automaticamente eliminadas após um certo número de dias ou meses?"
      ],
      "dialogId": "new_topic_0523ace1495b4b5ba103aee43d206a5d",
      "isTriggeringEnabled": true,
      "id": "new_topic_0523ace1495b4b5ba103aee43d206a5d",
      "displayName": "As equipas inativas podem ser automaticamente eliminadas após um certo número de dias ou meses?",
      "createdTime": "2023-01-03T12:16:37.1156937Z",
      "updatedTime": "2023-01-03T12:16:37.1156937Z",
      "createdUserId": "1217587e-94d3-4d46-b9e3-9ad63e50a6a1",
      "updatedUserId": "1217587e-94d3-4d46-b9e3-9ad63e50a6a1"
    }
  ],
  "dialogs": [
    {
      "rootNodeId": "f0a383c9-f27a-4f22-911b-480494e9f171",
      "messageNodes": [
        {
          "botMessageId": "311b3f79-ec77-47ed-9b61-30ef08aa34ae",
          "nodeType": "BotMessageNode",
          "id": "f0a383c9-f27a-4f22-911b-480494e9f171",
          "defaultTargetNodeId": "f396e3ab-56e4-47e6-b88b-4ac85d6442b9"
        }
      ],
      "dialogChangeNodes": [
        {
          "targetDialogId": "new_topic_e347a2395e634a7880736d574ee58956_aeabea4d071f415c8c107e1cb7af5424_assumedsuccess",
          "nodeType": "DialogChangeNode",
          "id": "f396e3ab-56e4-47e6-b88b-4ac85d6442b9"
        }
      ],
      "id": "new_topic_0523ace1495b4b5ba103aee43d206a5d",
      "displayName": "Untitled",
      "createdTime": "2023-01-03T12:16:37.1156937Z",
      "updatedTime": "2023-01-03T12:16:37.1156937Z",
      "createdUserId": "1217587e-94d3-4d46-b9e3-9ad63e50a6a1",
      "updatedUserId": "1217587e-94d3-4d46-b9e3-9ad63e50a6a1"
    }
  ],
  "botMessages": [
    {
      "channelContent": {
        "web": {
          "contentFormat": "Markdown",
          "content": "A remoção automática de equipas inativas pode ser gerida utilizando a política de expiração das   equipas. É uma ótima maneira de limpar equipas inativas que não estão em utilizo e remover a desordem\n\nConsulte este [artigo sobre datas de validade](https://docs.microsoft.com/en-us/microsoftteams/team-expiration-renewal) e renovação automática [de equipas](https://docs.microsoft.com/en-us/microsoftteams/team-expiration-renewal)"
        }
      },
      "id": "311b3f79-ec77-47ed-9b61-30ef08aa34ae",
      "createdTime": "2023-01-03T12:15:44.756Z",
      "updatedTime": "2023-01-03T12:15:44.756Z"
    }
  ]
}