{
  "intents": [
    {
      "triggerQueries": [
        "Where can I find the Outlook add-in for Teams meetings?"
      ],
      "dialogId": "new_topic_ccd3023fb89c4a8d87a38b4e59da8b6f",
      "isTriggeringEnabled": true,
      "id": "new_topic_ccd3023fb89c4a8d87a38b4e59da8b6f",
      "displayName": "Where can I find the Outlook add-in for Teams meetings?",
      "description": "https://hickweb.blob.core.windows.net/$web/AdoptBot/AdoptBot2022-English.docx",
      "createdTime": "2022-03-02T14:57:19.3513008Z",
      "updatedTime": "2022-03-02T14:58:45.3261631Z",
      "createdUserId": "3e27f02e-042d-4f0e-be03-083d03c89917",
      "updatedUserId": "3e27f02e-042d-4f0e-be03-083d03c89917"
    }
  ],
  "dialogs": [
    {
      "rootNodeId": "64982b74-4ba0-44cf-8903-c5ecb7ba1e23",
      "messageNodes": [
        {
          "botMessageId": "66fd7b62-c4a6-4e70-9ac7-85a9214f0586",
          "nodeType": "BotMessageNode",
          "id": "64982b74-4ba0-44cf-8903-c5ecb7ba1e23",
          "defaultTargetNodeId": "2863f879-23f7-4919-9011-8ffee7b88dad"
        }
      ],
      "dialogChangeNodes": [
        {
          "targetDialogId": "new_topic_f3954ff416624052b3434952b36c18d0_aeabea4d071f415c8c107e1cb7af5424_assumedsuccess",
          "nodeType": "DialogChangeNode",
          "id": "2863f879-23f7-4919-9011-8ffee7b88dad"
        }
      ],
      "id": "new_topic_ccd3023fb89c4a8d87a38b4e59da8b6f",
      "displayName": "Where can I find the Outlook add-in for Teams meetings?",
      "createdTime": "2022-03-02T14:57:08.4602637Z",
      "createdUserId": "3e27f02e-042d-4f0e-be03-083d03c89917"
    }
  ],
  "botMessages": [
    {
      "channelContent": {
        "web": {
          "contentFormat": "Markdown",
          "content": "The Teams Meeting add-in is automatically installed for users who have Microsoft Teams and either Office 2013, Office 2016, or Office 2019 installed on their Windows PC. Users see the  Teams meeting  \" add- in\" on the ribbon in the Outlook calendar.\r\n\r\nUse[the T](https://docs.microsoft.com/en-us/microsoftteams/teams-add-in-for-outlook) [eams meeting](https://docs.microsoft.com/en-us/microsoftteams/teams-add-in-for-outlook) [add-in in Outlook](https://docs.microsoft.com/en-us/microsoftteams/teams-add-in-for-outlook)\r\n\r\nFor Outlook on the web, Teams meetings are created automatically when attendees are invited (can be disabled)."
        }
      },
      "id": "66fd7b62-c4a6-4e70-9ac7-85a9214f0586"
    }
  ]
}