{
  "intents": [
    {
      "intentType": "Regular",
      "triggerQueries": [
        "How do I search in Teams?"
      ],
      "dialogId": "new_topic_711a654d4261483ea3bc7102e7ffa000",
      "isTriggeringEnabled": true,
      "id": "new_topic_711a654d4261483ea3bc7102e7ffa000",
      "displayName": "How do I search in Teams?",
      "description": "https://adoptbotv2kb.blob.core.windows.net/%24web/AdoptBot2021-English.docx",
      "createdTime": "2021-01-21T11:36:41.843367Z",
      "updatedTime": "2021-01-21T11:41:32.0884614Z",
      "createdUserId": "aaefd11d-4a6f-43de-b8d1-f4d839285950",
      "updatedUserId": "aaefd11d-4a6f-43de-b8d1-f4d839285950"
    }
  ],
  "dialogs": [
    {
      "rootNodeId": "65b2bfcc-7150-4377-bad3-b71a587f7dc5",
      "messageNodes": [
        {
          "botMessageId": "d333cf6c-cae0-4df2-a1dd-ce25a334aec4",
          "nodeType": "BotMessageNode",
          "id": "65b2bfcc-7150-4377-bad3-b71a587f7dc5",
          "defaultTargetNodeId": "121bfdda-fa2a-406c-bcd7-86c6da4175f2"
        }
      ],
      "dialogChangeNodes": [
        {
          "targetDialogId": "new_topic_a96de8db0acd41edb5a2e60fb0d93441_aeabea4d071f415c8c107e1cb7af5424_assumedsuccess",
          "nodeType": "DialogChangeNode",
          "id": "121bfdda-fa2a-406c-bcd7-86c6da4175f2"
        }
      ],
      "id": "new_topic_711a654d4261483ea3bc7102e7ffa000",
      "displayName": "Dialog for How do I search in Teams?",
      "createdTime": "2021-01-21T11:36:41.843367Z",
      "updatedTime": "2021-01-21T11:36:41.843367Z",
      "createdUserId": "aaefd11d-4a6f-43de-b8d1-f4d839285950",
      "updatedUserId": "aaefd11d-4a6f-43de-b8d1-f4d839285950"
    }
  ],
  "botMessages": [
    {
      "channelContent": {
        "web": {
          "contentFormat": "Markdown",
          "content": "You've got a few search and filtering options to help you find messages, people, files, and other information shared in Teams. Start a  search from the search box at the top of the app. When you type a word or name, Teams will start coming up with suggestions. Either click one of the suggested items, or press Enter to get a complete list of results. You'll be taken to a search results page. Select one of the items to get a complete view on it or use additional filters.\r\n\r\nTip: Use CTRL+F (CMD+F on macOS) to find messages when you’re in a specific chat or channel in Teams.  [Search for messages and more in Teams](https://support.microsoft.com/en-us/office/search-for-messages-and-more-in-teams-4a351520-33f4-42ab-a5ee-5fc0ab88b263)"
        }
      },
      "id": "d333cf6c-cae0-4df2-a1dd-ce25a334aec4",
      "createdTime": "2021-01-21T11:36:41.843367Z",
      "updatedTime": "2021-01-21T11:36:41.843367Z",
      "createdUserId": "aaefd11d-4a6f-43de-b8d1-f4d839285950",
      "updatedUserId": "aaefd11d-4a6f-43de-b8d1-f4d839285950"
    }
  ]
}