{
  "intents": [
    {
      "triggerQueries": [
        "Can attendees dial out to international phone numbers when they're in a Microsoft Teams meeting?"
      ],
      "dialogId": "new_topic_9984c88548ed4f378e3e71363029fd5c",
      "isTriggeringEnabled": true,
      "id": "new_topic_9984c88548ed4f378e3e71363029fd5c",
      "displayName": "Can attendees dial out to international phone numbers when they're in a Microsoft Teams meeting?",
      "description": "https://adoptbotv2kb.blob.core.windows.net/%24web/AdoptBot2021-English.docx",
      "createdTime": "2021-01-21T11:36:41.843367Z",
      "updatedTime": "2021-01-21T11:39:55.9714911Z",
      "createdUserId": "aaefd11d-4a6f-43de-b8d1-f4d839285950",
      "updatedUserId": "aaefd11d-4a6f-43de-b8d1-f4d839285950"
    }
  ],
  "dialogs": [
    {
      "rootNodeId": "b5aa68c8-a512-4102-a69d-1789e50b2642",
      "messageNodes": [
        {
          "botMessageId": "f56d06a7-15ec-4de8-974f-24fce403a539",
          "nodeType": "BotMessageNode",
          "id": "b5aa68c8-a512-4102-a69d-1789e50b2642",
          "defaultTargetNodeId": "83cae5bb-763e-4f89-81d1-43a5c3caec5b"
        }
      ],
      "dialogChangeNodes": [
        {
          "targetDialogId": "new_topic_a96de8db0acd41edb5a2e60fb0d93441_aeabea4d071f415c8c107e1cb7af5424_assumedsuccess",
          "nodeType": "DialogChangeNode",
          "id": "83cae5bb-763e-4f89-81d1-43a5c3caec5b"
        }
      ],
      "id": "new_topic_9984c88548ed4f378e3e71363029fd5c",
      "displayName": "Dialog for Can attendees dial out to international phone numbers when they're in a Microsoft Teams meeting?",
      "createdTime": "2021-01-21T11:36:41.843367Z",
      "updatedTime": "2021-01-21T11:36:41.843367Z",
      "createdUserId": "aaefd11d-4a6f-43de-b8d1-f4d839285950",
      "updatedUserId": "aaefd11d-4a6f-43de-b8d1-f4d839285950"
    }
  ],
  "botMessages": [
    {
      "channelContent": {
        "web": {
          "contentFormat": "Markdown",
          "content": "Yes, attendees can dial out internationally and invite other callers into a Microsoft Teams meeting. See: [Dial out from a Microsoft Teams meeting so other people can join it.](https://docs.microsoft.com/en-us/microsoftteams/dialing-out-from-a-teams-meeting-so-other-people-can-join-it)"
        }
      },
      "id": "f56d06a7-15ec-4de8-974f-24fce403a539",
      "createdTime": "2021-01-21T11:36:41.843367Z",
      "updatedTime": "2021-01-21T11:36:41.843367Z",
      "createdUserId": "aaefd11d-4a6f-43de-b8d1-f4d839285950",
      "updatedUserId": "aaefd11d-4a6f-43de-b8d1-f4d839285950"
    }
  ],
  "createdUtc": "0001-01-01T00:00:00Z"
}