{
  "intents": [
    {
      "triggerQueries": [
        "Can a user get a personal conference ID?"
      ],
      "dialogId": "new_topic_8a29b48ca7b94c7dad4f0f8681657cd1",
      "isTriggeringEnabled": true,
      "id": "new_topic_8a29b48ca7b94c7dad4f0f8681657cd1",
      "displayName": "Can a user get a personal conference ID?",
      "description": "https://adoptbotv2kb.blob.core.windows.net/%24web/AdoptBot2021-English.docx",
      "createdTime": "2021-01-21T11:36:41.843367Z",
      "updatedTime": "2021-01-21T11:39:48.0132535Z",
      "createdUserId": "aaefd11d-4a6f-43de-b8d1-f4d839285950",
      "updatedUserId": "aaefd11d-4a6f-43de-b8d1-f4d839285950"
    }
  ],
  "dialogs": [
    {
      "rootNodeId": "bc7f523b-9205-47f8-abae-2871b5df3335",
      "messageNodes": [
        {
          "botMessageId": "beac3e56-9fda-4e4b-9e55-3f2b653a3560",
          "nodeType": "BotMessageNode",
          "id": "bc7f523b-9205-47f8-abae-2871b5df3335",
          "defaultTargetNodeId": "e625fe77-38dc-4f92-a6a8-527a7ca514bc"
        }
      ],
      "dialogChangeNodes": [
        {
          "targetDialogId": "new_topic_a96de8db0acd41edb5a2e60fb0d93441_aeabea4d071f415c8c107e1cb7af5424_assumedsuccess",
          "nodeType": "DialogChangeNode",
          "id": "e625fe77-38dc-4f92-a6a8-527a7ca514bc"
        }
      ],
      "id": "new_topic_8a29b48ca7b94c7dad4f0f8681657cd1",
      "displayName": "Dialog for Can a user get a personal conference ID?",
      "createdTime": "2021-01-21T11:36:41.843367Z",
      "updatedTime": "2021-01-21T11:36:41.843367Z",
      "createdUserId": "aaefd11d-4a6f-43de-b8d1-f4d839285950",
      "updatedUserId": "aaefd11d-4a6f-43de-b8d1-f4d839285950"
    }
  ],
  "botMessages": [
    {
      "channelContent": {
        "web": {
          "contentFormat": "Markdown",
          "content": "Microsoft Teams users will be randomly assigned conferencing IDs and cannot reserve or enter a static conference ID that only they can use."
        }
      },
      "id": "beac3e56-9fda-4e4b-9e55-3f2b653a3560",
      "createdTime": "2021-01-21T11:36:41.843367Z",
      "updatedTime": "2021-01-21T11:36:41.843367Z",
      "createdUserId": "aaefd11d-4a6f-43de-b8d1-f4d839285950",
      "updatedUserId": "aaefd11d-4a6f-43de-b8d1-f4d839285950"
    }
  ],
  "createdUtc": "0001-01-01T00:00:00Z"
}