{
  "intents": [
    {
      "intentType": "Regular",
      "triggerQueries": [
        "Who can participate in live events?"
      ],
      "dialogId": "new_topic_067d11755bfa4d659743226db1bfd5d5",
      "isTriggeringEnabled": true,
      "id": "new_topic_067d11755bfa4d659743226db1bfd5d5",
      "displayName": "Who can participate in live events?",
      "description": "https://adoptbotv2kb.blob.core.windows.net/%24web/AdoptBot2021-English.docx",
      "createdTime": "2021-01-21T11:36:41.843367Z",
      "updatedTime": "2021-01-21T11:42:26.4912737Z",
      "createdUserId": "aaefd11d-4a6f-43de-b8d1-f4d839285950",
      "updatedUserId": "aaefd11d-4a6f-43de-b8d1-f4d839285950"
    }
  ],
  "dialogs": [
    {
      "rootNodeId": "4dd100fa-b23c-41ad-b67b-b69f69f5436d",
      "messageNodes": [
        {
          "botMessageId": "bb22691c-b0c5-4dd2-8034-053763a3c367",
          "nodeType": "BotMessageNode",
          "id": "4dd100fa-b23c-41ad-b67b-b69f69f5436d",
          "defaultTargetNodeId": "b1a30e44-c98c-4920-9e2b-217271dc44ee"
        }
      ],
      "dialogChangeNodes": [
        {
          "targetDialogId": "new_topic_a96de8db0acd41edb5a2e60fb0d93441_aeabea4d071f415c8c107e1cb7af5424_assumedsuccess",
          "nodeType": "DialogChangeNode",
          "id": "b1a30e44-c98c-4920-9e2b-217271dc44ee"
        }
      ],
      "id": "new_topic_067d11755bfa4d659743226db1bfd5d5",
      "displayName": "Dialog for Who can participate in live events?",
      "createdTime": "2021-01-21T11:36:41.843367Z",
      "updatedTime": "2021-01-21T11:36:41.843367Z",
      "createdUserId": "aaefd11d-4a6f-43de-b8d1-f4d839285950",
      "updatedUserId": "aaefd11d-4a6f-43de-b8d1-f4d839285950"
    }
  ],
  "botMessages": [
    {
      "channelContent": {
        "web": {
          "contentFormat": "Markdown",
          "content": "Public events:\r\n\r\nIf an event is public, anyone with the link can participate without signing in.\r\n\r\nPrivate events:\r\n\r\nIf attendance is limited to your organization  or to specific people and groups, attendees must sign in to join. If the event is produced externally, they will need a  license that includes Microsoft Stream.\r\n\r\nFor more details, see [get started with Microsoft Teams live events](https://support.microsoft.com/en-us/office/get-started-with-microsoft-teams-live-events-d077fec2-a058-483e-9ab5-1494afda578a) ."
        }
      },
      "id": "bb22691c-b0c5-4dd2-8034-053763a3c367",
      "createdTime": "2021-01-21T11:36:41.843367Z",
      "updatedTime": "2021-01-21T11:36:41.843367Z",
      "createdUserId": "aaefd11d-4a6f-43de-b8d1-f4d839285950",
      "updatedUserId": "aaefd11d-4a6f-43de-b8d1-f4d839285950"
    }
  ]
}