{
  "intents": [
    {
      "triggerQueries": [
        "Posso abrir um conversa numa nova janela?",
        "Como abro uma conversa numa nova janela?",
        "Como faço o pop-out de uma conversa?",
        "Como posso fazer o pop-out das conversas?"
      ],
      "dialogId": "new_topic_a88112945a314f15bccd065306927459",
      "isTriggeringEnabled": true,
      "id": "new_topic_a88112945a314f15bccd065306927459",
      "displayName": "Como posso permitir o pop-out das conversas?",
      "createdTime": "2023-01-03T12:13:26.4831815Z",
      "updatedTime": "2023-01-03T12:13:26.4831815Z",
      "createdUserId": "1217587e-94d3-4d46-b9e3-9ad63e50a6a1",
      "updatedUserId": "1217587e-94d3-4d46-b9e3-9ad63e50a6a1"
    }
  ],
  "dialogs": [
    {
      "rootNodeId": "6660e592-ba95-43d8-88f2-8e415d776ac3",
      "messageNodes": [
        {
          "botMessageId": "9f603c08-c62f-4708-a78c-a29e255fb4c3",
          "nodeType": "BotMessageNode",
          "id": "6660e592-ba95-43d8-88f2-8e415d776ac3",
          "defaultTargetNodeId": "ca47acd2-d44a-4e1d-9836-b857b4203a8f"
        }
      ],
      "dialogChangeNodes": [
        {
          "targetDialogId": "new_topic_e347a2395e634a7880736d574ee58956_aeabea4d071f415c8c107e1cb7af5424_assumedsuccess",
          "nodeType": "DialogChangeNode",
          "id": "ca47acd2-d44a-4e1d-9836-b857b4203a8f"
        }
      ],
      "id": "new_topic_a88112945a314f15bccd065306927459",
      "displayName": "Untitled",
      "createdTime": "2023-01-03T12:13:26.4831815Z",
      "updatedTime": "2023-01-03T12:13:26.4831815Z",
      "createdUserId": "1217587e-94d3-4d46-b9e3-9ad63e50a6a1",
      "updatedUserId": "1217587e-94d3-4d46-b9e3-9ad63e50a6a1"
    }
  ],
  "botMessages": [
    {
      "channelContent": {
        "web": {
          "contentFormat": "Markdown",
          "content": "Pode lançar instantaneamente o seu chat 1:1 ou em grupo numa janela separada. Em seguida, redimensionar, reposicionar ou fechar a janela como quiser. É uma ótima maneira de fazer multi-tasking quando se está numa reunião ou numa chamada.\n\nNota: Pode lançar várias conversas, mas não a mesma conversa duas vezes.\n\n[Pop out uma conversa no Teams](https://support.microsoft.com/en-us/office/pop-out-a-chat-in-teams-cff95cb0-34af-423f-8f69-fe9106973790)"
        }
      },
      "id": "9f603c08-c62f-4708-a78c-a29e255fb4c3",
      "createdTime": "2023-01-03T12:12:18.98Z",
      "updatedTime": "2023-01-03T12:12:18.98Z"
    }
  ]
}