{
  "intents": [
    {
      "triggerQueries": [
        "How do I share files in Teams?"
      ],
      "dialogId": "new_topic_319eab36c025469b8ec6b663b2da18ab",
      "isTriggeringEnabled": true,
      "id": "new_topic_319eab36c025469b8ec6b663b2da18ab",
      "displayName": "How do I share files in Teams?",
      "description": "https://adoptbotv2kb.blob.core.windows.net/%24web/AdoptBot2021-English.docx",
      "createdTime": "2021-01-21T11:36:41.843367Z",
      "updatedTime": "2021-01-21T11:39:57.5983491Z",
      "createdUserId": "aaefd11d-4a6f-43de-b8d1-f4d839285950",
      "updatedUserId": "aaefd11d-4a6f-43de-b8d1-f4d839285950"
    }
  ],
  "dialogs": [
    {
      "rootNodeId": "f2f5b526-efa6-4d25-8395-11343b60dea8",
      "messageNodes": [
        {
          "botMessageId": "89aa542b-6c8b-4a7c-83dc-76a872812428",
          "nodeType": "BotMessageNode",
          "id": "f2f5b526-efa6-4d25-8395-11343b60dea8",
          "defaultTargetNodeId": "e00396ca-0553-4f84-9caf-92ba68fafc93"
        }
      ],
      "dialogChangeNodes": [
        {
          "targetDialogId": "new_topic_a96de8db0acd41edb5a2e60fb0d93441_aeabea4d071f415c8c107e1cb7af5424_assumedsuccess",
          "nodeType": "DialogChangeNode",
          "id": "e00396ca-0553-4f84-9caf-92ba68fafc93"
        }
      ],
      "id": "new_topic_319eab36c025469b8ec6b663b2da18ab",
      "displayName": "Dialog for How do I share files in Teams?",
      "createdTime": "2021-01-21T11:36:41.843367Z",
      "updatedTime": "2021-01-21T11:36:41.843367Z",
      "createdUserId": "aaefd11d-4a6f-43de-b8d1-f4d839285950",
      "updatedUserId": "aaefd11d-4a6f-43de-b8d1-f4d839285950"
    }
  ],
  "botMessages": [
    {
      "channelContent": {
        "web": {
          "contentFormat": "Markdown",
          "content": "Each channel has a tab called \"Files\" . There you can [upload files in Teams](https://support.microsoft.com/en-us/office/dela-en-fil-i-teams-0c4d34ee-5dd8-46d5-ab35-0d227b5e6eb5) .\r\n\r\nYou can also share files in your channel's chat. These will then automatically be found in the channel’s “ Files” tab.\r\n\r\nFiles shared in a private or group chat can be shared with the people in that conversation.\r\n\r\nYou can print, share, or collaborate on documents in real time without leaving the Teams platform."
        }
      },
      "id": "89aa542b-6c8b-4a7c-83dc-76a872812428",
      "createdTime": "2021-01-21T11:36:41.843367Z",
      "updatedTime": "2021-01-21T11:36:41.843367Z",
      "createdUserId": "aaefd11d-4a6f-43de-b8d1-f4d839285950",
      "updatedUserId": "aaefd11d-4a6f-43de-b8d1-f4d839285950"
    }
  ],
  "createdUtc": "0001-01-01T00:00:00Z"
}