{
  "intents": [
    {
      "triggerQueries": [
        "Which in-meeting dial-pad commands are supported?"
      ],
      "dialogId": "new_topic_c63402ef231c4f16925d44121bf114ea",
      "isTriggeringEnabled": true,
      "id": "new_topic_c63402ef231c4f16925d44121bf114ea",
      "displayName": "Which in-meeting dial-pad commands are supported?",
      "description": "https://hickweb.blob.core.windows.net/$web/AdoptBot/AdoptBot2022-English.docx",
      "createdTime": "2022-03-02T14:57:19.3356723Z",
      "updatedTime": "2022-03-02T15:01:42.6442883Z",
      "createdUserId": "3e27f02e-042d-4f0e-be03-083d03c89917",
      "updatedUserId": "3e27f02e-042d-4f0e-be03-083d03c89917"
    }
  ],
  "dialogs": [
    {
      "rootNodeId": "4094575a-fa29-4bbb-a8b7-c4716bc7aa8f",
      "messageNodes": [
        {
          "botMessageId": "0569a326-0d80-4f78-80be-202706589d2b",
          "nodeType": "BotMessageNode",
          "id": "4094575a-fa29-4bbb-a8b7-c4716bc7aa8f",
          "defaultTargetNodeId": "e57af697-caa8-459f-ade7-1047dd1f53aa"
        }
      ],
      "dialogChangeNodes": [
        {
          "targetDialogId": "new_topic_f3954ff416624052b3434952b36c18d0_aeabea4d071f415c8c107e1cb7af5424_assumedsuccess",
          "nodeType": "DialogChangeNode",
          "id": "e57af697-caa8-459f-ade7-1047dd1f53aa"
        }
      ],
      "id": "new_topic_c63402ef231c4f16925d44121bf114ea",
      "displayName": "Which in-meeting dial-pad commands are supported?",
      "createdTime": "2022-03-02T14:57:08.4602637Z",
      "createdUserId": "3e27f02e-042d-4f0e-be03-083d03c89917"
    }
  ],
  "botMessages": [
    {
      "channelContent": {
        "web": {
          "contentFormat": "Markdown",
          "content": "\\*6 (Mute/Unmute Yourself)\r\n\r\n\\*1 (Plays the keypad commands descriptions available)"
        }
      },
      "id": "0569a326-0d80-4f78-80be-202706589d2b"
    }
  ]
}