{
  "intents": [
    {
      "triggerQueries": [
        "Como gerir o horário da minha equipa no Turnos?",
        "Como gerir o horário da minha equipa no Shifts?",
        "Como criar um horário no aplicação Turnos?",
        "Como criar um horário no aplicação Shifts?",
        "Como crio um horário para a minha equipa no Turnos?",
        "Como crio um horário para a minha equipa no Shifts?"
      ],
      "dialogId": "new_topic_eda7ddb741f841ae85e5546695de1c72",
      "isTriggeringEnabled": true,
      "id": "new_topic_eda7ddb741f841ae85e5546695de1c72",
      "displayName": "Como gerir o horário da minha equipa no Shifts?",
      "createdTime": "2023-01-03T14:59:48.7439854Z",
      "updatedTime": "2023-01-03T14:59:48.7439854Z",
      "createdUserId": "1217587e-94d3-4d46-b9e3-9ad63e50a6a1",
      "updatedUserId": "1217587e-94d3-4d46-b9e3-9ad63e50a6a1"
    }
  ],
  "dialogs": [
    {
      "rootNodeId": "daa26403-88b4-4439-a0e4-ee22eddbcde8",
      "messageNodes": [
        {
          "botMessageId": "e6a91131-9443-4a91-a7fa-a86936f4895d",
          "nodeType": "BotMessageNode",
          "id": "daa26403-88b4-4439-a0e4-ee22eddbcde8",
          "defaultTargetNodeId": "ce17983a-558b-40ed-96b9-58e4bead0ceb"
        }
      ],
      "dialogChangeNodes": [
        {
          "targetDialogId": "new_topic_e347a2395e634a7880736d574ee58956_aeabea4d071f415c8c107e1cb7af5424_assumedsuccess",
          "nodeType": "DialogChangeNode",
          "id": "ce17983a-558b-40ed-96b9-58e4bead0ceb"
        }
      ],
      "id": "new_topic_eda7ddb741f841ae85e5546695de1c72",
      "displayName": "Untitled",
      "createdTime": "2023-01-03T14:59:48.7439854Z",
      "updatedTime": "2023-01-03T14:59:48.7439854Z",
      "createdUserId": "1217587e-94d3-4d46-b9e3-9ad63e50a6a1",
      "updatedUserId": "1217587e-94d3-4d46-b9e3-9ad63e50a6a1"
    }
  ],
  "botMessages": [
    {
      "channelContent": {
        "web": {
          "contentFormat": "Markdown",
          "content": "**Na aplicação de turnos,** as equipas já definidas do Teams recebem um cronograma para trabalhar e é possível criar uma agenda para todas as equipes nas quais é proprietário.\n\nNa aplicação, é possível criar um horário para uma equipa do Teams que ainda não tenha um:\n\n1.       No canto superior esquerdo da aplicação clique no nome da equipa.\n\n2.       Selecionar **Criar equipar** e escolha a equipa para a qual você deseja criar um horário.\n\n**3.** Verifique se o futilizo horário está correto para as turnos que você deseja agendar e, em seguida, clique em **Criar.**\n\nPara mais informações sobre isto clique [aqui](https://support.microsoft.com/pt-br/office/introdu%C3%A7%C3%A3o-ao-turnos-5f3e30d8-1821-4904-be26-c3cd25a497d6#bkmk_createschedule).\n\nAgora que está criado o horário geral, a próxima etapa é [preenchê-lo](https://support.microsoft.com/pt-br/office/preencher-um-cronograma-no-turnos-2d58df9b-1c6c-4c84-b0c3-835de7ad13ea) com os devidos turnos.\n\nPara consultar toda a informação sobre a aplicação do Turnos, clique [aqui](https://support.microsoft.com/pt-br/office/aplicativos-e-servi%c3%a7os-cc1fba57-9900-4634-8306-2360a40c665b?ui=pt-BR&rs=pt-BR&ad=BR#PickTab=Shifts)."
        }
      },
      "id": "e6a91131-9443-4a91-a7fa-a86936f4895d",
      "createdTime": "2023-01-03T14:47:46.715Z",
      "updatedTime": "2023-01-03T14:47:46.715Z"
    }
  ]
}