{
  "intents": [
    {
      "triggerQueries": [
        "Como configurar as definições de uma equipa?",
        "Como mudar as definições de uma equipa?",
        "Onde posso mudar as definições da minha equipa?"
      ],
      "dialogId": "new_topic_b58a9ac578c54dfe81d3344d06c8ceb6",
      "isTriggeringEnabled": true,
      "id": "new_topic_b58a9ac578c54dfe81d3344d06c8ceb6",
      "displayName": "Onde posso mudar as definições da minha equipa?",
      "createdTime": "2022-12-30T16:57:49.9657938Z",
      "updatedTime": "2022-12-30T16:57:49.9657938Z",
      "createdUserId": "1217587e-94d3-4d46-b9e3-9ad63e50a6a1",
      "updatedUserId": "1217587e-94d3-4d46-b9e3-9ad63e50a6a1"
    }
  ],
  "dialogs": [
    {
      "rootNodeId": "7bf40f98-4464-4e63-8dca-7a315ef68ef7",
      "messageNodes": [
        {
          "botMessageId": "1530fc91-5a52-4a9d-b5ce-7fb17e739658",
          "nodeType": "BotMessageNode",
          "id": "7bf40f98-4464-4e63-8dca-7a315ef68ef7",
          "defaultTargetNodeId": "7f7c8134-35c9-46f6-b017-a6fb64916bc1"
        }
      ],
      "dialogChangeNodes": [
        {
          "targetDialogId": "new_topic_e347a2395e634a7880736d574ee58956_aeabea4d071f415c8c107e1cb7af5424_assumedsuccess",
          "nodeType": "DialogChangeNode",
          "id": "7f7c8134-35c9-46f6-b017-a6fb64916bc1"
        }
      ],
      "id": "new_topic_b58a9ac578c54dfe81d3344d06c8ceb6",
      "displayName": "Untitled",
      "createdTime": "2022-12-30T16:57:49.9657938Z",
      "updatedTime": "2022-12-30T16:57:49.9657938Z",
      "createdUserId": "1217587e-94d3-4d46-b9e3-9ad63e50a6a1",
      "updatedUserId": "1217587e-94d3-4d46-b9e3-9ad63e50a6a1"
    }
  ],
  "botMessages": [
    {
      "channelContent": {
        "web": {
          "contentFormat": "Markdown",
          "content": "Vá ao nome da equipa e clique em **Mais** **opções** > **Gerir Equipa.** A partir daí pode aceder às Definições da sua equipa, o que lhe permite:\n\n*   Alterar a imagem da equipa.\n*   Definir permissões de membros.\n*   Ativar @menções num canal.\n*   Permitir que os membros da equipa enviem Gifs, emojis e autocolantes."
        }
      },
      "id": "1530fc91-5a52-4a9d-b5ce-7fb17e739658",
      "createdTime": "2022-12-30T16:55:42.487Z",
      "updatedTime": "2022-12-30T16:55:42.487Z"
    }
  ]
}