{
  "intents": [
    {
      "triggerQueries": [
        "Can I schedule a meeting directly from Teams?"
      ],
      "dialogId": "new_topic_e7f283ed25074569ae6794c2a1304a11",
      "isTriggeringEnabled": true,
      "id": "new_topic_e7f283ed25074569ae6794c2a1304a11",
      "displayName": "Can I schedule a meeting directly from Teams?",
      "description": "https://adoptbotv2kb.blob.core.windows.net/%24web/AdoptBot2021-English.docx",
      "createdTime": "2021-01-21T11:36:41.843367Z",
      "updatedTime": "2021-01-21T11:40:00.7814509Z",
      "createdUserId": "aaefd11d-4a6f-43de-b8d1-f4d839285950",
      "updatedUserId": "aaefd11d-4a6f-43de-b8d1-f4d839285950"
    }
  ],
  "dialogs": [
    {
      "rootNodeId": "c75403f4-c95a-4ec3-95e2-0fd8e1b19c33",
      "messageNodes": [
        {
          "botMessageId": "ecad8c91-1a05-4127-ba70-87d7a267c526",
          "nodeType": "BotMessageNode",
          "id": "c75403f4-c95a-4ec3-95e2-0fd8e1b19c33",
          "defaultTargetNodeId": "ac0d7a61-2df9-482d-9a79-7e247c57b1b9"
        }
      ],
      "dialogChangeNodes": [
        {
          "targetDialogId": "new_topic_a96de8db0acd41edb5a2e60fb0d93441_aeabea4d071f415c8c107e1cb7af5424_assumedsuccess",
          "nodeType": "DialogChangeNode",
          "id": "ac0d7a61-2df9-482d-9a79-7e247c57b1b9"
        }
      ],
      "id": "new_topic_e7f283ed25074569ae6794c2a1304a11",
      "displayName": "Dialog for Can I schedule a meeting directly from Teams?",
      "createdTime": "2021-01-21T11:36:41.843367Z",
      "updatedTime": "2021-01-21T11:36:41.843367Z",
      "createdUserId": "aaefd11d-4a6f-43de-b8d1-f4d839285950",
      "updatedUserId": "aaefd11d-4a6f-43de-b8d1-f4d839285950"
    }
  ],
  "botMessages": [
    {
      "channelContent": {
        "web": {
          "contentFormat": "Markdown",
          "content": "Meetings can be configured either through Microsoft Teams or Outlook. The meeting will be seen the same way. You can try to [book your meeting directly in Teams!](https://support.microsoft.com/en-us/office/schemal%C3%A4gga-ett-m%C3%B6te-i-teams-943507a9-8583-4c58-b5d2-8ec8265e04e5)\r\n\r\nTo schedule a meeting directly from Teams:\r\n\r\n- From Teams, go to Calendar and click New meeting.\r\n- Select the people and/or channel you want to invite.\r\n- Use the Schedule Assistant to find a time that suits most people.\r\n- Choose how often you want the meeting to recur (if it’s a meeting series)\r\n\r\n\r\nTo schedule a meeting from Outlook:\r\n\r\n- On the Meeting tab in Outlook, select Teams Meeting in  the Outlook toolbar\r\n- Enter meeting details and use the Schedule Assistant to find an appropriate time.\r\n- Include a conference room, if relevant."
        }
      },
      "id": "ecad8c91-1a05-4127-ba70-87d7a267c526",
      "createdTime": "2021-01-21T11:36:41.843367Z",
      "updatedTime": "2021-01-21T11:36:41.843367Z",
      "createdUserId": "aaefd11d-4a6f-43de-b8d1-f4d839285950",
      "updatedUserId": "aaefd11d-4a6f-43de-b8d1-f4d839285950"
    }
  ],
  "createdUtc": "0001-01-01T00:00:00Z"
}