{
  "intents": [
    {
      "triggerQueries": [
        "Como posso utilizar os Turnos no Teams?",
        "Para que servem os Turnos no Teams?",
        "Para que serve o Shifts no Teams?",
        "Como posso utilizar o Shifts no Teams?",
        "Como utilizo o Shifts / Turnos no telemóvel?"
      ],
      "dialogId": "new_topic_13acbbe374f145e5bebf79fa18baed95",
      "isTriggeringEnabled": true,
      "id": "new_topic_13acbbe374f145e5bebf79fa18baed95",
      "displayName": "Como utilizo o Shifts / Turnos no telemóvel?",
      "createdTime": "2023-01-03T14:42:28.5768104Z",
      "updatedTime": "2023-01-03T15:12:13.2575942Z",
      "createdUserId": "1217587e-94d3-4d46-b9e3-9ad63e50a6a1",
      "updatedUserId": "1217587e-94d3-4d46-b9e3-9ad63e50a6a1"
    }
  ],
  "dialogs": [
    {
      "rootNodeId": "d22f1f46-717f-487f-8943-553ae422a6a3",
      "messageNodes": [
        {
          "botMessageId": "5869ced9-7900-4042-89ee-5ac467d7e49b",
          "nodeType": "BotMessageNode",
          "id": "d22f1f46-717f-487f-8943-553ae422a6a3",
          "defaultTargetNodeId": "0428c714-769d-414a-8c01-115cda94e23d"
        }
      ],
      "dialogChangeNodes": [
        {
          "targetDialogId": "new_topic_e347a2395e634a7880736d574ee58956_aeabea4d071f415c8c107e1cb7af5424_assumedsuccess",
          "nodeType": "DialogChangeNode",
          "id": "0428c714-769d-414a-8c01-115cda94e23d"
        }
      ],
      "id": "new_topic_13acbbe374f145e5bebf79fa18baed95",
      "displayName": "Untitled",
      "createdTime": "2023-01-03T14:42:28.5768104Z",
      "updatedTime": "2023-01-03T15:12:13.2575942Z",
      "createdUserId": "1217587e-94d3-4d46-b9e3-9ad63e50a6a1",
      "updatedUserId": "1217587e-94d3-4d46-b9e3-9ad63e50a6a1"
    }
  ],
  "botMessages": [
    {
      "channelContent": {
        "web": {
          "contentFormat": "Markdown",
          "content": "O shifts é uma ferramenta de gestão de turnos serve para calendarizar e organizar horários por turnos para diferentes equipas de uma organização.\n\nA aplicação móvel é direcionada ao funcionário que trabalha por turnos. Pode visualizar os próximos turnos e fazer pedidos de mudança ou folga conforme necessário.\n\nEstas e outras funcionalidades para a versão no telemóvel pode consultar mais em detalhe [aqui](https://support.microsoft.com/pt-br/office/introdu%C3%A7%C3%A3o-ao-turnos-5f3e30d8-1821-4904-be26-c3cd25a497d6#bkmk_opendifferentscheduledesktop&ID0EAABAAA=Celular).\n\nPara consultar toda a informação sobre a aplicação Turnos, clique [aqui](https://support.microsoft.com/pt-br/office/aplicativos-e-servi%c3%a7os-cc1fba57-9900-4634-8306-2360a40c665b?ui=pt-BR&rs=pt-BR&ad=BR#PickTab=Shifts)."
        }
      },
      "id": "5869ced9-7900-4042-89ee-5ac467d7e49b",
      "createdTime": "2023-01-03T14:37:12.026Z",
      "updatedTime": "2023-01-03T14:37:12.026Z"
    }
  ]
}