{
  "namedEntities": [
    {
      "synonyms": [
        "home"
      ],
      "id": "ff0ca6dd-de7a-4bee-b849-16210d63f3c5",
      "displayName": "Usuário Doméstico",
      "updatedTime": "2022-12-27T12:11:43.5545662Z",
      "updatedUserId": "1217587e-94d3-4d46-b9e3-9ad63e50a6a1"
    },
    {
      "synonyms": [
        "gaming"
      ],
      "id": "2ccf421b-89a6-43a8-8b4f-b8d8f63b58bf",
      "displayName": "Jogador",
      "updatedTime": "2022-12-27T12:11:43.5545662Z",
      "updatedUserId": "1217587e-94d3-4d46-b9e3-9ad63e50a6a1"
    },
    {
      "synonyms": [
        "business"
      ],
      "id": "2d32734c-9552-47c5-963b-563fe1d9ea7e",
      "displayName": "Usuário Empresarial",
      "updatedTime": "2022-12-27T12:11:43.5545662Z",
      "updatedUserId": "1217587e-94d3-4d46-b9e3-9ad63e50a6a1"
    }
  ],
  "closedListTypes": [
    {
      "namedEntities": [
        "ff0ca6dd-de7a-4bee-b849-16210d63f3c5",
        "2ccf421b-89a6-43a8-8b4f-b8d8f63b58bf",
        "2d32734c-9552-47c5-963b-563fe1d9ea7e"
      ],
      "smartMatchingEnabled": true,
      "customTypeSchema": "ClosedList",
      "id": "new_customtype_e347a2395e634a7880736d574ee58956_f86fcadfd497444e91ed11c12b059d10",
      "displayName": "Tipo de Uso",
      "description": "Entidade Tipo de Uso da Lição 4",
      "createdTime": "2019-10-25T14:03:43.9601778Z",
      "updatedTime": "2022-12-27T12:11:43.5545662Z",
      "createdUserId": "user0",
      "updatedUserId": "1217587e-94d3-4d46-b9e3-9ad63e50a6a1"
    }
  ]
}