{
  "intents": [
    {
      "intentType": "Regular",
      "triggerQueries": [
        "How do I edit a sent message?"
      ],
      "dialogId": "new_topic_acb5dfcef4244d8c9cb1f2fd94b84090",
      "isTriggeringEnabled": true,
      "id": "new_topic_acb5dfcef4244d8c9cb1f2fd94b84090",
      "displayName": "How do I edit a sent message?",
      "description": "https://adoptbotv2kb.blob.core.windows.net/%24web/AdoptBot2021-English.docx",
      "createdTime": "2021-01-21T11:36:41.843367Z",
      "updatedTime": "2021-01-21T11:41:24.5582142Z",
      "createdUserId": "aaefd11d-4a6f-43de-b8d1-f4d839285950",
      "updatedUserId": "aaefd11d-4a6f-43de-b8d1-f4d839285950"
    }
  ],
  "dialogs": [
    {
      "rootNodeId": "8b55fb11-dd45-468d-a3e8-44a1e0f6b708",
      "messageNodes": [
        {
          "botMessageId": "8767db13-89ba-4138-ba6a-71e6e5e9b334",
          "nodeType": "BotMessageNode",
          "id": "8b55fb11-dd45-468d-a3e8-44a1e0f6b708",
          "defaultTargetNodeId": "11cef469-0608-41c3-aad6-04ce4e48c139"
        }
      ],
      "dialogChangeNodes": [
        {
          "targetDialogId": "new_topic_a96de8db0acd41edb5a2e60fb0d93441_aeabea4d071f415c8c107e1cb7af5424_assumedsuccess",
          "nodeType": "DialogChangeNode",
          "id": "11cef469-0608-41c3-aad6-04ce4e48c139"
        }
      ],
      "id": "new_topic_acb5dfcef4244d8c9cb1f2fd94b84090",
      "displayName": "Dialog for How do I edit a sent message?",
      "createdTime": "2021-01-21T11:36:41.843367Z",
      "updatedTime": "2021-01-21T11:36:41.843367Z",
      "createdUserId": "aaefd11d-4a6f-43de-b8d1-f4d839285950",
      "updatedUserId": "aaefd11d-4a6f-43de-b8d1-f4d839285950"
    }
  ],
  "botMessages": [
    {
      "channelContent": {
        "web": {
          "contentFormat": "Markdown",
          "content": "You can edit any messages you've sent to a chat or channel. Go to the message and select More options &gt; Edit . Make changes to your message, and then press Enter to save the update. There is no limit to the number of times you can make changes to a sent message.\r\n\r\nNote: Some organizations or some teams may have disabled this option."
        }
      },
      "id": "8767db13-89ba-4138-ba6a-71e6e5e9b334",
      "createdTime": "2021-01-21T11:36:41.843367Z",
      "updatedTime": "2021-01-21T11:36:41.843367Z",
      "createdUserId": "aaefd11d-4a6f-43de-b8d1-f4d839285950",
      "updatedUserId": "aaefd11d-4a6f-43de-b8d1-f4d839285950"
    }
  ]
}