{
  "intents": [
    {
      "triggerQueries": [
        "How do make an announcement?"
      ],
      "dialogId": "new_topic_692babc38ab24b78b54b1fadc6bf3dcd",
      "isTriggeringEnabled": true,
      "id": "new_topic_692babc38ab24b78b54b1fadc6bf3dcd",
      "displayName": "How do make an announcement?",
      "description": "https://hickweb.blob.core.windows.net/$web/AdoptBot/AdoptBot2022-English.docx",
      "createdTime": "2022-03-02T14:57:19.3513008Z",
      "updatedTime": "2022-03-02T14:58:36.1193212Z",
      "createdUserId": "3e27f02e-042d-4f0e-be03-083d03c89917",
      "updatedUserId": "3e27f02e-042d-4f0e-be03-083d03c89917"
    }
  ],
  "dialogs": [
    {
      "rootNodeId": "055f2d8c-0658-4c49-b411-0f3821e20c95",
      "messageNodes": [
        {
          "botMessageId": "759f235e-e0c1-4027-85bd-57eec8f809a8",
          "nodeType": "BotMessageNode",
          "id": "055f2d8c-0658-4c49-b411-0f3821e20c95",
          "defaultTargetNodeId": "af7d12bc-5988-4976-9c5a-e82f215b084c"
        }
      ],
      "dialogChangeNodes": [
        {
          "targetDialogId": "new_topic_f3954ff416624052b3434952b36c18d0_aeabea4d071f415c8c107e1cb7af5424_assumedsuccess",
          "nodeType": "DialogChangeNode",
          "id": "af7d12bc-5988-4976-9c5a-e82f215b084c"
        }
      ],
      "id": "new_topic_692babc38ab24b78b54b1fadc6bf3dcd",
      "displayName": "How do make an announcement?",
      "createdTime": "2022-03-02T14:57:08.4602637Z",
      "createdUserId": "3e27f02e-042d-4f0e-be03-083d03c89917"
    }
  ],
  "botMessages": [
    {
      "channelContent": {
        "web": {
          "contentFormat": "Markdown",
          "content": "You can make an announcement that stands out from the rest of the conversations and really be heard\r\n\r\nTo create an announcement, select the formatting button (looks like an A with a pen) and drop-down menu | New Conversation and choose Announcement.\r\n\r\nChoose a background image for more effect"
        }
      },
      "id": "759f235e-e0c1-4027-85bd-57eec8f809a8"
    }
  ]
}