{
  "intents": [
    {
      "triggerQueries": [
        "Como usar um Whiteboard em uma equipa de Teams?",
        "Como ter um Whiteboard em uma reunião de Teams?",
        "Como ter um quadro branco em uma reunião?",
        "Como utilizar o Whiteboard dentro do Teams?",
        "Como utilizo o Whiteboard no Teams?"
      ],
      "dialogId": "new_topic_eb270e6b6bac4865bfa2432cfcb0a356",
      "isTriggeringEnabled": true,
      "id": "new_topic_eb270e6b6bac4865bfa2432cfcb0a356",
      "displayName": "Como utilizo o Whiteboard no Teams?",
      "createdTime": "2023-01-03T14:28:50.744839Z",
      "updatedTime": "2023-01-03T14:28:50.744839Z",
      "createdUserId": "1217587e-94d3-4d46-b9e3-9ad63e50a6a1",
      "updatedUserId": "1217587e-94d3-4d46-b9e3-9ad63e50a6a1"
    }
  ],
  "dialogs": [
    {
      "rootNodeId": "52e9bb60-f2e5-4db7-a2c6-aecd9ece49d5",
      "messageNodes": [
        {
          "botMessageId": "a5d24453-8e24-49d2-8fa4-3fab72e2aedc",
          "nodeType": "BotMessageNode",
          "id": "52e9bb60-f2e5-4db7-a2c6-aecd9ece49d5",
          "defaultTargetNodeId": "f2bd56e1-e01a-4b19-8d1d-44a550307e80"
        }
      ],
      "dialogChangeNodes": [
        {
          "targetDialogId": "new_topic_e347a2395e634a7880736d574ee58956_aeabea4d071f415c8c107e1cb7af5424_assumedsuccess",
          "nodeType": "DialogChangeNode",
          "id": "f2bd56e1-e01a-4b19-8d1d-44a550307e80"
        }
      ],
      "id": "new_topic_eb270e6b6bac4865bfa2432cfcb0a356",
      "displayName": "Untitled",
      "createdTime": "2023-01-03T14:28:50.744839Z",
      "updatedTime": "2023-01-03T14:28:50.744839Z",
      "createdUserId": "1217587e-94d3-4d46-b9e3-9ad63e50a6a1",
      "updatedUserId": "1217587e-94d3-4d46-b9e3-9ad63e50a6a1"
    }
  ],
  "botMessages": [
    {
      "channelContent": {
        "web": {
          "contentFormat": "Markdown",
          "content": "Há duas maneiras de usar Whiteboard no Teams: utilizar o Microsoft Whiteboard ou o Freehand by Invision.\n\n**Use o Quadro Branco da Microsoft**\n\nCada encontro de Equipas tem um quadro dedicado onde os participantes têm espaço para esboçar em conjunto.\n\nPara obter informações detalhadas sobre a utilização do Whiteboard em Equipas, consulte [use Whiteboard em Microsoft Teams](https://support.microsoft.com/en-us/office/7a6e7218-e9dc-4ccc-89aa-b1a0bb9c31ee).\n\n**Use Freehand by Invision**\n\nFreehand é uma ferramenta de whiteboarding da Invision que você pode utilizar em reuniões para esboçar com outros participantes.\n\nPara utilizar o Freehand numa reunião, clique em **Partilhar** os controlos da reunião e, em seguida, clique em **Freehand by Invision** na secção **Quadro Branco.** Como organizador, terá de iniciar a sessão com a sua conta Invision.\n\nDepois, pode começar a desenhar e partilhar com os participantes.\n\nUma vez partilhado um quadro, a reunião terá um separador de quadros brancos para que os participantes possam facilmente referenciar mais tarde.\n\n**Nota:** Esta funcionalidade só está disponível se um administrador o tiver ativado."
        }
      },
      "id": "a5d24453-8e24-49d2-8fa4-3fab72e2aedc",
      "createdTime": "2023-01-03T14:27:54.939Z",
      "updatedTime": "2023-01-03T14:27:54.939Z"
    }
  ]
}