{
  "intents": [
    {
      "triggerQueries": [
        "Como posso ver mais informações sobre o horário no Shifts?",
        "Como posso ver o horário da equipa no Shifts?",
        "Como posso ver o horário da minha equipa no Turnos?",
        "Como posso ver o horário da minha equipa no Shifts?"
      ],
      "dialogId": "new_topic_dc58eacf6975444484f6eb4418812de7",
      "isTriggeringEnabled": true,
      "id": "new_topic_dc58eacf6975444484f6eb4418812de7",
      "displayName": "Como posso ver o horário da minha equipa no Shifts?",
      "createdTime": "2023-01-03T15:01:37.61194Z",
      "updatedTime": "2023-01-03T15:01:37.61194Z",
      "createdUserId": "1217587e-94d3-4d46-b9e3-9ad63e50a6a1",
      "updatedUserId": "1217587e-94d3-4d46-b9e3-9ad63e50a6a1"
    }
  ],
  "dialogs": [
    {
      "rootNodeId": "09002a37-c5b5-4461-a5d6-484990c0ddc9",
      "messageNodes": [
        {
          "botMessageId": "7119ebdc-0550-4f6e-9431-095a337ce47b",
          "nodeType": "BotMessageNode",
          "id": "09002a37-c5b5-4461-a5d6-484990c0ddc9",
          "defaultTargetNodeId": "74ba0887-71b8-436c-b147-1dc815cc3ba3"
        }
      ],
      "dialogChangeNodes": [
        {
          "targetDialogId": "new_topic_e347a2395e634a7880736d574ee58956_aeabea4d071f415c8c107e1cb7af5424_assumedsuccess",
          "nodeType": "DialogChangeNode",
          "id": "74ba0887-71b8-436c-b147-1dc815cc3ba3"
        }
      ],
      "id": "new_topic_dc58eacf6975444484f6eb4418812de7",
      "displayName": "Untitled",
      "createdTime": "2023-01-03T15:01:37.61194Z",
      "updatedTime": "2023-01-03T15:01:37.61194Z",
      "createdUserId": "1217587e-94d3-4d46-b9e3-9ad63e50a6a1",
      "updatedUserId": "1217587e-94d3-4d46-b9e3-9ad63e50a6a1"
    }
  ],
  "botMessages": [
    {
      "channelContent": {
        "web": {
          "contentFormat": "Markdown",
          "content": "Confira quem tem uma mudança em um determinado dia.\n\n·        Vá para **Mais opções**\n\nno lado esquerdo da aplicação e escolha **Shifts**.\n\n\\- É possível alterar as datas que são apresentadas com os botões na parte superior do quadro.\n\nA partir daí, pode selecionar um turno para ver os detalhes, trocá-lo ou oferecer a outra pessoa.\n\nPara mais informações clique [aqui](https://support.microsoft.com/pt-br/office/introdu%C3%A7%C3%A3o-ao-turnos-5f3e30d8-1821-4904-be26-c3cd25a497d6#bkmk_createschedule).\n\nPara consultar toda a informação sobre a aplicação do Turnos, clique [aqui](https://support.microsoft.com/pt-br/office/aplicativos-e-servi%c3%a7os-cc1fba57-9900-4634-8306-2360a40c665b?ui=pt-BR&rs=pt-BR&ad=BR#PickTab=Shifts)."
        }
      },
      "id": "7119ebdc-0550-4f6e-9431-095a337ce47b",
      "createdTime": "2023-01-03T15:00:00.337Z",
      "updatedTime": "2023-01-03T15:00:00.337Z"
    }
  ]
}