{
  "intents": [
    {
      "triggerQueries": [
        "How do I move files between channels in Teams?"
      ],
      "dialogId": "new_topic_86125f82e81b40a1b5293a945fa08fdb",
      "isTriggeringEnabled": true,
      "id": "new_topic_86125f82e81b40a1b5293a945fa08fdb",
      "displayName": "How do I move files between channels in Teams?",
      "description": "https://hickweb.blob.core.windows.net/$web/AdoptBot/AdoptBot2022-English.docx",
      "createdTime": "2022-03-02T14:57:19.3513008Z",
      "updatedTime": "2022-03-02T14:58:59.9744342Z",
      "createdUserId": "3e27f02e-042d-4f0e-be03-083d03c89917",
      "updatedUserId": "3e27f02e-042d-4f0e-be03-083d03c89917"
    }
  ],
  "dialogs": [
    {
      "rootNodeId": "f4e1415b-7766-4c37-bed5-9d6e9d9243ce",
      "messageNodes": [
        {
          "botMessageId": "0c34cb70-71b8-48a3-938d-143f79cafcec",
          "nodeType": "BotMessageNode",
          "id": "f4e1415b-7766-4c37-bed5-9d6e9d9243ce",
          "defaultTargetNodeId": "ad178dd1-61eb-4c0a-81ba-6ecea6be64ed"
        }
      ],
      "dialogChangeNodes": [
        {
          "targetDialogId": "new_topic_f3954ff416624052b3434952b36c18d0_aeabea4d071f415c8c107e1cb7af5424_assumedsuccess",
          "nodeType": "DialogChangeNode",
          "id": "ad178dd1-61eb-4c0a-81ba-6ecea6be64ed"
        }
      ],
      "id": "new_topic_86125f82e81b40a1b5293a945fa08fdb",
      "displayName": "How do I move files between channels in Teams?",
      "createdTime": "2022-03-02T14:57:08.4602637Z",
      "createdUserId": "3e27f02e-042d-4f0e-be03-083d03c89917"
    }
  ],
  "botMessages": [
    {
      "channelContent": {
        "web": {
          "contentFormat": "Markdown",
          "content": "Du can move the files  via the tab \"Files\"  in the respective channel.\r\n\r\nCheck out this if you want a step-by-step guide:  [Move or copy files in Teams](https://support.office.com/en-us/article/move-or-copy-files-in-teams-f83ed547-359b-4fc8-bf5a-60467f53dd60)"
        }
      },
      "id": "0c34cb70-71b8-48a3-938d-143f79cafcec"
    }
  ]
}