{
  "intents": [
    {
      "triggerQueries": [
        "Para que servem os Teams Live Events?",
        "O que são live events?",
        "O que são eventos ao vivo?"
      ],
      "dialogId": "new_topic_c26d724252b74c6fa3e6bb0d190ed93e",
      "isTriggeringEnabled": true,
      "id": "new_topic_c26d724252b74c6fa3e6bb0d190ed93e",
      "displayName": "O que são eventos ao vivo?",
      "createdTime": "2023-01-03T12:18:26.1510705Z",
      "updatedTime": "2023-01-03T12:18:26.1510705Z",
      "createdUserId": "1217587e-94d3-4d46-b9e3-9ad63e50a6a1",
      "updatedUserId": "1217587e-94d3-4d46-b9e3-9ad63e50a6a1"
    }
  ],
  "dialogs": [
    {
      "rootNodeId": "4216147c-310a-4ee9-9bc1-1e206bc9b2ca",
      "messageNodes": [
        {
          "botMessageId": "57f22855-2ac2-4095-b8f6-2dccbca0fce6",
          "nodeType": "BotMessageNode",
          "id": "4216147c-310a-4ee9-9bc1-1e206bc9b2ca",
          "defaultTargetNodeId": "0901f9d3-5d0e-41fd-966c-a20d8487d5e7"
        }
      ],
      "dialogChangeNodes": [
        {
          "targetDialogId": "new_topic_e347a2395e634a7880736d574ee58956_aeabea4d071f415c8c107e1cb7af5424_assumedsuccess",
          "nodeType": "DialogChangeNode",
          "id": "0901f9d3-5d0e-41fd-966c-a20d8487d5e7"
        }
      ],
      "id": "new_topic_c26d724252b74c6fa3e6bb0d190ed93e",
      "displayName": "Untitled",
      "createdTime": "2023-01-03T12:18:26.1510705Z",
      "updatedTime": "2023-01-03T12:18:26.1510705Z",
      "createdUserId": "1217587e-94d3-4d46-b9e3-9ad63e50a6a1",
      "updatedUserId": "1217587e-94d3-4d46-b9e3-9ad63e50a6a1"
    }
  ],
  "botMessages": [
    {
      "channelContent": {
        "web": {
          "contentFormat": "Markdown",
          "content": "Com os Teams Live Events, os utilizadores da sua organização podem transmitir vídeo e reuniões de conteúdos para grandes grupos. Veja [o que são eventos ao vivo do Microsoft Teams](https://docs.microsoft.com/en-us/microsoftteams/teams-live-events/what-are-teams-live-events)"
        }
      },
      "id": "57f22855-2ac2-4095-b8f6-2dccbca0fce6",
      "createdTime": "2023-01-03T12:17:44.373Z",
      "updatedTime": "2023-01-03T12:17:44.373Z"
    }
  ]
}