{
  "intents": [
    {
      "triggerQueries": [
        "Who can use Microsoft Teams?"
      ],
      "dialogId": "new_topic_b664d67c06c848748a268b37b851d37d",
      "isTriggeringEnabled": true,
      "id": "new_topic_b664d67c06c848748a268b37b851d37d",
      "displayName": "Who can use Microsoft Teams?",
      "description": "https://hickweb.blob.core.windows.net/$web/AdoptBot/AdoptBot2022-English.docx",
      "createdTime": "2022-03-02T14:57:19.3356723Z",
      "updatedTime": "2022-03-02T14:59:54.5498875Z",
      "createdUserId": "3e27f02e-042d-4f0e-be03-083d03c89917",
      "updatedUserId": "3e27f02e-042d-4f0e-be03-083d03c89917"
    }
  ],
  "dialogs": [
    {
      "rootNodeId": "271870cf-4a6a-474c-816a-9032f0268730",
      "messageNodes": [
        {
          "botMessageId": "e801cd05-1132-4449-a8ee-4155ebc82418",
          "nodeType": "BotMessageNode",
          "id": "271870cf-4a6a-474c-816a-9032f0268730",
          "defaultTargetNodeId": "6a24c982-973e-4cae-a956-0bf99e3258eb"
        }
      ],
      "dialogChangeNodes": [
        {
          "targetDialogId": "new_topic_f3954ff416624052b3434952b36c18d0_aeabea4d071f415c8c107e1cb7af5424_assumedsuccess",
          "nodeType": "DialogChangeNode",
          "id": "6a24c982-973e-4cae-a956-0bf99e3258eb"
        }
      ],
      "id": "new_topic_b664d67c06c848748a268b37b851d37d",
      "displayName": "Who can use Microsoft Teams?",
      "createdTime": "2022-03-02T14:57:08.5383724Z",
      "createdUserId": "3e27f02e-042d-4f0e-be03-083d03c89917"
    }
  ],
  "botMessages": [
    {
      "channelContent": {
        "web": {
          "contentFormat": "Markdown",
          "content": "Teams is part of Microsoft 365, so you need a Microsoft 365 license to use it.\r\n\r\nSpecifically, you need one of these licenses:\r\n\r\n- Business Essentials or Business Premium\r\n- Enterprise F1, F3, E1, E3, or E5\r\n- Microsoft 365 A licenses for education/school also include Teams.\r\n\r\n\r\nRead [how to get access to Microsoft Teams](https://support.microsoft.com/en-us/office/how-do-i-get-access-to-microsoft-teams-fc7f1634-abd3-4f26-a597-9df16e4ca65b) for more info.\r\n\r\nTo add someone from your organization to Teams, just open the app and add them to a team. They will automatically receive an email with the invitation.\r\n\r\n[For private use, Teams is free](https://www.microsoft.com/en-us/microsoft-365/microsoft-teams/teams-for-home) ."
        }
      },
      "id": "e801cd05-1132-4449-a8ee-4155ebc82418"
    }
  ]
}