{
  "intents": [
    {
      "triggerQueries": [
        "What is Teams and why should I use it?"
      ],
      "dialogId": "new_topic_75e2b1bdff6a4e38a6df7adcd7655b28",
      "isTriggeringEnabled": true,
      "id": "new_topic_75e2b1bdff6a4e38a6df7adcd7655b28",
      "displayName": "What is Teams and why should I use it?",
      "description": "https://adoptbotv2kb.blob.core.windows.net/%24web/AdoptBot2021-English.docx",
      "createdTime": "2021-01-21T11:36:41.8403674Z",
      "updatedTime": "2021-01-21T11:44:31.0011667Z",
      "createdUserId": "aaefd11d-4a6f-43de-b8d1-f4d839285950",
      "updatedUserId": "aaefd11d-4a6f-43de-b8d1-f4d839285950"
    }
  ],
  "dialogs": [
    {
      "rootNodeId": "cb0f7f28-45f0-442c-a6f4-10f95ed222de",
      "messageNodes": [
        {
          "botMessageId": "0c617344-f933-4af7-a9cd-e23134107a10",
          "nodeType": "BotMessageNode",
          "id": "cb0f7f28-45f0-442c-a6f4-10f95ed222de",
          "defaultTargetNodeId": "7dc24739-2212-47ac-a922-3ada6f9ccf34"
        }
      ],
      "dialogChangeNodes": [
        {
          "targetDialogId": "new_topic_a96de8db0acd41edb5a2e60fb0d93441_aeabea4d071f415c8c107e1cb7af5424_assumedsuccess",
          "nodeType": "DialogChangeNode",
          "id": "7dc24739-2212-47ac-a922-3ada6f9ccf34"
        }
      ],
      "id": "new_topic_75e2b1bdff6a4e38a6df7adcd7655b28",
      "displayName": "Dialog for What is Teams and why should I use it?",
      "createdTime": "2021-01-21T11:36:41.8403674Z",
      "updatedTime": "2021-01-21T11:36:41.8403674Z",
      "createdUserId": "aaefd11d-4a6f-43de-b8d1-f4d839285950",
      "updatedUserId": "aaefd11d-4a6f-43de-b8d1-f4d839285950"
    }
  ],
  "botMessages": [
    {
      "channelContent": {
        "web": {
          "contentFormat": "Markdown",
          "content": "Microsoft Teams is the ultimate messaging app for your organization!\r\n\r\nA workspace for real-time collaboration and communication, meetings, files, and app sharing,  even  emoji's and GIFs! All in one place  and accessible  to everyone.\r\n\r\nHere’s why you should consider using Teams:\r\n\r\n- Modern chat with text, audio, video, and file sharing.\r\n- [Have a private chat](https://support.microsoft.com/en-us/office/start-a-chat-in-teams-0c71b32b-c050-4930-a887-5afbe742b3d8) to develop an idea, [then share it with the entire org.](https://support.microsoft.com/en-us/office/learn-about-teams-and-channels-5e4fd702-85f5-48d7-ae14-98821a1f90d3)\r\n- Please keep your files, documents  and more in [one place.](https://support.microsoft.com/en-us/office/explore-the-files-list-in-teams-287ba970-2bdf-473d-a2da-76247ea4cf8f)\r\n- [Integrate your favorite](https://support.microsoft.com/en-us/office/five-things-to-know-about-apps-in-microsoft-teams-747492ee-7cdd-4115-a993-8c7e7f98a3d0) apps Planner, Trello, GitHub, and many more."
        }
      },
      "id": "0c617344-f933-4af7-a9cd-e23134107a10",
      "createdTime": "2021-01-21T11:36:41.8393671Z",
      "updatedTime": "2021-01-21T11:36:41.8393671Z",
      "createdUserId": "aaefd11d-4a6f-43de-b8d1-f4d839285950",
      "updatedUserId": "aaefd11d-4a6f-43de-b8d1-f4d839285950"
    }
  ],
  "createdUtc": "0001-01-01T00:00:00Z"
}