{
  "intents": [
    {
      "triggerQueries": [
        "How do I edit a file in Teams?"
      ],
      "dialogId": "new_topic_3439e36b14e445d9aef3371aafa599a1",
      "isTriggeringEnabled": true,
      "id": "new_topic_3439e36b14e445d9aef3371aafa599a1",
      "displayName": "How do I edit a file in Teams?",
      "description": "https://adoptbotv2kb.blob.core.windows.net/%24web/AdoptBot2021-English.docx",
      "createdTime": "2021-01-21T11:36:41.8423699Z",
      "updatedTime": "2021-01-21T11:44:03.4037183Z",
      "createdUserId": "aaefd11d-4a6f-43de-b8d1-f4d839285950",
      "updatedUserId": "aaefd11d-4a6f-43de-b8d1-f4d839285950"
    }
  ],
  "dialogs": [
    {
      "rootNodeId": "b7dc2e87-925f-4b27-80dc-bb141db6dfc5",
      "messageNodes": [
        {
          "botMessageId": "456bb1de-cf6d-4fb3-929a-5f7aaefbc565",
          "nodeType": "BotMessageNode",
          "id": "b7dc2e87-925f-4b27-80dc-bb141db6dfc5",
          "defaultTargetNodeId": "fdc31bc7-6b25-4508-a674-cb7fda4d3841"
        }
      ],
      "dialogChangeNodes": [
        {
          "targetDialogId": "new_topic_a96de8db0acd41edb5a2e60fb0d93441_aeabea4d071f415c8c107e1cb7af5424_assumedsuccess",
          "nodeType": "DialogChangeNode",
          "id": "fdc31bc7-6b25-4508-a674-cb7fda4d3841"
        }
      ],
      "id": "new_topic_3439e36b14e445d9aef3371aafa599a1",
      "displayName": "Dialog for How do I edit a file in Teams?",
      "createdTime": "2021-01-21T11:36:41.8423699Z",
      "updatedTime": "2021-01-21T11:36:41.8423699Z",
      "createdUserId": "aaefd11d-4a6f-43de-b8d1-f4d839285950",
      "updatedUserId": "aaefd11d-4a6f-43de-b8d1-f4d839285950"
    }
  ],
  "botMessages": [
    {
      "channelContent": {
        "web": {
          "contentFormat": "Markdown",
          "content": "If you have Office documents in the Files of a general channel in Teams, you can click on the ellipses to expand a menu of action options for that file.\r\n\r\nWhen you select Edit in Teams you will have the ability to make changes to your document and save it."
        }
      },
      "id": "456bb1de-cf6d-4fb3-929a-5f7aaefbc565",
      "createdTime": "2021-01-21T11:36:41.8423699Z",
      "updatedTime": "2021-01-21T11:36:41.8423699Z",
      "createdUserId": "aaefd11d-4a6f-43de-b8d1-f4d839285950",
      "updatedUserId": "aaefd11d-4a6f-43de-b8d1-f4d839285950"
    }
  ],
  "createdUtc": "0001-01-01T00:00:00Z"
}