{
  "intents": [
    {
      "triggerQueries": [
        "como posso restaurar um canal apagado?",
        "como restaurar uma Team?",
        "como faço para recuperar uma equipa apagada?",
        "Posso restaurar uma equipa ou um canal eliminado?"
      ],
      "dialogId": "new_topic_bacb92f042374196820e84f03ff0b1bd",
      "isTriggeringEnabled": true,
      "id": "new_topic_bacb92f042374196820e84f03ff0b1bd",
      "displayName": "Posso restaurar uma equipa ou um canal eliminado?",
      "createdTime": "2022-12-30T13:35:10.5762868Z",
      "updatedTime": "2022-12-30T13:35:10.5762868Z",
      "createdUserId": "1217587e-94d3-4d46-b9e3-9ad63e50a6a1",
      "updatedUserId": "1217587e-94d3-4d46-b9e3-9ad63e50a6a1"
    }
  ],
  "dialogs": [
    {
      "rootNodeId": "87dc5590-1b8e-4162-b555-6d6bec8d6a35",
      "messageNodes": [
        {
          "botMessageId": "7df8e239-db23-44b5-96bf-b5e12d08f50c",
          "nodeType": "BotMessageNode",
          "id": "87dc5590-1b8e-4162-b555-6d6bec8d6a35",
          "defaultTargetNodeId": "9f0630c3-c58e-4e7a-936b-50e49545b5a0"
        }
      ],
      "dialogChangeNodes": [
        {
          "targetDialogId": "new_topic_e347a2395e634a7880736d574ee58956_aeabea4d071f415c8c107e1cb7af5424_assumedsuccess",
          "nodeType": "DialogChangeNode",
          "id": "9f0630c3-c58e-4e7a-936b-50e49545b5a0"
        }
      ],
      "id": "new_topic_bacb92f042374196820e84f03ff0b1bd",
      "displayName": "Untitled",
      "createdTime": "2022-12-30T13:35:10.5762868Z",
      "updatedTime": "2022-12-30T13:35:10.5762868Z",
      "createdUserId": "1217587e-94d3-4d46-b9e3-9ad63e50a6a1",
      "updatedUserId": "1217587e-94d3-4d46-b9e3-9ad63e50a6a1"
    }
  ],
  "botMessages": [
    {
      "channelContent": {
        "web": {
          "contentFormat": "Markdown",
          "content": "Para restaurar uma equipa eliminada, fale com o seu departamento de IT. Pode partilhar [este post de blog](https://www.thewindowsclub.com/how-to-restore-deleted-teams-and-channels-in-microsoft-teams) se precisarem de instruções.\n\nPara restaurar um canal eliminado, vá ao nome da equipa, clique em **Mais opções** e, de seguida, clique em **Gerir** **a equipa**. Posteriormente, aceda ao separador **Canais.** Aqui irá encontrar o canal na secção **Apagar** e clique em **Restaurar.** Todas as conversas de canais, ficheiros e separadores serão restaurados."
        }
      },
      "id": "7df8e239-db23-44b5-96bf-b5e12d08f50c",
      "createdTime": "2022-12-30T13:34:29.453Z",
      "updatedTime": "2022-12-30T13:34:29.453Z"
    }
  ]
}