{
  "intents": [
    {
      "triggerQueries": [
        "What are Live Events?"
      ],
      "dialogId": "new_topic_415b30af042349e187b8b0f6aa217715",
      "isTriggeringEnabled": true,
      "id": "new_topic_415b30af042349e187b8b0f6aa217715",
      "displayName": "What are Live Events?",
      "description": "https://hickweb.blob.core.windows.net/$web/AdoptBot/AdoptBot2022-English.docx",
      "createdTime": "2022-03-02T14:57:19.3513008Z",
      "updatedTime": "2022-03-02T14:59:03.0525793Z",
      "createdUserId": "3e27f02e-042d-4f0e-be03-083d03c89917",
      "updatedUserId": "3e27f02e-042d-4f0e-be03-083d03c89917"
    }
  ],
  "dialogs": [
    {
      "rootNodeId": "d8d252f0-b592-435b-89ba-96dc8803a1a2",
      "messageNodes": [
        {
          "botMessageId": "f5f5ab10-5a85-4e60-bde8-5a6420338736",
          "nodeType": "BotMessageNode",
          "id": "d8d252f0-b592-435b-89ba-96dc8803a1a2",
          "defaultTargetNodeId": "12c0610d-1fca-4582-adf2-e65a63069768"
        }
      ],
      "dialogChangeNodes": [
        {
          "targetDialogId": "new_topic_f3954ff416624052b3434952b36c18d0_aeabea4d071f415c8c107e1cb7af5424_assumedsuccess",
          "nodeType": "DialogChangeNode",
          "id": "12c0610d-1fca-4582-adf2-e65a63069768"
        }
      ],
      "id": "new_topic_415b30af042349e187b8b0f6aa217715",
      "displayName": "What are Live Events?",
      "createdTime": "2022-03-02T14:57:08.4602637Z",
      "createdUserId": "3e27f02e-042d-4f0e-be03-083d03c89917"
    }
  ],
  "botMessages": [
    {
      "channelContent": {
        "web": {
          "contentFormat": "Markdown",
          "content": "With Teams live events,  users in your organization can broadcast video and meeting content to large groups. See [What are Microsoft Teams live](https://docs.microsoft.com/en-us/microsoftteams/teams-live-events/what-are-teams-live-events) [events](https://docs.microsoft.com/en-us/microsoftteams/teams-live-events/what-are-teams-live-events)"
        }
      },
      "id": "f5f5ab10-5a85-4e60-bde8-5a6420338736"
    }
  ]
}