{
  "intents": [
    {
      "triggerQueries": [
        "What is a Teams channel?"
      ],
      "dialogId": "new_topic_76c345c6eec34bd3a1d2fcbb064a191a",
      "isTriggeringEnabled": true,
      "id": "new_topic_76c345c6eec34bd3a1d2fcbb064a191a",
      "displayName": "What is a Teams channel?",
      "description": "https://hickweb.blob.core.windows.net/$web/AdoptBot/AdoptBot2022-English.docx",
      "createdTime": "2022-03-02T14:57:19.3513008Z",
      "updatedTime": "2022-03-02T14:58:14.2379054Z",
      "createdUserId": "3e27f02e-042d-4f0e-be03-083d03c89917",
      "updatedUserId": "3e27f02e-042d-4f0e-be03-083d03c89917"
    }
  ],
  "dialogs": [
    {
      "rootNodeId": "d1d6e67c-ee7f-4b68-be55-00cc53b7d5ab",
      "messageNodes": [
        {
          "botMessageId": "c5a9633a-541c-4b2c-a353-7bec9172d7d0",
          "nodeType": "BotMessageNode",
          "id": "d1d6e67c-ee7f-4b68-be55-00cc53b7d5ab",
          "defaultTargetNodeId": "c53346b3-98da-4310-9c8a-c2c7b3aefc75"
        }
      ],
      "dialogChangeNodes": [
        {
          "targetDialogId": "new_topic_f3954ff416624052b3434952b36c18d0_aeabea4d071f415c8c107e1cb7af5424_assumedsuccess",
          "nodeType": "DialogChangeNode",
          "id": "c53346b3-98da-4310-9c8a-c2c7b3aefc75"
        }
      ],
      "id": "new_topic_76c345c6eec34bd3a1d2fcbb064a191a",
      "displayName": "What is a Teams channel?",
      "createdTime": "2022-03-02T14:57:08.4602637Z",
      "createdUserId": "3e27f02e-042d-4f0e-be03-083d03c89917"
    }
  ],
  "botMessages": [
    {
      "channelContent": {
        "web": {
          "contentFormat": "Markdown",
          "content": "Channels are collaboration spaces within a team where the work itself is done. Channels are dedicated sections within a team to keep conversations organized by specific topics, projects, disciplines, whatever works for your team! A channel is the place you go where everyone on your team can openly have conversations.\r\n\r\nFiles that you share in the chat in a  channel, are organized under the Files tab in each channel."
        }
      },
      "id": "c5a9633a-541c-4b2c-a353-7bec9172d7d0"
    }
  ]
}