{
  "intents": [
    {
      "triggerQueries": [
        "As reuniões do calendário do Teams são as mesmas do Outlook?",
        "As reuniões de Teams aparecem no meu calendário?",
        "As reuniões do Microsoft Teams também aparecem no  Outlook?"
      ],
      "dialogId": "new_topic_2e81180031074fdab1eea03539decd54",
      "isTriggeringEnabled": true,
      "id": "new_topic_2e81180031074fdab1eea03539decd54",
      "displayName": "As reuniões do Microsoft Teams também aparecem no  Outlook?",
      "createdTime": "2022-12-30T16:25:21.671065Z",
      "updatedTime": "2022-12-30T16:25:21.671065Z",
      "createdUserId": "1217587e-94d3-4d46-b9e3-9ad63e50a6a1",
      "updatedUserId": "1217587e-94d3-4d46-b9e3-9ad63e50a6a1"
    }
  ],
  "dialogs": [
    {
      "rootNodeId": "8b7b9937-d40a-4c82-8d1a-944ebab0fa11",
      "messageNodes": [
        {
          "botMessageId": "7d555d60-c80f-46db-b455-f2d76096ab2e",
          "nodeType": "BotMessageNode",
          "id": "8b7b9937-d40a-4c82-8d1a-944ebab0fa11",
          "defaultTargetNodeId": "ea9532e2-9cb8-48e4-8a6a-1e81fe81426f"
        }
      ],
      "dialogChangeNodes": [
        {
          "targetDialogId": "new_topic_e347a2395e634a7880736d574ee58956_aeabea4d071f415c8c107e1cb7af5424_assumedsuccess",
          "nodeType": "DialogChangeNode",
          "id": "ea9532e2-9cb8-48e4-8a6a-1e81fe81426f"
        }
      ],
      "id": "new_topic_2e81180031074fdab1eea03539decd54",
      "displayName": "Untitled",
      "createdTime": "2022-12-30T16:25:21.671065Z",
      "updatedTime": "2022-12-30T16:25:21.671065Z",
      "createdUserId": "1217587e-94d3-4d46-b9e3-9ad63e50a6a1",
      "updatedUserId": "1217587e-94d3-4d46-b9e3-9ad63e50a6a1"
    }
  ],
  "botMessages": [
    {
      "channelContent": {
        "web": {
          "contentFormat": "Markdown",
          "content": "Se agendar uma reunião no Microsoft Teams, aparece em \"**Calendário**\" no Microsoft Teams e no seu calendário Outlook.\n\nNota: O calendário Outlook é utilizado tanto para o Teams como para Outlook."
        }
      },
      "id": "7d555d60-c80f-46db-b455-f2d76096ab2e",
      "createdTime": "2022-12-30T16:24:30.301Z",
      "updatedTime": "2022-12-30T16:24:30.301Z"
    }
  ]
}