{
  "intents": [
    {
      "triggerQueries": [
        "Does Office require Internet access?"
      ],
      "dialogId": "new_topic_f0db8d5518c34aeca7a9a332159dc22c",
      "isTriggeringEnabled": true,
      "id": "new_topic_f0db8d5518c34aeca7a9a332159dc22c",
      "displayName": "Does Office require Internet access?",
      "description": "https://hickweb.blob.core.windows.net/$web/AdoptBot/AdoptBot2022-English.docx",
      "createdTime": "2022-03-02T14:57:19.3356723Z",
      "updatedTime": "2022-03-02T15:01:19.0701189Z",
      "createdUserId": "3e27f02e-042d-4f0e-be03-083d03c89917",
      "updatedUserId": "3e27f02e-042d-4f0e-be03-083d03c89917"
    }
  ],
  "dialogs": [
    {
      "rootNodeId": "95e37ca1-19ce-47ce-a868-d20803c90073",
      "messageNodes": [
        {
          "botMessageId": "c6eb33d0-2ff2-4a0a-b770-e6ef7d71cd4f",
          "nodeType": "BotMessageNode",
          "id": "95e37ca1-19ce-47ce-a868-d20803c90073",
          "defaultTargetNodeId": "456f4abe-7d13-4e2c-a2a2-688a0d11e83a"
        }
      ],
      "dialogChangeNodes": [
        {
          "targetDialogId": "new_topic_f3954ff416624052b3434952b36c18d0_aeabea4d071f415c8c107e1cb7af5424_assumedsuccess",
          "nodeType": "DialogChangeNode",
          "id": "456f4abe-7d13-4e2c-a2a2-688a0d11e83a"
        }
      ],
      "id": "new_topic_f0db8d5518c34aeca7a9a332159dc22c",
      "displayName": "Does Office require Internet access?",
      "createdTime": "2022-03-02T14:57:08.4602637Z",
      "createdUserId": "3e27f02e-042d-4f0e-be03-083d03c89917"
    }
  ],
  "botMessages": [
    {
      "channelContent": {
        "web": {
          "contentFormat": "Markdown",
          "content": "You don't need to be connected to the Internet to use office applications, such as Word, Excel, and PowerPoint, because the applications are fully installed on your computer.\r\n\r\nInternet access is required to install and activate all the latest editions of Office Suites and all Office 365 subscription plans. Internet access is also required to access documents stored  on OneDrive, unless you install the [OneDrive desktop app.](https://go.microsoft.com/fwlink/p/?LinkID=403721)\r\n\r\nYou should also connect to the Internet regularly to keep your version of Office up to date and take advantage of automatic upgrades. If you don't connect to the Internet at least every 31 days, your applications will go into reduced functionality mode, which means you can view or print your documents, but can’t edit the documents or create new ones. To reactivate your Office applications, just reconnect to the Internet."
        }
      },
      "id": "c6eb33d0-2ff2-4a0a-b770-e6ef7d71cd4f"
    }
  ]
}