{
  "intents": [
    {
      "triggerQueries": [
        "Posso mudar o nome de uma equipa depois de a criar?",
        "Como mudar o nome de uma equipa?",
        "Posso alterar o nome de uma equipa?",
        "Como altero o nome de uma equipa?"
      ],
      "dialogId": "new_topic_e7143dfd422a4620af5f47e85740de32",
      "isTriggeringEnabled": true,
      "id": "new_topic_e7143dfd422a4620af5f47e85740de32",
      "displayName": "Como altero o nome de uma equipa?",
      "createdTime": "2022-12-30T13:43:54.1594249Z",
      "updatedTime": "2022-12-30T13:43:54.1594249Z",
      "createdUserId": "1217587e-94d3-4d46-b9e3-9ad63e50a6a1",
      "updatedUserId": "1217587e-94d3-4d46-b9e3-9ad63e50a6a1"
    }
  ],
  "dialogs": [
    {
      "rootNodeId": "b060a1c3-c458-49a0-9eb1-3ddb8310c2fa",
      "messageNodes": [
        {
          "botMessageId": "53edde2a-b4f6-411a-8326-485c8859eacd",
          "nodeType": "BotMessageNode",
          "id": "b060a1c3-c458-49a0-9eb1-3ddb8310c2fa",
          "defaultTargetNodeId": "125ef823-51bf-4a36-ab8e-271738349d7b"
        }
      ],
      "dialogChangeNodes": [
        {
          "targetDialogId": "new_topic_e347a2395e634a7880736d574ee58956_aeabea4d071f415c8c107e1cb7af5424_assumedsuccess",
          "nodeType": "DialogChangeNode",
          "id": "125ef823-51bf-4a36-ab8e-271738349d7b"
        }
      ],
      "id": "new_topic_e7143dfd422a4620af5f47e85740de32",
      "displayName": "Untitled",
      "createdTime": "2022-12-30T13:43:54.1594249Z",
      "updatedTime": "2022-12-30T13:43:54.1594249Z",
      "createdUserId": "1217587e-94d3-4d46-b9e3-9ad63e50a6a1",
      "updatedUserId": "1217587e-94d3-4d46-b9e3-9ad63e50a6a1"
    }
  ],
  "botMessages": [
    {
      "channelContent": {
        "web": {
          "contentFormat": "Markdown",
          "content": "Vá ao nome da equipa e clique **em Mais** **opções** > **Editar** a **equipa.** Terá a capacidade de definir o nome da equipa, descrição e definições de privacidade, se necessário."
        }
      },
      "id": "53edde2a-b4f6-411a-8326-485c8859eacd",
      "createdTime": "2022-12-30T13:43:04.066Z",
      "updatedTime": "2022-12-30T13:43:04.066Z"
    }
  ]
}