{
  "intents": [
    {
      "intentType": "Regular",
      "triggerQueries": [
        "How do I send an email to a channel in Teams?"
      ],
      "dialogId": "new_topic_57e21b31a1e940b0906fa1da3949124f",
      "isTriggeringEnabled": true,
      "id": "new_topic_57e21b31a1e940b0906fa1da3949124f",
      "displayName": "How do I send an email to a channel in Teams?",
      "description": "https://adoptbotv2kb.blob.core.windows.net/%24web/AdoptBot2021-English.docx",
      "createdTime": "2021-01-21T11:36:41.843367Z",
      "updatedTime": "2021-01-21T11:39:59.4510976Z",
      "createdUserId": "aaefd11d-4a6f-43de-b8d1-f4d839285950",
      "updatedUserId": "aaefd11d-4a6f-43de-b8d1-f4d839285950"
    }
  ],
  "dialogs": [
    {
      "rootNodeId": "1d69228d-ce06-4799-8b53-c8da9ac85eee",
      "messageNodes": [
        {
          "botMessageId": "fe71d67b-f85c-49eb-9d4e-6e93c46b3531",
          "nodeType": "BotMessageNode",
          "id": "1d69228d-ce06-4799-8b53-c8da9ac85eee",
          "defaultTargetNodeId": "dd881336-be36-402a-93ff-7f1dd4f43f39"
        }
      ],
      "dialogChangeNodes": [
        {
          "targetDialogId": "new_topic_a96de8db0acd41edb5a2e60fb0d93441_aeabea4d071f415c8c107e1cb7af5424_assumedsuccess",
          "nodeType": "DialogChangeNode",
          "id": "dd881336-be36-402a-93ff-7f1dd4f43f39"
        }
      ],
      "id": "new_topic_57e21b31a1e940b0906fa1da3949124f",
      "displayName": "Dialog for How do I send an email to a channel in Teams?",
      "createdTime": "2021-01-21T11:36:41.843367Z",
      "updatedTime": "2021-01-21T11:36:41.843367Z",
      "createdUserId": "aaefd11d-4a6f-43de-b8d1-f4d839285950",
      "updatedUserId": "aaefd11d-4a6f-43de-b8d1-f4d839285950"
    }
  ],
  "botMessages": [
    {
      "channelContent": {
        "web": {
          "contentFormat": "Markdown",
          "content": "Best:\r\n\r\nSelect the \"Share to Teams\" button directly from a message in Outlook.\r\n\r\nIf you don't have this button:\r\n\r\nEach channel has an email address and you can  [send emails directly to a Teams channel.](https://support.microsoft.com/en-us/office/skicka-e-post-till-en-kanal-i-teams-d91db004-d9d7-4a47-82e6-fb1b16dfd51e?ui=en-us&rs=en-us&ad=se) To do this, find the channel that you would like to  email  and click the channel name. Select More options  and select Get email address and copy.\r\n\r\nIn Outlook, forward your email to the channel's email address. You will see the email in the channel you send it to. Any attachments are extracted and saved under Files in the channel.\r\n\r\nTip:\r\n\r\nYou can save your channel's email address in Outlook to quickly forward all received emails to that email address."
        }
      },
      "id": "fe71d67b-f85c-49eb-9d4e-6e93c46b3531",
      "createdTime": "2021-01-21T11:36:41.843367Z",
      "updatedTime": "2021-01-21T11:36:41.843367Z",
      "createdUserId": "aaefd11d-4a6f-43de-b8d1-f4d839285950",
      "updatedUserId": "aaefd11d-4a6f-43de-b8d1-f4d839285950"
    }
  ]
}