<ImportExportXml version="9.2.21032.164" SolutionPackageVersion="9.2" languagecode="1033" generatedBy="CrmLive" xmlns:xsi="http://www.w3.org/2001/XMLSchema-instance">
  <SolutionManifest>
    <UniqueName>ExportComponents1c3f22819e3a4a87b29e7be25fb1799f</UniqueName>
    <LocalizedNames>
      <LocalizedName description="ExportComponents1c3f22819e3a4a87b29e7be25fb1799f" languagecode="1033" />
    </LocalizedNames>
    <Descriptions />
    <Version>1.0</Version>
    <Managed>0</Managed>
    <Publisher>
      <UniqueName>Cree354</UniqueName>
      <LocalizedNames>
        <LocalizedName description="CDS Default Publisher" languagecode="1033" />
      </LocalizedNames>
      <Descriptions />
      <EMailAddress xsi:nil="true"></EMailAddress>
      <SupportingWebsiteUrl xsi:nil="true"></SupportingWebsiteUrl>
      <CustomizationPrefix>cre6f</CustomizationPrefix>
      <CustomizationOptionValuePrefix>86122</CustomizationOptionValuePrefix>
    </Publisher>
    <RootComponents>
      <RootComponent type="29" id="{5ece3cb4-e75b-eb11-a812-000d3a1fc975}" behavior="0" />
      <RootComponent type="29" id="{9ebc44a5-ea5b-eb11-a812-000d3a1fc975}" behavior="0" />
    </RootComponents>
    <MissingDependencies />
  </SolutionManifest>
</ImportExportXml>