{
  "intents": [
    {
      "intentType": "Regular",
      "triggerQueries": [
        "Will attendees hear a notification when a user joins or cancels a meeting?"
      ],
      "dialogId": "new_topic_0c09ab809c264849977ab2f962f1e057",
      "isTriggeringEnabled": true,
      "id": "new_topic_0c09ab809c264849977ab2f962f1e057",
      "displayName": "Will attendees hear a notification when a user joins or cancels a meeting?",
      "description": "https://adoptbotv2kb.blob.core.windows.net/%24web/AdoptBot2021-English.docx",
      "createdTime": "2021-01-21T11:36:41.843367Z",
      "updatedTime": "2021-01-21T11:39:36.7797183Z",
      "createdUserId": "aaefd11d-4a6f-43de-b8d1-f4d839285950",
      "updatedUserId": "aaefd11d-4a6f-43de-b8d1-f4d839285950"
    }
  ],
  "dialogs": [
    {
      "rootNodeId": "e053c10d-8ac5-4a63-a115-3472a51cc163",
      "messageNodes": [
        {
          "botMessageId": "2b129185-c491-4092-b53a-69ef363f4022",
          "nodeType": "BotMessageNode",
          "id": "e053c10d-8ac5-4a63-a115-3472a51cc163",
          "defaultTargetNodeId": "f37a44cb-0426-4aa3-b40d-84f8cf15f48b"
        }
      ],
      "dialogChangeNodes": [
        {
          "targetDialogId": "new_topic_a96de8db0acd41edb5a2e60fb0d93441_aeabea4d071f415c8c107e1cb7af5424_assumedsuccess",
          "nodeType": "DialogChangeNode",
          "id": "f37a44cb-0426-4aa3-b40d-84f8cf15f48b"
        }
      ],
      "id": "new_topic_0c09ab809c264849977ab2f962f1e057",
      "displayName": "Dialog for Will attendees hear a notification when a user joins or cancels a meeting?",
      "createdTime": "2021-01-21T11:36:41.843367Z",
      "updatedTime": "2021-01-21T11:36:41.843367Z",
      "createdUserId": "aaefd11d-4a6f-43de-b8d1-f4d839285950",
      "updatedUserId": "aaefd11d-4a6f-43de-b8d1-f4d839285950"
    }
  ],
  "botMessages": [
    {
      "channelContent": {
        "web": {
          "contentFormat": "Markdown",
          "content": "By default, attendees are notified when users connect. To change these settings,  see  [Change participant settings for a Teams meeting](https://support.microsoft.com/en-us/office/change-participant-settings-for-a-teams-meeting-53261366-dbd5-45f9-aae9-a70e6354f88e)"
        }
      },
      "id": "2b129185-c491-4092-b53a-69ef363f4022",
      "createdTime": "2021-01-21T11:36:41.843367Z",
      "updatedTime": "2021-01-21T11:36:41.843367Z",
      "createdUserId": "aaefd11d-4a6f-43de-b8d1-f4d839285950",
      "updatedUserId": "aaefd11d-4a6f-43de-b8d1-f4d839285950"
    }
  ]
}