{
  "intents": [
    {
      "intentType": "Regular",
      "triggerQueries": [
        "What is a Team Owner?"
      ],
      "dialogId": "new_topic_cff9a1e719d94ef395201ce3bb686b5d",
      "isTriggeringEnabled": true,
      "id": "new_topic_cff9a1e719d94ef395201ce3bb686b5d",
      "displayName": "What is a Team Owner?",
      "description": "https://adoptbotv2kb.blob.core.windows.net/%24web/AdoptBot2021-English.docx",
      "createdTime": "2021-01-21T11:36:41.843367Z",
      "updatedTime": "2021-01-21T11:40:09.477376Z",
      "createdUserId": "aaefd11d-4a6f-43de-b8d1-f4d839285950",
      "updatedUserId": "aaefd11d-4a6f-43de-b8d1-f4d839285950"
    }
  ],
  "dialogs": [
    {
      "rootNodeId": "6ba4020f-2f5c-45be-b4b3-090cfab4fc84",
      "messageNodes": [
        {
          "botMessageId": "9638a2ca-b7b4-42e2-8609-ce12c2bd7120",
          "nodeType": "BotMessageNode",
          "id": "6ba4020f-2f5c-45be-b4b3-090cfab4fc84",
          "defaultTargetNodeId": "c1215e10-a4db-4be2-baa8-c9272831e3da"
        }
      ],
      "dialogChangeNodes": [
        {
          "targetDialogId": "new_topic_a96de8db0acd41edb5a2e60fb0d93441_aeabea4d071f415c8c107e1cb7af5424_assumedsuccess",
          "nodeType": "DialogChangeNode",
          "id": "c1215e10-a4db-4be2-baa8-c9272831e3da"
        }
      ],
      "id": "new_topic_cff9a1e719d94ef395201ce3bb686b5d",
      "displayName": "Dialog for What is a Team Owner?",
      "createdTime": "2021-01-21T11:36:41.843367Z",
      "updatedTime": "2021-01-21T11:36:41.843367Z",
      "createdUserId": "aaefd11d-4a6f-43de-b8d1-f4d839285950",
      "updatedUserId": "aaefd11d-4a6f-43de-b8d1-f4d839285950"
    }
  ],
  "botMessages": [
    {
      "channelContent": {
        "web": {
          "contentFormat": "Markdown",
          "content": "The team owner is the person who creates and/or administers the  team. Team owners can make members of  their team into team owners when they invite them to the team or at any time after they have joined the  team. With multiple team owners, you can share responsibility for managing settings and memberships, including invitations.\r\n\r\nQuick Tip :\r\n\r\nAs an owner, you can add a team picture, set permissions for team members to create channels, add tabs, @mention  the entire team or channel,  and  control the use of GIFs, stickers, and memes. Finally, be sure to have at least two owners per team . This guarantees a backup contact in case one of the owners is unavailable."
        }
      },
      "id": "9638a2ca-b7b4-42e2-8609-ce12c2bd7120",
      "createdTime": "2021-01-21T11:36:41.843367Z",
      "updatedTime": "2021-01-21T11:36:41.843367Z",
      "createdUserId": "aaefd11d-4a6f-43de-b8d1-f4d839285950",
      "updatedUserId": "aaefd11d-4a6f-43de-b8d1-f4d839285950"
    }
  ]
}