{
  "intents": [
    {
      "triggerQueries": [
        "How to Remote work from anywhere?"
      ],
      "dialogId": "new_topic_0def8f96fb994639ac9634b1d107deb0",
      "isTriggeringEnabled": true,
      "id": "new_topic_0def8f96fb994639ac9634b1d107deb0",
      "displayName": "How to Remote work from anywhere?",
      "description": "https://adoptbotv2kb.blob.core.windows.net/%24web/AdoptBot2021-English.docx",
      "createdTime": "2021-01-21T11:36:41.843367Z",
      "updatedTime": "2021-01-21T11:43:02.3818642Z",
      "createdUserId": "aaefd11d-4a6f-43de-b8d1-f4d839285950",
      "updatedUserId": "aaefd11d-4a6f-43de-b8d1-f4d839285950"
    }
  ],
  "dialogs": [
    {
      "rootNodeId": "05057aed-9a11-4f39-83b7-8ced00a12c62",
      "messageNodes": [
        {
          "botMessageId": "add34976-e03e-4db5-8691-690e46bff0ec",
          "nodeType": "BotMessageNode",
          "id": "05057aed-9a11-4f39-83b7-8ced00a12c62",
          "defaultTargetNodeId": "9badc10a-ee0c-48dc-9bde-c1ca36be6b87"
        }
      ],
      "dialogChangeNodes": [
        {
          "targetDialogId": "new_topic_a96de8db0acd41edb5a2e60fb0d93441_aeabea4d071f415c8c107e1cb7af5424_assumedsuccess",
          "nodeType": "DialogChangeNode",
          "id": "9badc10a-ee0c-48dc-9bde-c1ca36be6b87"
        }
      ],
      "id": "new_topic_0def8f96fb994639ac9634b1d107deb0",
      "displayName": "Dialog for How to Remote work from anywhere?",
      "createdTime": "2021-01-21T11:36:41.843367Z",
      "updatedTime": "2021-01-21T11:36:41.843367Z",
      "createdUserId": "aaefd11d-4a6f-43de-b8d1-f4d839285950",
      "updatedUserId": "aaefd11d-4a6f-43de-b8d1-f4d839285950"
    }
  ],
  "botMessages": [
    {
      "channelContent": {
        "web": {
          "contentFormat": "Markdown",
          "content": "[Collaborate with Microsoft 365](https://support.office.com/article/collaborate-with-office-365-ac05a41e-0b49-4420-9ebc-190ee4e744f4) - how to work better together across all Microsoft 365 workloads."
        }
      },
      "id": "add34976-e03e-4db5-8691-690e46bff0ec",
      "createdTime": "2021-01-21T11:36:41.843367Z",
      "updatedTime": "2021-01-21T11:36:41.843367Z",
      "createdUserId": "aaefd11d-4a6f-43de-b8d1-f4d839285950",
      "updatedUserId": "aaefd11d-4a6f-43de-b8d1-f4d839285950"
    }
  ],
  "createdUtc": "0001-01-01T00:00:00Z"
}