{
  "intents": [
    {
      "triggerQueries": [
        "como adiciono parceiros externos a uma equipa?",
        "como adiciono guests a uma equipa?",
        "como adiciono pessoas externas a uma equipa?",
        "Como adiciono convidados a uma equipa?"
      ],
      "dialogId": "new_topic_8fcec93d973b4754a0ba96fcd5deec5b",
      "isTriggeringEnabled": true,
      "id": "new_topic_8fcec93d973b4754a0ba96fcd5deec5b",
      "displayName": "Como adiciono convidados a uma equipa?",
      "createdTime": "2022-12-30T13:24:12.2155005Z",
      "updatedTime": "2022-12-30T13:24:12.2155005Z",
      "createdUserId": "1217587e-94d3-4d46-b9e3-9ad63e50a6a1",
      "updatedUserId": "1217587e-94d3-4d46-b9e3-9ad63e50a6a1"
    }
  ],
  "dialogs": [
    {
      "rootNodeId": "7337af3c-dc48-4c6e-a68a-68c5f7912fa6",
      "messageNodes": [
        {
          "botMessageId": "023d2a7f-8266-45e7-8022-ed0081db0c1f",
          "nodeType": "BotMessageNode",
          "id": "7337af3c-dc48-4c6e-a68a-68c5f7912fa6",
          "defaultTargetNodeId": "b57a1c1f-2ba3-48e0-85de-28efa7888a12"
        }
      ],
      "dialogChangeNodes": [
        {
          "targetDialogId": "new_topic_e347a2395e634a7880736d574ee58956_aeabea4d071f415c8c107e1cb7af5424_assumedsuccess",
          "nodeType": "DialogChangeNode",
          "id": "b57a1c1f-2ba3-48e0-85de-28efa7888a12"
        }
      ],
      "id": "new_topic_8fcec93d973b4754a0ba96fcd5deec5b",
      "displayName": "Untitled",
      "createdTime": "2022-12-30T13:24:12.2155005Z",
      "updatedTime": "2022-12-30T13:24:12.2155005Z",
      "createdUserId": "1217587e-94d3-4d46-b9e3-9ad63e50a6a1",
      "updatedUserId": "1217587e-94d3-4d46-b9e3-9ad63e50a6a1"
    }
  ],
  "botMessages": [
    {
      "channelContent": {
        "web": {
          "contentFormat": "Markdown",
          "content": "Se for proprietário da equipa, você pode adicionar convidados fora da organização para a sua equipa.\n\nVá ao nome da equipa, clique em **Mais opções e,** em seguida, clique em **Adicionar Membros.**\n\nAdicione o endereço de e-mail do convidado.\n\nNota:\n\n*   Os convidados precisam apenas de um endereço de e-mail válido.\n*   _Se tiver_ um erro _de_ _permissão,_ a sua organização não permite _convidados. Contacte o seu administrador de TI para mais informações._\n\nAgora que tem convidados na sua equipa, pode estar curioso para saber [o que o](https://support.microsoft.com/en-us/office/team-owner-member-and-guest-capabilities-in-teams-d03fdf5b-1a6e-48e4-8e07-b13e1350ec7b) [seu](https://support.microsoft.com/en-us/office/team-owner-member-and-guest-capabilities-in-teams-d03fdf5b-1a6e-48e4-8e07-b13e1350ec7b) [convidado](https://support.microsoft.com/en-us/office/team-owner-member-and-guest-capabilities-in-teams-d03fdf5b-1a6e-48e4-8e07-b13e1350ec7b) [pode fazer](https://support.microsoft.com/en-us/office/team-owner-member-and-guest-capabilities-in-teams-d03fdf5b-1a6e-48e4-8e07-b13e1350ec7b) enquanto fizer parte da equipa. Perceba também que [configurações pode mudar para](https://support.microsoft.com/en-us/office/set-guest-permissions-for-channels-in-teams-4756c468-2746-4bfd-a582-736d55fcc169) os [seus](https://support.microsoft.com/en-us/office/set-guest-permissions-for-channels-in-teams-4756c468-2746-4bfd-a582-736d55fcc169) [convidados.](https://support.microsoft.com/en-us/office/set-guest-permissions-for-channels-in-teams-4756c468-2746-4bfd-a582-736d55fcc169)"
        }
      },
      "id": "023d2a7f-8266-45e7-8022-ed0081db0c1f",
      "createdTime": "2022-12-30T13:23:15.602Z",
      "updatedTime": "2022-12-30T13:23:15.602Z"
    }
  ]
}