{
  "intents": [
    {
      "intentType": "Regular",
      "triggerQueries": [
        "How does a user access or change their conference ID?"
      ],
      "dialogId": "new_topic_3b8bbd4c0eaf49f2a1f7a21b8f54e20f",
      "isTriggeringEnabled": true,
      "id": "new_topic_3b8bbd4c0eaf49f2a1f7a21b8f54e20f",
      "displayName": "How does a user access or change their conference ID?",
      "description": "https://adoptbotv2kb.blob.core.windows.net/%24web/AdoptBot2021-English.docx",
      "createdTime": "2021-01-21T11:36:41.843367Z",
      "updatedTime": "2021-01-21T11:39:49.4186909Z",
      "createdUserId": "aaefd11d-4a6f-43de-b8d1-f4d839285950",
      "updatedUserId": "aaefd11d-4a6f-43de-b8d1-f4d839285950"
    }
  ],
  "dialogs": [
    {
      "rootNodeId": "dfbf20a4-1114-40dc-ad6b-4664a50b7063",
      "messageNodes": [
        {
          "botMessageId": "dd39f139-b536-44f9-9eae-45f343d421f7",
          "nodeType": "BotMessageNode",
          "id": "dfbf20a4-1114-40dc-ad6b-4664a50b7063",
          "defaultTargetNodeId": "a9f9fcdd-5255-4ea8-a372-785504ec32e0"
        }
      ],
      "dialogChangeNodes": [
        {
          "targetDialogId": "new_topic_a96de8db0acd41edb5a2e60fb0d93441_aeabea4d071f415c8c107e1cb7af5424_assumedsuccess",
          "nodeType": "DialogChangeNode",
          "id": "a9f9fcdd-5255-4ea8-a372-785504ec32e0"
        }
      ],
      "id": "new_topic_3b8bbd4c0eaf49f2a1f7a21b8f54e20f",
      "displayName": "Dialog for How does a user access or change their conference ID?",
      "createdTime": "2021-01-21T11:36:41.843367Z",
      "updatedTime": "2021-01-21T11:36:41.843367Z",
      "createdUserId": "aaefd11d-4a6f-43de-b8d1-f4d839285950",
      "updatedUserId": "aaefd11d-4a6f-43de-b8d1-f4d839285950"
    }
  ],
  "botMessages": [
    {
      "channelContent": {
        "web": {
          "contentFormat": "Markdown",
          "content": "A Microsoft Teams user can find the conference ID assigned to them by scheduling a meeting in Teams,  in Outlook, and Outlook on the web. Users can also find the conference ID in the email that will be sent to them when the meeting is booked.\r\n\r\nUsers will not be able to restore their conference ID. The conference ID can only be reset by admin for your organization."
        }
      },
      "id": "dd39f139-b536-44f9-9eae-45f343d421f7",
      "createdTime": "2021-01-21T11:36:41.843367Z",
      "updatedTime": "2021-01-21T11:36:41.843367Z",
      "createdUserId": "aaefd11d-4a6f-43de-b8d1-f4d839285950",
      "updatedUserId": "aaefd11d-4a6f-43de-b8d1-f4d839285950"
    }
  ]
}