{
  "intents": [
    {
      "triggerQueries": [
        "Algumas dicas para melhorar os meus posts?",
        "Como posso fazer os meus posts ficarem mais interativos?",
        "Como posso fazer posts mais interativos?"
      ],
      "dialogId": "new_topic_a1c3d976bc79455e812b913982054d7a",
      "isTriggeringEnabled": true,
      "id": "new_topic_a1c3d976bc79455e812b913982054d7a",
      "displayName": "Como posso fazer posts mais interativos?",
      "createdTime": "2023-01-03T11:54:30.8058595Z",
      "updatedTime": "2023-01-03T11:54:30.8058595Z",
      "createdUserId": "1217587e-94d3-4d46-b9e3-9ad63e50a6a1",
      "updatedUserId": "1217587e-94d3-4d46-b9e3-9ad63e50a6a1"
    }
  ],
  "dialogs": [
    {
      "rootNodeId": "fe8fd10f-4b3a-4d15-853a-94cf50a237f1",
      "messageNodes": [
        {
          "botMessageId": "41355efd-7404-4a1a-93ca-dad9edc68ed3",
          "nodeType": "BotMessageNode",
          "id": "fe8fd10f-4b3a-4d15-853a-94cf50a237f1",
          "defaultTargetNodeId": "ea9ffd62-ced1-49d5-84e1-2c1a6ed959ee"
        }
      ],
      "dialogChangeNodes": [
        {
          "targetDialogId": "new_topic_e347a2395e634a7880736d574ee58956_aeabea4d071f415c8c107e1cb7af5424_assumedsuccess",
          "nodeType": "DialogChangeNode",
          "id": "ea9ffd62-ced1-49d5-84e1-2c1a6ed959ee"
        }
      ],
      "id": "new_topic_a1c3d976bc79455e812b913982054d7a",
      "displayName": "Untitled",
      "createdTime": "2023-01-03T11:54:30.8058595Z",
      "updatedTime": "2023-01-03T11:54:30.8058595Z",
      "createdUserId": "1217587e-94d3-4d46-b9e3-9ad63e50a6a1",
      "updatedUserId": "1217587e-94d3-4d46-b9e3-9ad63e50a6a1"
    }
  ],
  "botMessages": [
    {
      "channelContent": {
        "web": {
          "contentFormat": "Markdown",
          "content": "Pode adicionar imagens, emojis, GIFs animados, autocolantes e muito mais.\n\nPode utilizar um título para destacar o seu post. \n\nVai ajudar a que seja mais visível mais tarde em caso de necessidade."
        }
      },
      "id": "41355efd-7404-4a1a-93ca-dad9edc68ed3",
      "createdTime": "2023-01-03T11:51:44.639Z",
      "updatedTime": "2023-01-03T11:51:44.639Z"
    }
  ]
}