{
  "intents": [
    {
      "triggerQueries": [
        "How do I view or follow a channel?"
      ],
      "dialogId": "new_topic_6d368a8663a546a5b09b1a2050bf6850",
      "isTriggeringEnabled": true,
      "id": "new_topic_6d368a8663a546a5b09b1a2050bf6850",
      "displayName": "How do I view or follow a channel?",
      "description": "https://adoptbotv2kb.blob.core.windows.net/%24web/AdoptBot2021-English.docx",
      "createdTime": "2021-01-21T11:36:41.843367Z",
      "updatedTime": "2021-01-21T11:39:23.2341909Z",
      "createdUserId": "aaefd11d-4a6f-43de-b8d1-f4d839285950",
      "updatedUserId": "aaefd11d-4a6f-43de-b8d1-f4d839285950"
    }
  ],
  "dialogs": [
    {
      "rootNodeId": "1498ceca-f7ba-470e-b831-f4f7f1d16ca7",
      "messageNodes": [
        {
          "botMessageId": "cd3d324a-3cda-458a-b0c2-f12acc143cef",
          "nodeType": "BotMessageNode",
          "id": "1498ceca-f7ba-470e-b831-f4f7f1d16ca7",
          "defaultTargetNodeId": "f925a6c2-c520-4157-8701-699e1c46a6c7"
        }
      ],
      "dialogChangeNodes": [
        {
          "targetDialogId": "new_topic_a96de8db0acd41edb5a2e60fb0d93441_aeabea4d071f415c8c107e1cb7af5424_assumedsuccess",
          "nodeType": "DialogChangeNode",
          "id": "f925a6c2-c520-4157-8701-699e1c46a6c7"
        }
      ],
      "id": "new_topic_6d368a8663a546a5b09b1a2050bf6850",
      "displayName": "Dialog for How do I view or follow a channel?",
      "createdTime": "2021-01-21T11:36:41.843367Z",
      "updatedTime": "2021-01-21T11:36:41.843367Z",
      "createdUserId": "aaefd11d-4a6f-43de-b8d1-f4d839285950",
      "updatedUserId": "aaefd11d-4a6f-43de-b8d1-f4d839285950"
    }
  ],
  "botMessages": [
    {
      "channelContent": {
        "web": {
          "contentFormat": "Markdown",
          "content": "In a Channel, click More options &gt; Show."
        }
      },
      "id": "cd3d324a-3cda-458a-b0c2-f12acc143cef",
      "createdTime": "2021-01-21T11:36:41.843367Z",
      "updatedTime": "2021-01-21T11:36:41.843367Z",
      "createdUserId": "aaefd11d-4a6f-43de-b8d1-f4d839285950",
      "updatedUserId": "aaefd11d-4a6f-43de-b8d1-f4d839285950"
    }
  ],
  "createdUtc": "0001-01-01T00:00:00Z"
}