{
  "intents": [
    {
      "triggerQueries": [
        "Como posso melhorar as minhas reuniões de Teams?",
        "Existem aplicações para reuniões de Teams?",
        "Existem aplicações para reuniòes de Teams?",
        "Existem soluções para customizar as minha reuniÕes no Teams?",
        "Posso personalizar a experiência de reunião no Teams?"
      ],
      "dialogId": "new_topic_55ad51e2ae514657b53f4c99cfea9834",
      "isTriggeringEnabled": true,
      "id": "new_topic_55ad51e2ae514657b53f4c99cfea9834",
      "displayName": "Posso personalizar a experiência de reunião no Teams?",
      "createdTime": "2023-01-03T14:33:56.9239788Z",
      "updatedTime": "2023-01-03T14:33:56.9239788Z",
      "createdUserId": "1217587e-94d3-4d46-b9e3-9ad63e50a6a1",
      "updatedUserId": "1217587e-94d3-4d46-b9e3-9ad63e50a6a1"
    }
  ],
  "dialogs": [
    {
      "rootNodeId": "5fd4e626-74bd-46e3-82c9-f5ffa3b287f3",
      "messageNodes": [
        {
          "botMessageId": "c3e2d620-b123-44b7-a0ac-ce8f83baa930",
          "nodeType": "BotMessageNode",
          "id": "5fd4e626-74bd-46e3-82c9-f5ffa3b287f3",
          "defaultTargetNodeId": "7d95efff-89f0-4808-a00f-d56aad59138f"
        }
      ],
      "dialogChangeNodes": [
        {
          "targetDialogId": "new_topic_e347a2395e634a7880736d574ee58956_aeabea4d071f415c8c107e1cb7af5424_assumedsuccess",
          "nodeType": "DialogChangeNode",
          "id": "7d95efff-89f0-4808-a00f-d56aad59138f"
        }
      ],
      "id": "new_topic_55ad51e2ae514657b53f4c99cfea9834",
      "displayName": "Untitled",
      "createdTime": "2023-01-03T14:33:56.9239788Z",
      "updatedTime": "2023-01-03T14:33:56.9239788Z",
      "createdUserId": "1217587e-94d3-4d46-b9e3-9ad63e50a6a1",
      "updatedUserId": "1217587e-94d3-4d46-b9e3-9ad63e50a6a1"
    }
  ],
  "botMessages": [
    {
      "channelContent": {
        "web": {
          "contentFormat": "Markdown",
          "content": "Existem várias aplicações para reuniões de equipas disponíveis. Eles permitem-lhe personalizar a experiência de reunião para atender às suas necessidades. [Ver aplicações projetadas para melhorar](https://www.microsoft.com/en-us/microsoft-teams/meetings-apps) as reuniões no Teams.\n\nSe for um desenvolvedor, pode construir a sua própria app para reuniões [de Teams.](https://docs.microsoft.com/en-us/microsoftteams/platform/apps-in-teams-meetings/teams-apps-in-meetings)"
        }
      },
      "id": "c3e2d620-b123-44b7-a0ac-ce8f83baa930",
      "createdTime": "2023-01-03T14:30:28.472Z",
      "updatedTime": "2023-01-03T14:30:28.472Z"
    }
  ]
}