{
  "intents": [
    {
      "triggerQueries": [
        "How do I use breakout rooms?"
      ],
      "dialogId": "new_topic_067a96087e994be89ed6102384829e7c",
      "isTriggeringEnabled": true,
      "id": "new_topic_067a96087e994be89ed6102384829e7c",
      "displayName": "How do I use breakout rooms?",
      "description": "https://hickweb.blob.core.windows.net/$web/AdoptBot/AdoptBot2022-English.docx",
      "createdTime": "2022-03-02T14:57:19.3513008Z",
      "updatedTime": "2022-03-02T14:59:47.07013Z",
      "createdUserId": "3e27f02e-042d-4f0e-be03-083d03c89917",
      "updatedUserId": "3e27f02e-042d-4f0e-be03-083d03c89917"
    }
  ],
  "dialogs": [
    {
      "rootNodeId": "cad9da6d-28a3-4a5b-846c-d1b3c731477c",
      "messageNodes": [
        {
          "botMessageId": "da989f20-e587-4d65-a5ad-3574e661fa24",
          "nodeType": "BotMessageNode",
          "id": "cad9da6d-28a3-4a5b-846c-d1b3c731477c",
          "defaultTargetNodeId": "dd22fd25-3a44-4af1-9f88-b0ecbc95d1b5"
        }
      ],
      "dialogChangeNodes": [
        {
          "targetDialogId": "new_topic_f3954ff416624052b3434952b36c18d0_aeabea4d071f415c8c107e1cb7af5424_assumedsuccess",
          "nodeType": "DialogChangeNode",
          "id": "dd22fd25-3a44-4af1-9f88-b0ecbc95d1b5"
        }
      ],
      "id": "new_topic_067a96087e994be89ed6102384829e7c",
      "displayName": "How do I use breakout rooms?",
      "createdTime": "2022-03-02T14:57:08.4602637Z",
      "createdUserId": "3e27f02e-042d-4f0e-be03-083d03c89917"
    }
  ],
  "botMessages": [
    {
      "channelContent": {
        "web": {
          "contentFormat": "Markdown",
          "content": "Breakout rooms are helpful in many scenarios. [Check this always up-to-date guide for how to use breakout rooms in Teams](https://support.microsoft.com/en-us/office/use-breakout-rooms-in-teams-meetings-7de1f48a-da07-466c-a5ab-4ebace28e461) ."
        }
      },
      "id": "da989f20-e587-4d65-a5ad-3574e661fa24"
    }
  ]
}