{
  "intents": [
    {
      "triggerQueries": [
        "nova Team",
        "nova equipa",
        "como posso criar uma equipa?",
        "como criar uma nova equipa?",
        "criar nova equipa",
        "Como crio uma nova equipa?"
      ],
      "dialogId": "new_topic_bbcfa13d6a5d4ea4aa6b848ce15ab742",
      "isTriggeringEnabled": true,
      "id": "new_topic_bbcfa13d6a5d4ea4aa6b848ce15ab742",
      "displayName": "Como crio uma nova equipa?",
      "createdTime": "2022-12-30T12:32:13.7367651Z",
      "updatedTime": "2022-12-30T12:32:13.7367651Z",
      "createdUserId": "1217587e-94d3-4d46-b9e3-9ad63e50a6a1",
      "updatedUserId": "1217587e-94d3-4d46-b9e3-9ad63e50a6a1"
    }
  ],
  "dialogs": [
    {
      "rootNodeId": "474b612f-c8fb-4c88-bbb8-a5310d535b79",
      "messageNodes": [
        {
          "botMessageId": "e69f62cc-4ff8-4fb4-a53c-c1a26c85c628",
          "nodeType": "BotMessageNode",
          "id": "474b612f-c8fb-4c88-bbb8-a5310d535b79",
          "defaultTargetNodeId": "d62b9438-3507-4e24-b3da-7085345e748d"
        }
      ],
      "dialogChangeNodes": [
        {
          "targetDialogId": "new_topic_e347a2395e634a7880736d574ee58956_aeabea4d071f415c8c107e1cb7af5424_assumedsuccess",
          "nodeType": "DialogChangeNode",
          "id": "d62b9438-3507-4e24-b3da-7085345e748d"
        }
      ],
      "id": "new_topic_bbcfa13d6a5d4ea4aa6b848ce15ab742",
      "displayName": "Untitled",
      "createdTime": "2022-12-30T12:32:13.7367651Z",
      "updatedTime": "2022-12-30T12:32:13.7367651Z",
      "createdUserId": "1217587e-94d3-4d46-b9e3-9ad63e50a6a1",
      "updatedUserId": "1217587e-94d3-4d46-b9e3-9ad63e50a6a1"
    }
  ],
  "botMessages": [
    {
      "channelContent": {
        "web": {
          "contentFormat": "Markdown",
          "content": "Pode encontrar o botão para criar uma nova equipa na parte inferior da sua lista de equipas.\n\nA partir do momento em que a sua equipa esteja criada, pode convidar pessoas ou até grupos de contacto inteiros (também conhecidos como \"listas de distribuição\") para se juntarem à sua equipa.\n\nAgora que tem uma nova equipa, pode [adicionar um novo canal](https://support.microsoft.com/en-us/office/create-a-channel-in-teams-fda0b75e-5b90-4fb8-8857-7e102b014525) (só se servir um propósito). Ou talvez [convidar convidados](https://support.microsoft.com/en-us/office/add-guests-to-a-team-in-teams-fccb4fa6-f864-4508-bdde-256e7384a14f) de fora da sua organização para ajudar com um projeto.\n\n_Nota: A sua organização pode ter ajustado algumas opções. Em caso de dificuldade, por favor entre em contacto com o departamento de IT._"
        }
      },
      "id": "e69f62cc-4ff8-4fb4-a53c-c1a26c85c628",
      "createdTime": "2022-12-30T12:16:04.086Z",
      "updatedTime": "2022-12-30T12:16:04.086Z"
    }
  ]
}