{
  "intents": [
    {
      "intentType": "Regular",
      "triggerQueries": [
        "How do I remove someone from a group chat?"
      ],
      "dialogId": "new_topic_8f436e8b90e74d18bb649c208c50abee",
      "isTriggeringEnabled": true,
      "id": "new_topic_8f436e8b90e74d18bb649c208c50abee",
      "displayName": "How do I remove someone from a group chat?",
      "description": "https://adoptbotv2kb.blob.core.windows.net/%24web/AdoptBot2021-English.docx",
      "createdTime": "2021-01-21T11:36:41.8423699Z",
      "updatedTime": "2021-01-21T11:43:51.920904Z",
      "createdUserId": "aaefd11d-4a6f-43de-b8d1-f4d839285950",
      "updatedUserId": "aaefd11d-4a6f-43de-b8d1-f4d839285950"
    }
  ],
  "dialogs": [
    {
      "rootNodeId": "d858623b-cd0f-48f5-9a46-07c96d0d5628",
      "messageNodes": [
        {
          "botMessageId": "8625c11e-168c-4bde-a2d1-13d9216a502b",
          "nodeType": "BotMessageNode",
          "id": "d858623b-cd0f-48f5-9a46-07c96d0d5628",
          "defaultTargetNodeId": "13191827-82c8-480c-8608-65b30899f895"
        }
      ],
      "dialogChangeNodes": [
        {
          "targetDialogId": "new_topic_a96de8db0acd41edb5a2e60fb0d93441_aeabea4d071f415c8c107e1cb7af5424_assumedsuccess",
          "nodeType": "DialogChangeNode",
          "id": "13191827-82c8-480c-8608-65b30899f895"
        }
      ],
      "id": "new_topic_8f436e8b90e74d18bb649c208c50abee",
      "displayName": "Dialog for How do I remove someone from a group chat?",
      "createdTime": "2021-01-21T11:36:41.8423699Z",
      "updatedTime": "2021-01-21T11:36:41.8423699Z",
      "createdUserId": "aaefd11d-4a6f-43de-b8d1-f4d839285950",
      "updatedUserId": "aaefd11d-4a6f-43de-b8d1-f4d839285950"
    }
  ],
  "botMessages": [
    {
      "channelContent": {
        "web": {
          "contentFormat": "Markdown",
          "content": "You can [leave a group chat yourself or remove others from it.](https://support.microsoft.com/en-us/office/l%c3%a4mna-eller-ta-bort-n%c3%a5gon-fr%c3%a5n-en-gruppchatt-7db55a67-0ba4-4409-a399-5ed502a1d094?ui=en-us&rs=en-us&ad=se)\r\n\r\n1. Open a group chat with three or more people.\r\n2. Click the number of members, and then hover  over the person you want to remove.\r\n3. Select X  and confirm that you want to remove the participant from the chat."
        }
      },
      "id": "8625c11e-168c-4bde-a2d1-13d9216a502b",
      "createdTime": "2021-01-21T11:36:41.8423699Z",
      "updatedTime": "2021-01-21T11:36:41.8423699Z",
      "createdUserId": "aaefd11d-4a6f-43de-b8d1-f4d839285950",
      "updatedUserId": "aaefd11d-4a6f-43de-b8d1-f4d839285950"
    }
  ]
}