{
  "intents": [
    {
      "triggerQueries": [
        "Posso ter várias salas simultâneas na mesma reunião?",
        "Como criar salas simultâneas no Teams?",
        "Como usar Breakout Rooms nas reuniões de Teams?",
        "Como posso utilizar as Breakout Rooms?",
        "Como utilizo as Breakout Rooms?"
      ],
      "dialogId": "new_topic_0a255af29b1c4551a674611bf34962a6",
      "isTriggeringEnabled": true,
      "id": "new_topic_0a255af29b1c4551a674611bf34962a6",
      "displayName": "Como utilizo as Breakout Rooms?",
      "createdTime": "2023-01-03T14:25:37.8481331Z",
      "updatedTime": "2023-01-03T14:25:37.8481331Z",
      "createdUserId": "1217587e-94d3-4d46-b9e3-9ad63e50a6a1",
      "updatedUserId": "1217587e-94d3-4d46-b9e3-9ad63e50a6a1"
    }
  ],
  "dialogs": [
    {
      "rootNodeId": "651323c7-c805-435d-8672-853cde83e01e",
      "messageNodes": [
        {
          "botMessageId": "c6d58ece-528a-4f07-a443-351973862fdb",
          "nodeType": "BotMessageNode",
          "id": "651323c7-c805-435d-8672-853cde83e01e",
          "defaultTargetNodeId": "0ebb5a0b-f924-4fe5-b1fa-90766bbc3797"
        }
      ],
      "dialogChangeNodes": [
        {
          "targetDialogId": "new_topic_e347a2395e634a7880736d574ee58956_aeabea4d071f415c8c107e1cb7af5424_assumedsuccess",
          "nodeType": "DialogChangeNode",
          "id": "0ebb5a0b-f924-4fe5-b1fa-90766bbc3797"
        }
      ],
      "id": "new_topic_0a255af29b1c4551a674611bf34962a6",
      "displayName": "Untitled",
      "createdTime": "2023-01-03T14:25:37.8481331Z",
      "updatedTime": "2023-01-03T14:25:37.8481331Z",
      "createdUserId": "1217587e-94d3-4d46-b9e3-9ad63e50a6a1",
      "updatedUserId": "1217587e-94d3-4d46-b9e3-9ad63e50a6a1"
    }
  ],
  "botMessages": [
    {
      "channelContent": {
        "web": {
          "contentFormat": "Markdown",
          "content": "Breakout Rooms são úteis em muitos cenários. [Verifique o](https://support.microsoft.com/en-us/office/use-breakout-rooms-in-teams-meetings-7de1f48a-da07-466c-a5ab-4ebace28e461) [seu guia sempre atualizado sobre como utilizar](https://support.microsoft.com/en-us/office/use-breakout-rooms-in-teams-meetings-7de1f48a-da07-466c-a5ab-4ebace28e461) Breakout Rooms no Teams."
        }
      },
      "id": "c6d58ece-528a-4f07-a443-351973862fdb",
      "createdTime": "2023-01-03T14:23:55.169Z",
      "updatedTime": "2023-01-03T14:23:55.169Z"
    }
  ]
}