{
  "intents": [
    {
      "triggerQueries": [
        "Where can I change my Team settings?"
      ],
      "dialogId": "new_topic_53ecd76f546248ef8dc479ee0a53ecbe",
      "isTriggeringEnabled": true,
      "id": "new_topic_53ecd76f546248ef8dc479ee0a53ecbe",
      "displayName": "Where can I change my Team settings?",
      "description": "https://adoptbotv2kb.blob.core.windows.net/%24web/AdoptBot2021-English.docx",
      "createdTime": "2021-01-21T11:36:41.843367Z",
      "updatedTime": "2021-01-21T11:41:26.2846627Z",
      "createdUserId": "aaefd11d-4a6f-43de-b8d1-f4d839285950",
      "updatedUserId": "aaefd11d-4a6f-43de-b8d1-f4d839285950"
    }
  ],
  "dialogs": [
    {
      "rootNodeId": "19cf4028-aa44-4543-9d02-b7445e2e54cc",
      "messageNodes": [
        {
          "botMessageId": "db7cd9f4-6692-4f49-8d35-9a302550dabb",
          "nodeType": "BotMessageNode",
          "id": "19cf4028-aa44-4543-9d02-b7445e2e54cc",
          "defaultTargetNodeId": "649e5be8-7f8c-422c-9e14-1408db3c22fc"
        }
      ],
      "dialogChangeNodes": [
        {
          "targetDialogId": "new_topic_a96de8db0acd41edb5a2e60fb0d93441_aeabea4d071f415c8c107e1cb7af5424_assumedsuccess",
          "nodeType": "DialogChangeNode",
          "id": "649e5be8-7f8c-422c-9e14-1408db3c22fc"
        }
      ],
      "id": "new_topic_53ecd76f546248ef8dc479ee0a53ecbe",
      "displayName": "Dialog for Where can I change my Team settings?",
      "createdTime": "2021-01-21T11:36:41.843367Z",
      "updatedTime": "2021-01-21T11:36:41.843367Z",
      "createdUserId": "aaefd11d-4a6f-43de-b8d1-f4d839285950",
      "updatedUserId": "aaefd11d-4a6f-43de-b8d1-f4d839285950"
    }
  ],
  "botMessages": [
    {
      "channelContent": {
        "web": {
          "contentFormat": "Markdown",
          "content": "Go to the team name and click More options &gt; Manage Team . From there you can access your  team’s Settings, which lets you:\r\n\r\n- Change the team image.\r\n- Set member permissions.\r\n- Enable @team mentions in a channel.\r\n- Allows team members to send Gifs, emojis  and stickers.\r\n- And more"
        }
      },
      "id": "db7cd9f4-6692-4f49-8d35-9a302550dabb",
      "createdTime": "2021-01-21T11:36:41.843367Z",
      "updatedTime": "2021-01-21T11:36:41.843367Z",
      "createdUserId": "aaefd11d-4a6f-43de-b8d1-f4d839285950",
      "updatedUserId": "aaefd11d-4a6f-43de-b8d1-f4d839285950"
    }
  ],
  "createdUtc": "0001-01-01T00:00:00Z"
}