{
  "intents": [
    {
      "triggerQueries": [
        "What are the benefits of phone conferences (audio conferencing)?"
      ],
      "dialogId": "new_topic_63998c0d19ab4e73816312237f2e667c",
      "isTriggeringEnabled": true,
      "id": "new_topic_63998c0d19ab4e73816312237f2e667c",
      "displayName": "What are the benefits of phone conferences (audio conferencing)?",
      "description": "https://hickweb.blob.core.windows.net/$web/AdoptBot/AdoptBot2022-English.docx",
      "createdTime": "2022-03-02T14:57:19.3356723Z",
      "updatedTime": "2022-03-02T15:01:23.9486036Z",
      "createdUserId": "3e27f02e-042d-4f0e-be03-083d03c89917",
      "updatedUserId": "3e27f02e-042d-4f0e-be03-083d03c89917"
    }
  ],
  "dialogs": [
    {
      "rootNodeId": "eec0b6c4-5ccd-4ec9-9579-890a81833746",
      "messageNodes": [
        {
          "botMessageId": "76da2f4a-6cfd-4979-b337-2ebb85747fa5",
          "nodeType": "BotMessageNode",
          "id": "eec0b6c4-5ccd-4ec9-9579-890a81833746",
          "defaultTargetNodeId": "79b2ce4d-37dc-43e2-b78f-6a7129728608"
        }
      ],
      "dialogChangeNodes": [
        {
          "targetDialogId": "new_topic_f3954ff416624052b3434952b36c18d0_aeabea4d071f415c8c107e1cb7af5424_assumedsuccess",
          "nodeType": "DialogChangeNode",
          "id": "79b2ce4d-37dc-43e2-b78f-6a7129728608"
        }
      ],
      "id": "new_topic_63998c0d19ab4e73816312237f2e667c",
      "displayName": "What are the benefits of phone conferences (audio conferencing)?",
      "createdTime": "2022-03-02T14:57:08.4602637Z",
      "createdUserId": "3e27f02e-042d-4f0e-be03-083d03c89917"
    }
  ],
  "botMessages": [
    {
      "channelContent": {
        "web": {
          "contentFormat": "Markdown",
          "content": "Calling in to meetings is very useful when people are on the road, for example, and cannot attend a meeting using the Microsoft Teams app on their laptop or mobile devices.\r\n\r\nBut there are other scenarios in which using a phone to attend a Microsoft Teams meeting can be a better option than using an app on a computer: Internet connectivity is limited, a meeting is audio only, the call quality is better if they dial in, and people can join a meeting hands free using Bluetooth devices.\r\n\r\nSome people may find it is easier and more convenient for their situation."
        }
      },
      "id": "76da2f4a-6cfd-4979-b337-2ebb85747fa5"
    }
  ]
}