{
  "intents": [
    {
      "triggerQueries": [
        "Can a user receive operator assistance during a meeting?"
      ],
      "dialogId": "new_topic_0289135cb3494833991d70e9ce43a66d",
      "isTriggeringEnabled": true,
      "id": "new_topic_0289135cb3494833991d70e9ce43a66d",
      "displayName": "Can a user receive operator assistance during a meeting?",
      "description": "https://adoptbotv2kb.blob.core.windows.net/%24web/AdoptBot2021-English.docx",
      "createdTime": "2021-01-21T11:36:41.843367Z",
      "updatedTime": "2021-01-21T11:39:48.8014449Z",
      "createdUserId": "aaefd11d-4a6f-43de-b8d1-f4d839285950",
      "updatedUserId": "aaefd11d-4a6f-43de-b8d1-f4d839285950"
    }
  ],
  "dialogs": [
    {
      "rootNodeId": "65630336-3f46-496a-8aed-49bf6cf93082",
      "messageNodes": [
        {
          "botMessageId": "5654ccb4-2fb3-40ed-bc63-84948522cb1e",
          "nodeType": "BotMessageNode",
          "id": "65630336-3f46-496a-8aed-49bf6cf93082",
          "defaultTargetNodeId": "723e155a-0f7e-441b-b952-665ee9f55c00"
        }
      ],
      "dialogChangeNodes": [
        {
          "targetDialogId": "new_topic_a96de8db0acd41edb5a2e60fb0d93441_aeabea4d071f415c8c107e1cb7af5424_assumedsuccess",
          "nodeType": "DialogChangeNode",
          "id": "723e155a-0f7e-441b-b952-665ee9f55c00"
        }
      ],
      "id": "new_topic_0289135cb3494833991d70e9ce43a66d",
      "displayName": "Dialog for Can a user receive operator assistance during a meeting?",
      "createdTime": "2021-01-21T11:36:41.843367Z",
      "updatedTime": "2021-01-21T11:36:41.843367Z",
      "createdUserId": "aaefd11d-4a6f-43de-b8d1-f4d839285950",
      "updatedUserId": "aaefd11d-4a6f-43de-b8d1-f4d839285950"
    }
  ],
  "botMessages": [
    {
      "channelContent": {
        "web": {
          "contentFormat": "Markdown",
          "content": "A user cannot get operator help or support by pressing \\*0 during the meeting. If there are audio conferencing issues, an organization administrator can contact [Microsoft Support for Office 365](https://docs.microsoft.com/en-us/microsoft-365/admin/contact-support-for-business-products?redirectSourcePath=%252farticle%252fMicrosoft-support-for-Office-365-32a17ca7-6fa0-4870-8a8d-e25ba4ccfd4b&view=o365-worldwide)"
        }
      },
      "id": "5654ccb4-2fb3-40ed-bc63-84948522cb1e",
      "createdTime": "2021-01-21T11:36:41.843367Z",
      "updatedTime": "2021-01-21T11:36:41.843367Z",
      "createdUserId": "aaefd11d-4a6f-43de-b8d1-f4d839285950",
      "updatedUserId": "aaefd11d-4a6f-43de-b8d1-f4d839285950"
    }
  ],
  "createdUtc": "0001-01-01T00:00:00Z"
}