{
  "intents": [
    {
      "triggerQueries": [
        "How do I add guests to a team?"
      ],
      "dialogId": "new_topic_108a93ac2db847218f54349dd1ad69a2",
      "isTriggeringEnabled": true,
      "id": "new_topic_108a93ac2db847218f54349dd1ad69a2",
      "displayName": "How do I add guests to a team?",
      "description": "https://hickweb.blob.core.windows.net/$web/AdoptBot/AdoptBot2022-English.docx",
      "createdTime": "2022-03-02T14:57:19.3356723Z",
      "updatedTime": "2022-03-02T15:00:16.1863018Z",
      "createdUserId": "3e27f02e-042d-4f0e-be03-083d03c89917",
      "updatedUserId": "3e27f02e-042d-4f0e-be03-083d03c89917"
    }
  ],
  "dialogs": [
    {
      "rootNodeId": "592287ab-486d-4709-98d1-8eaf368c3668",
      "messageNodes": [
        {
          "botMessageId": "46d386c0-296c-4d9c-8d17-f005d9c89442",
          "nodeType": "BotMessageNode",
          "id": "592287ab-486d-4709-98d1-8eaf368c3668",
          "defaultTargetNodeId": "105942ee-c381-4ba1-8c2d-1abf5bd858a8"
        }
      ],
      "dialogChangeNodes": [
        {
          "targetDialogId": "new_topic_f3954ff416624052b3434952b36c18d0_aeabea4d071f415c8c107e1cb7af5424_assumedsuccess",
          "nodeType": "DialogChangeNode",
          "id": "105942ee-c381-4ba1-8c2d-1abf5bd858a8"
        }
      ],
      "id": "new_topic_108a93ac2db847218f54349dd1ad69a2",
      "displayName": "How do I add guests to a team?",
      "createdTime": "2022-03-02T14:57:08.4602637Z",
      "createdUserId": "3e27f02e-042d-4f0e-be03-083d03c89917"
    }
  ],
  "botMessages": [
    {
      "channelContent": {
        "web": {
          "contentFormat": "Markdown",
          "content": "If you're a team owner, you can invite guests outside your organization to your team.\r\n\r\nGo to the team name, click More options,  and then click AddMembers.\r\n\r\nE nter the guest's email address.\r\n\r\nPlease note:\r\n\r\n- Guests only need a valid email address.\r\n- If  you get a permission error, your organization does not allow guests. Contact your IT administrator for more info.\r\n\r\n\r\nNow that you have guests on your team, you might be curious to know [what your guest can do](https://support.microsoft.com/en-us/office/team-owner-member-and-guest-capabilities-in-teams-d03fdf5b-1a6e-48e4-8e07-b13e1350ec7b) while they're here or what [settings you can change for your guests](https://support.microsoft.com/en-us/office/set-guest-permissions-for-channels-in-teams-4756c468-2746-4bfd-a582-736d55fcc169) ."
        }
      },
      "id": "46d386c0-296c-4d9c-8d17-f005d9c89442"
    }
  ]
}