{
  "intents": [
    {
      "triggerQueries": [
        "How do I edit a file in Teams?"
      ],
      "dialogId": "new_topic_b73ca9d5027f44b2b3d05bb16039dda6",
      "isTriggeringEnabled": true,
      "id": "new_topic_b73ca9d5027f44b2b3d05bb16039dda6",
      "displayName": "How do I edit a file in Teams?",
      "description": "https://hickweb.blob.core.windows.net/$web/AdoptBot/AdoptBot2022-English.docx",
      "createdTime": "2022-03-02T14:57:19.3356723Z",
      "updatedTime": "2022-03-02T15:00:29.0457879Z",
      "createdUserId": "3e27f02e-042d-4f0e-be03-083d03c89917",
      "updatedUserId": "3e27f02e-042d-4f0e-be03-083d03c89917"
    }
  ],
  "dialogs": [
    {
      "rootNodeId": "c3dd11c6-2d95-4b3d-ba78-57d73917afe9",
      "messageNodes": [
        {
          "botMessageId": "46aecbe1-f0b4-4016-8403-a63339f52ff0",
          "nodeType": "BotMessageNode",
          "id": "c3dd11c6-2d95-4b3d-ba78-57d73917afe9",
          "defaultTargetNodeId": "b2fac0d2-bffb-45a2-88a7-b6f28a22db10"
        }
      ],
      "dialogChangeNodes": [
        {
          "targetDialogId": "new_topic_f3954ff416624052b3434952b36c18d0_aeabea4d071f415c8c107e1cb7af5424_assumedsuccess",
          "nodeType": "DialogChangeNode",
          "id": "b2fac0d2-bffb-45a2-88a7-b6f28a22db10"
        }
      ],
      "id": "new_topic_b73ca9d5027f44b2b3d05bb16039dda6",
      "displayName": "How do I edit a file in Teams?",
      "createdTime": "2022-03-02T14:57:08.4602637Z",
      "createdUserId": "3e27f02e-042d-4f0e-be03-083d03c89917"
    }
  ],
  "botMessages": [
    {
      "channelContent": {
        "web": {
          "contentFormat": "Markdown",
          "content": "If you have Office documents in the Files of a general channel in Teams, you can click on the ellipses to expand a menu of action options for that file.\r\n\r\nWhen you select Edit in Teams you will have the ability to make changes to your document and save it."
        }
      },
      "id": "46aecbe1-f0b4-4016-8403-a63339f52ff0"
    }
  ]
}