{
  "intents": [
    {
      "triggerQueries": [
        "How do I add a member to a team?"
      ],
      "dialogId": "new_topic_63f026df93774bba8600d09137a4d01d",
      "isTriggeringEnabled": true,
      "id": "new_topic_63f026df93774bba8600d09137a4d01d",
      "displayName": "How do I add a member to a team?",
      "description": "https://hickweb.blob.core.windows.net/$web/AdoptBot/AdoptBot2022-English.docx",
      "createdTime": "2022-03-02T14:57:19.3356723Z",
      "updatedTime": "2022-03-02T14:59:58.6437147Z",
      "createdUserId": "3e27f02e-042d-4f0e-be03-083d03c89917",
      "updatedUserId": "3e27f02e-042d-4f0e-be03-083d03c89917"
    }
  ],
  "dialogs": [
    {
      "rootNodeId": "770b08a1-811c-4977-b6bb-26c62d0f5c12",
      "messageNodes": [
        {
          "botMessageId": "37219be1-c480-4b12-8b68-15008d10a355",
          "nodeType": "BotMessageNode",
          "id": "770b08a1-811c-4977-b6bb-26c62d0f5c12",
          "defaultTargetNodeId": "5306f3fa-7b3b-4c40-adc7-693f5455dab0"
        }
      ],
      "dialogChangeNodes": [
        {
          "targetDialogId": "new_topic_f3954ff416624052b3434952b36c18d0_aeabea4d071f415c8c107e1cb7af5424_assumedsuccess",
          "nodeType": "DialogChangeNode",
          "id": "5306f3fa-7b3b-4c40-adc7-693f5455dab0"
        }
      ],
      "id": "new_topic_63f026df93774bba8600d09137a4d01d",
      "displayName": "How do I add a member to a team?",
      "createdTime": "2022-03-02T14:57:08.5383724Z",
      "createdUserId": "3e27f02e-042d-4f0e-be03-083d03c89917"
    }
  ],
  "botMessages": [
    {
      "channelContent": {
        "web": {
          "contentFormat": "Markdown",
          "content": "If you're a team owner, go to the team name and click More Options, and then click AddMembers . This is also where you can  [invite guests](https://support.microsoft.com/en-us/office/add-guests-to-a-team-in-teams-fccb4fa6-f864-4508-bdde-256e7384a14f) outside your organization to join your team. To add multiple people, type the name of a contact group (alsoknown\r\n\r\nas  “distribution list\"), security group, or Microsoft 365 group."
        }
      },
      "id": "37219be1-c480-4b12-8b68-15008d10a355"
    }
  ]
}