{
  "intents": [
    {
      "triggerQueries": [
        "Existem requisitos de sistema para os eventos ao vivo?",
        "Existem requisitos de sistema para os live events?",
        "O que o meu computador precisa para realizar um live event?",
        "Quais são os requisitos do sistema dos live events?",
        "O que o meu computador precisa para realizar um evento ao vivo?",
        "Quais são os requisitos do sistema de eventos ao vivo?"
      ],
      "dialogId": "new_topic_da92f9d8830549058e6b1445fa5e0972",
      "isTriggeringEnabled": true,
      "id": "new_topic_da92f9d8830549058e6b1445fa5e0972",
      "displayName": "Quais são os requisitos do sistema de eventos ao vivo?",
      "createdTime": "2023-01-03T12:28:06.1985503Z",
      "updatedTime": "2023-01-03T12:28:06.1985503Z",
      "createdUserId": "1217587e-94d3-4d46-b9e3-9ad63e50a6a1",
      "updatedUserId": "1217587e-94d3-4d46-b9e3-9ad63e50a6a1"
    }
  ],
  "dialogs": [
    {
      "rootNodeId": "eca859ff-60f7-4b09-af76-bda22940c09c",
      "messageNodes": [
        {
          "botMessageId": "9845275c-6456-4d64-aea3-e71d5bee06d1",
          "nodeType": "BotMessageNode",
          "id": "eca859ff-60f7-4b09-af76-bda22940c09c",
          "defaultTargetNodeId": "357f16a4-970f-400f-8b63-85f54c02dfea"
        }
      ],
      "dialogChangeNodes": [
        {
          "targetDialogId": "new_topic_e347a2395e634a7880736d574ee58956_aeabea4d071f415c8c107e1cb7af5424_assumedsuccess",
          "nodeType": "DialogChangeNode",
          "id": "357f16a4-970f-400f-8b63-85f54c02dfea"
        }
      ],
      "id": "new_topic_da92f9d8830549058e6b1445fa5e0972",
      "displayName": "Untitled",
      "createdTime": "2023-01-03T12:28:06.1985503Z",
      "updatedTime": "2023-01-03T12:28:06.1985503Z",
      "createdUserId": "1217587e-94d3-4d46-b9e3-9ad63e50a6a1",
      "updatedUserId": "1217587e-94d3-4d46-b9e3-9ad63e50a6a1"
    }
  ],
  "botMessages": [
    {
      "channelContent": {
        "web": {
          "contentFormat": "Markdown",
          "content": "**Sistemas operativos suportados:** Windows 7 e posteriormente (32 bits e 64 bits), macOS 10.10 e posterior.\n\n**Sistemas operativos móveis suportados:**  Android 4.4 e posterior, iOS 10 e mais tarde\n\n**Browsers suportados:** Microsoft Edge RS2 e mais tarde, Chrome (versões mais recentes), Firefox (versões mais recentes),Internet Explorer 11, Safari."
        }
      },
      "id": "9845275c-6456-4d64-aea3-e71d5bee06d1",
      "createdTime": "2023-01-03T12:26:50.346Z",
      "updatedTime": "2023-01-03T12:26:50.346Z"
    }
  ]
}