{
  "intents": [
    {
      "triggerQueries": [
        "Delete a sent message?"
      ],
      "dialogId": "new_topic_49ae424e5ba24a9192b41ef57d041ec2",
      "isTriggeringEnabled": true,
      "id": "new_topic_49ae424e5ba24a9192b41ef57d041ec2",
      "displayName": "Delete a sent message?",
      "description": "https://hickweb.blob.core.windows.net/$web/AdoptBot/AdoptBot2022-English.docx",
      "createdTime": "2022-03-02T14:57:19.3356723Z",
      "updatedTime": "2022-03-02T15:00:44.0825243Z",
      "createdUserId": "3e27f02e-042d-4f0e-be03-083d03c89917",
      "updatedUserId": "3e27f02e-042d-4f0e-be03-083d03c89917"
    }
  ],
  "dialogs": [
    {
      "rootNodeId": "c8ad1119-95a1-4637-a0f8-54fe25feb857",
      "messageNodes": [
        {
          "botMessageId": "1ee492aa-93cc-4449-b5f7-03deaa9b2099",
          "nodeType": "BotMessageNode",
          "id": "c8ad1119-95a1-4637-a0f8-54fe25feb857",
          "defaultTargetNodeId": "2ce9629a-3f48-4f54-9769-e31b496fd0db"
        }
      ],
      "dialogChangeNodes": [
        {
          "targetDialogId": "new_topic_f3954ff416624052b3434952b36c18d0_aeabea4d071f415c8c107e1cb7af5424_assumedsuccess",
          "nodeType": "DialogChangeNode",
          "id": "2ce9629a-3f48-4f54-9769-e31b496fd0db"
        }
      ],
      "id": "new_topic_49ae424e5ba24a9192b41ef57d041ec2",
      "displayName": "Delete a sent message?",
      "createdTime": "2022-03-02T14:57:08.4602637Z",
      "createdUserId": "3e27f02e-042d-4f0e-be03-083d03c89917"
    }
  ],
  "botMessages": [
    {
      "channelContent": {
        "web": {
          "contentFormat": "Markdown",
          "content": "If you need to [undo and delete something you just sent](https://support.microsoft.com/en-us/office/redigera-eller-ta-bort-ett-skickat-meddelande-i-teams-5f1fe604-a900-4a07-b8b7-8cf70ed6b263?ui=sv-SE&rs=sv-SE&ad=SE) ,go to the message and select More options on the three dots \"...\"&gt; Delete(the trashcan).\r\n\r\nIf you haven't sent the message yet, select Format (A with pen) to expand the box. Then select Delete (the trashcan)."
        }
      },
      "id": "1ee492aa-93cc-4449-b5f7-03deaa9b2099"
    }
  ]
}