{
  "intents": [
    {
      "triggerQueries": [
        "Where can I find digital training on Teams?"
      ],
      "dialogId": "new_topic_42bc2f1ede44447692444cc2e0a1bbec",
      "isTriggeringEnabled": true,
      "id": "new_topic_42bc2f1ede44447692444cc2e0a1bbec",
      "displayName": "Where can I find digital training on Teams?",
      "description": "https://hickweb.blob.core.windows.net/$web/AdoptBot/AdoptBot2022-English.docx",
      "createdTime": "2022-03-02T14:57:19.3513008Z",
      "updatedTime": "2022-03-02T14:59:17.677352Z",
      "createdUserId": "3e27f02e-042d-4f0e-be03-083d03c89917",
      "updatedUserId": "3e27f02e-042d-4f0e-be03-083d03c89917"
    }
  ],
  "dialogs": [
    {
      "rootNodeId": "a77dcc54-a90d-478e-80f2-8c38fba0c668",
      "messageNodes": [
        {
          "botMessageId": "f2f3ca4c-ca25-4229-976a-2a5a868201f5",
          "nodeType": "BotMessageNode",
          "id": "a77dcc54-a90d-478e-80f2-8c38fba0c668",
          "defaultTargetNodeId": "9c5b7303-5870-485a-89c3-c8e04759c33b"
        }
      ],
      "dialogChangeNodes": [
        {
          "targetDialogId": "new_topic_f3954ff416624052b3434952b36c18d0_aeabea4d071f415c8c107e1cb7af5424_assumedsuccess",
          "nodeType": "DialogChangeNode",
          "id": "9c5b7303-5870-485a-89c3-c8e04759c33b"
        }
      ],
      "id": "new_topic_42bc2f1ede44447692444cc2e0a1bbec",
      "displayName": "Where can I find digital training on Teams?",
      "createdTime": "2022-03-02T14:57:08.4602637Z",
      "createdUserId": "3e27f02e-042d-4f0e-be03-083d03c89917"
    }
  ],
  "botMessages": [
    {
      "channelContent": {
        "web": {
          "contentFormat": "Markdown",
          "content": "Here you can take advantage of:\r\n\r\n[Video Training for Microsoft Teams](https://support.microsoft.com/en-us/office/microsoft-teams-video-training-4f108e54-240b-4351-8084-b1089f0d21d7?ui=en-US&rs=en-US&ad=US)"
        }
      },
      "id": "f2f3ca4c-ca25-4229-976a-2a5a868201f5"
    }
  ]
}