{
  "intents": [
    {
      "triggerQueries": [
        "Como criar equipas?",
        "Como faço para criar uma equipa?",
        "Qual o processo de criação de uma equipa?"
      ],
      "dialogId": "new_topic_7afbb024f7b140e6b7ad1d39ee46c5b9",
      "isTriggeringEnabled": true,
      "id": "new_topic_7afbb024f7b140e6b7ad1d39ee46c5b9",
      "displayName": "Qual o processo de criação de uma equipa?",
      "createdTime": "2022-12-30T16:34:46.2825429Z",
      "updatedTime": "2022-12-30T16:34:46.2825429Z",
      "createdUserId": "1217587e-94d3-4d46-b9e3-9ad63e50a6a1",
      "updatedUserId": "1217587e-94d3-4d46-b9e3-9ad63e50a6a1"
    }
  ],
  "dialogs": [
    {
      "rootNodeId": "d0643745-fe9e-4c86-b5f3-8b752f1153dc",
      "messageNodes": [
        {
          "botMessageId": "38eee26b-d410-4e3d-bbbb-87008847b31d",
          "nodeType": "BotMessageNode",
          "id": "d0643745-fe9e-4c86-b5f3-8b752f1153dc",
          "defaultTargetNodeId": "2b4f6676-cbb3-40ac-8c0d-4bc025a8536f"
        }
      ],
      "dialogChangeNodes": [
        {
          "targetDialogId": "new_topic_e347a2395e634a7880736d574ee58956_aeabea4d071f415c8c107e1cb7af5424_assumedsuccess",
          "nodeType": "DialogChangeNode",
          "id": "2b4f6676-cbb3-40ac-8c0d-4bc025a8536f"
        }
      ],
      "id": "new_topic_7afbb024f7b140e6b7ad1d39ee46c5b9",
      "displayName": "Untitled",
      "createdTime": "2022-12-30T16:34:46.2825429Z",
      "updatedTime": "2022-12-30T16:34:46.2825429Z",
      "createdUserId": "1217587e-94d3-4d46-b9e3-9ad63e50a6a1",
      "updatedUserId": "1217587e-94d3-4d46-b9e3-9ad63e50a6a1"
    }
  ],
  "botMessages": [
    {
      "channelContent": {
        "web": {
          "contentFormat": "Markdown",
          "content": "Existem duas opções: [Criar uma equipa de raiz](https://support.microsoft.com/en-us/office/skapa-ett-team-fr%C3%A5n-grunden-174adf5f-846b-4780-b765-de1a0a737e2b) ou de um modelo/equipa existente.\n\nPara criar uma equipa:\n\nNa barra lateral das Equipas, clique em Equipa (na parte inferior da lista), clique em \"Juntar ou criar uma equipa\" e, em seguida, clique em Criar uma nova equipa.\n\n**Do zero:**\n\nPode criar uma nova equipa com as seguintes definições:\n\n\\-Privado: Proprietários precisam convidar colegas para se juntarem à equipa\n\n\\-Público: Todos os colegas têm a opção de aderir\n\nApenas para administradores: Equipa org-wide: Todos os colegas são automaticamente adicionados à equipa.\n\n**De um grupo ou equipa:**\n\nPode reutilizar a estrutura e as configurações existentes para uma nova equipa. Escolha uma equipa existente ou um grupo Microsoft 365. Ajuste o que deseja replicar.\n\nDepois de criar a sua equipa, pode convidar as pessoas. Pode adicionar utilizadores individuais, grupos e até grupos de contacto inteiros (listas de distribuição).\n\nDica: Não se esqueça que deve ser pelo menos dois proprietários de equipas  em cada equipa."
        }
      },
      "id": "38eee26b-d410-4e3d-bbbb-87008847b31d",
      "createdTime": "2022-12-30T16:34:14.279Z",
      "updatedTime": "2022-12-30T16:34:14.279Z"
    }
  ]
}