{
  "intents": [
    {
      "triggerQueries": [
        "How do I open a file in SharePoint from Teams?"
      ],
      "dialogId": "new_topic_bbbad2867dd24f93bb6034fab81348fb",
      "isTriggeringEnabled": true,
      "id": "new_topic_bbbad2867dd24f93bb6034fab81348fb",
      "displayName": "How do I open a file in SharePoint from Teams?",
      "description": "https://adoptbotv2kb.blob.core.windows.net/%24web/AdoptBot2021-English.docx",
      "createdTime": "2021-01-21T11:36:41.843367Z",
      "updatedTime": "2021-01-21T11:39:58.5023944Z",
      "createdUserId": "aaefd11d-4a6f-43de-b8d1-f4d839285950",
      "updatedUserId": "aaefd11d-4a6f-43de-b8d1-f4d839285950"
    }
  ],
  "dialogs": [
    {
      "rootNodeId": "ce52cd33-264d-4ad7-8f5e-8233561e6712",
      "messageNodes": [
        {
          "botMessageId": "ae16888a-ba2e-4b45-bfbb-1a9daecf667a",
          "nodeType": "BotMessageNode",
          "id": "ce52cd33-264d-4ad7-8f5e-8233561e6712",
          "defaultTargetNodeId": "51583553-e2e0-4363-88a9-9e8cf0dcdff0"
        }
      ],
      "dialogChangeNodes": [
        {
          "targetDialogId": "new_topic_a96de8db0acd41edb5a2e60fb0d93441_aeabea4d071f415c8c107e1cb7af5424_assumedsuccess",
          "nodeType": "DialogChangeNode",
          "id": "51583553-e2e0-4363-88a9-9e8cf0dcdff0"
        }
      ],
      "id": "new_topic_bbbad2867dd24f93bb6034fab81348fb",
      "displayName": "Dialog for How do I open a file in SharePoint from Teams?",
      "createdTime": "2021-01-21T11:36:41.843367Z",
      "updatedTime": "2021-01-21T11:36:41.843367Z",
      "createdUserId": "aaefd11d-4a6f-43de-b8d1-f4d839285950",
      "updatedUserId": "aaefd11d-4a6f-43de-b8d1-f4d839285950"
    }
  ],
  "botMessages": [
    {
      "channelContent": {
        "web": {
          "contentFormat": "Markdown",
          "content": "If you select \"Open in SharePoint\" from the document options in Teams, you'll get additional ways to manage your document:\r\n\r\n- Find and open previous versions of a document using document history features.\r\n- Sync to OneDrive for Business using the OneDrive sync client to view the Teams document libraries in File Explorer.\r\n- View and manage who has access to your document.\r\n\r\n\r\nTip:\r\n\r\nAvoid making changes to files or folders in the SharePoint view.  If possible,  do this directly in  Teams."
        }
      },
      "id": "ae16888a-ba2e-4b45-bfbb-1a9daecf667a",
      "createdTime": "2021-01-21T11:36:41.843367Z",
      "updatedTime": "2021-01-21T11:36:41.843367Z",
      "createdUserId": "aaefd11d-4a6f-43de-b8d1-f4d839285950",
      "updatedUserId": "aaefd11d-4a6f-43de-b8d1-f4d839285950"
    }
  ],
  "createdUtc": "0001-01-01T00:00:00Z"
}