<bot_botcomponentset>
  <bot_botcomponent botcomponentid.schemaname="new_customtype_e347a2395e634a7880736d574ee58956_92610204747047ac8f788f7eecd91118" botid.schemaname="new_bot_e347a2395e634a7880736d574ee58956">
    <iscustomizable>1</iscustomizable>
  </bot_botcomponent>
  <bot_botcomponent botcomponentid.schemaname="new_customtype_e347a2395e634a7880736d574ee58956_f86fcadfd497444e91ed11c12b059d10" botid.schemaname="new_bot_e347a2395e634a7880736d574ee58956">
    <iscustomizable>1</iscustomizable>
  </bot_botcomponent>
  <bot_botcomponent botcomponentid.schemaname="new_topic_02234c35b9ae40049e7e77d71463680c" botid.schemaname="new_bot_e347a2395e634a7880736d574ee58956">
    <iscustomizable>1</iscustomizable>
  </bot_botcomponent>
  <bot_botcomponent botcomponentid.schemaname="new_topic_0523ace1495b4b5ba103aee43d206a5d" botid.schemaname="new_bot_e347a2395e634a7880736d574ee58956">
    <iscustomizable>1</iscustomizable>
  </bot_botcomponent>
  <bot_botcomponent botcomponentid.schemaname="new_topic_0a255af29b1c4551a674611bf34962a6" botid.schemaname="new_bot_e347a2395e634a7880736d574ee58956">
    <iscustomizable>1</iscustomizable>
  </bot_botcomponent>
  <bot_botcomponent botcomponentid.schemaname="new_topic_0ce933dc67be4eb18d1fb3730a74e954" botid.schemaname="new_bot_e347a2395e634a7880736d574ee58956">
    <iscustomizable>1</iscustomizable>
  </bot_botcomponent>
  <bot_botcomponent botcomponentid.schemaname="new_topic_0f299fc8584144b494dc364cbefd9c6e" botid.schemaname="new_bot_e347a2395e634a7880736d574ee58956">
    <iscustomizable>1</iscustomizable>
  </bot_botcomponent>
  <bot_botcomponent botcomponentid.schemaname="new_topic_13acbbe374f145e5bebf79fa18baed95" botid.schemaname="new_bot_e347a2395e634a7880736d574ee58956">
    <iscustomizable>1</iscustomizable>
  </bot_botcomponent>
  <bot_botcomponent botcomponentid.schemaname="new_topic_152b617a0c7244009c2d9ba1ee34464f" botid.schemaname="new_bot_e347a2395e634a7880736d574ee58956">
    <iscustomizable>1</iscustomizable>
  </bot_botcomponent>
  <bot_botcomponent botcomponentid.schemaname="new_topic_161c1246ff8644b39efc5c4f14609e44" botid.schemaname="new_bot_e347a2395e634a7880736d574ee58956">
    <iscustomizable>1</iscustomizable>
  </bot_botcomponent>
  <bot_botcomponent botcomponentid.schemaname="new_topic_17dd4c3f9fb2400c93ea47f1e5bdfa47" botid.schemaname="new_bot_e347a2395e634a7880736d574ee58956">
    <iscustomizable>1</iscustomizable>
  </bot_botcomponent>
  <bot_botcomponent botcomponentid.schemaname="new_topic_1967f101f7104f23ad08c7e416a17c3a" botid.schemaname="new_bot_e347a2395e634a7880736d574ee58956">
    <iscustomizable>1</iscustomizable>
  </bot_botcomponent>
  <bot_botcomponent botcomponentid.schemaname="new_topic_24056bcfb20947409353c778ecd513ac" botid.schemaname="new_bot_e347a2395e634a7880736d574ee58956">
    <iscustomizable>1</iscustomizable>
  </bot_botcomponent>
  <bot_botcomponent botcomponentid.schemaname="new_topic_25fa9ded0608493987c44bc52dd8b8f5" botid.schemaname="new_bot_e347a2395e634a7880736d574ee58956">
    <iscustomizable>1</iscustomizable>
  </bot_botcomponent>
  <bot_botcomponent botcomponentid.schemaname="new_topic_2ad5eab6b39a448e92d1ae386bf992c8" botid.schemaname="new_bot_e347a2395e634a7880736d574ee58956">
    <iscustomizable>1</iscustomizable>
  </bot_botcomponent>
  <bot_botcomponent botcomponentid.schemaname="new_topic_2d4f0d131a5e4b7cbb622ce424c33508" botid.schemaname="new_bot_e347a2395e634a7880736d574ee58956">
    <iscustomizable>1</iscustomizable>
  </bot_botcomponent>
  <bot_botcomponent botcomponentid.schemaname="new_topic_2e81180031074fdab1eea03539decd54" botid.schemaname="new_bot_e347a2395e634a7880736d574ee58956">
    <iscustomizable>1</iscustomizable>
  </bot_botcomponent>
  <bot_botcomponent botcomponentid.schemaname="new_topic_2e8ef421562b4c22a1a7f2ac44e0f344" botid.schemaname="new_bot_e347a2395e634a7880736d574ee58956">
    <iscustomizable>1</iscustomizable>
  </bot_botcomponent>
  <bot_botcomponent botcomponentid.schemaname="new_topic_3328d504a5804c52bfb6e8822f595c15" botid.schemaname="new_bot_e347a2395e634a7880736d574ee58956">
    <iscustomizable>1</iscustomizable>
  </bot_botcomponent>
  <bot_botcomponent botcomponentid.schemaname="new_topic_3455e45077b4494a926b865384aff957" botid.schemaname="new_bot_e347a2395e634a7880736d574ee58956">
    <iscustomizable>1</iscustomizable>
  </bot_botcomponent>
  <bot_botcomponent botcomponentid.schemaname="new_topic_350759601f7c4060b56b7959ee99a1d5" botid.schemaname="new_bot_e347a2395e634a7880736d574ee58956">
    <iscustomizable>1</iscustomizable>
  </bot_botcomponent>
  <bot_botcomponent botcomponentid.schemaname="new_topic_407ce17000a149fabf85a39943c53d03" botid.schemaname="new_bot_e347a2395e634a7880736d574ee58956">
    <iscustomizable>1</iscustomizable>
  </bot_botcomponent>
  <bot_botcomponent botcomponentid.schemaname="new_topic_42348139c28c4ff5a5c64e798941323f" botid.schemaname="new_bot_e347a2395e634a7880736d574ee58956">
    <iscustomizable>1</iscustomizable>
  </bot_botcomponent>
  <bot_botcomponent botcomponentid.schemaname="new_topic_42be0170d4c74070916f5a405a53da46" botid.schemaname="new_bot_e347a2395e634a7880736d574ee58956">
    <iscustomizable>1</iscustomizable>
  </bot_botcomponent>
  <bot_botcomponent botcomponentid.schemaname="new_topic_446d2830ba0c4802bfcb6f7bf9832956" botid.schemaname="new_bot_e347a2395e634a7880736d574ee58956">
    <iscustomizable>1</iscustomizable>
  </bot_botcomponent>
  <bot_botcomponent botcomponentid.schemaname="new_topic_4a0ce5af87174431a3e31bdd8d528f38" botid.schemaname="new_bot_e347a2395e634a7880736d574ee58956">
    <iscustomizable>1</iscustomizable>
  </bot_botcomponent>
  <bot_botcomponent botcomponentid.schemaname="new_topic_4bc612feff814f238e40af5de89449b3" botid.schemaname="new_bot_e347a2395e634a7880736d574ee58956">
    <iscustomizable>1</iscustomizable>
  </bot_botcomponent>
  <bot_botcomponent botcomponentid.schemaname="new_topic_4c15ebe0905d4bdba95e773399b73c88" botid.schemaname="new_bot_e347a2395e634a7880736d574ee58956">
    <iscustomizable>1</iscustomizable>
  </bot_botcomponent>
  <bot_botcomponent botcomponentid.schemaname="new_topic_517c641c72134826870c1ba1bc2380af" botid.schemaname="new_bot_e347a2395e634a7880736d574ee58956">
    <iscustomizable>1</iscustomizable>
  </bot_botcomponent>
  <bot_botcomponent botcomponentid.schemaname="new_topic_5537e32d9c424cd1aa9ec918fe3eeaee" botid.schemaname="new_bot_e347a2395e634a7880736d574ee58956">
    <iscustomizable>1</iscustomizable>
  </bot_botcomponent>
  <bot_botcomponent botcomponentid.schemaname="new_topic_55ad51e2ae514657b53f4c99cfea9834" botid.schemaname="new_bot_e347a2395e634a7880736d574ee58956">
    <iscustomizable>1</iscustomizable>
  </bot_botcomponent>
  <bot_botcomponent botcomponentid.schemaname="new_topic_586608f9a059416aabb2e073edd89125" botid.schemaname="new_bot_e347a2395e634a7880736d574ee58956">
    <iscustomizable>1</iscustomizable>
  </bot_botcomponent>
  <bot_botcomponent botcomponentid.schemaname="new_topic_58c49bcbc31241eca58ce45217b0a348" botid.schemaname="new_bot_e347a2395e634a7880736d574ee58956">
    <iscustomizable>1</iscustomizable>
  </bot_botcomponent>
  <bot_botcomponent botcomponentid.schemaname="new_topic_5b346a92dfe9451b8e553069b38e9c94" botid.schemaname="new_bot_e347a2395e634a7880736d574ee58956">
    <iscustomizable>1</iscustomizable>
  </bot_botcomponent>
  <bot_botcomponent botcomponentid.schemaname="new_topic_5ebc67279b3b49ea90b803382e39b5d9" botid.schemaname="new_bot_e347a2395e634a7880736d574ee58956">
    <iscustomizable>1</iscustomizable>
  </bot_botcomponent>
  <bot_botcomponent botcomponentid.schemaname="new_topic_62cd0410346b4ecb8908e0481e7be4d8" botid.schemaname="new_bot_e347a2395e634a7880736d574ee58956">
    <iscustomizable>1</iscustomizable>
  </bot_botcomponent>
  <bot_botcomponent botcomponentid.schemaname="new_topic_6a3fccf7550941c5ab853e992c659722" botid.schemaname="new_bot_e347a2395e634a7880736d574ee58956">
    <iscustomizable>1</iscustomizable>
  </bot_botcomponent>
  <bot_botcomponent botcomponentid.schemaname="new_topic_6a6573e3cf0c494aa3cdffaa99c30b0b" botid.schemaname="new_bot_e347a2395e634a7880736d574ee58956">
    <iscustomizable>1</iscustomizable>
  </bot_botcomponent>
  <bot_botcomponent botcomponentid.schemaname="new_topic_6ca68fa605f24535bf98bc33019639ee" botid.schemaname="new_bot_e347a2395e634a7880736d574ee58956">
    <iscustomizable>1</iscustomizable>
  </bot_botcomponent>
  <bot_botcomponent botcomponentid.schemaname="new_topic_70a180b20efa457fa68b6d3ebbf37986" botid.schemaname="new_bot_e347a2395e634a7880736d574ee58956">
    <iscustomizable>1</iscustomizable>
  </bot_botcomponent>
  <bot_botcomponent botcomponentid.schemaname="new_topic_735aba6aab354fc9ae7d27281924e52c" botid.schemaname="new_bot_e347a2395e634a7880736d574ee58956">
    <iscustomizable>1</iscustomizable>
  </bot_botcomponent>
  <bot_botcomponent botcomponentid.schemaname="new_topic_7576ad6e2a0a431386eb388039d2cb6c" botid.schemaname="new_bot_e347a2395e634a7880736d574ee58956">
    <iscustomizable>1</iscustomizable>
  </bot_botcomponent>
  <bot_botcomponent botcomponentid.schemaname="new_topic_7992656bcd0a4b5f9960a08cbadfa76b" botid.schemaname="new_bot_e347a2395e634a7880736d574ee58956">
    <iscustomizable>1</iscustomizable>
  </bot_botcomponent>
  <bot_botcomponent botcomponentid.schemaname="new_topic_79d8b80242664fef92f461cd5f3f4b28" botid.schemaname="new_bot_e347a2395e634a7880736d574ee58956">
    <iscustomizable>1</iscustomizable>
  </bot_botcomponent>
  <bot_botcomponent botcomponentid.schemaname="new_topic_7afbb024f7b140e6b7ad1d39ee46c5b9" botid.schemaname="new_bot_e347a2395e634a7880736d574ee58956">
    <iscustomizable>1</iscustomizable>
  </bot_botcomponent>
  <bot_botcomponent botcomponentid.schemaname="new_topic_7b502e41371a4e309dcc5cb16a6f287b" botid.schemaname="new_bot_e347a2395e634a7880736d574ee58956">
    <iscustomizable>1</iscustomizable>
  </bot_botcomponent>
  <bot_botcomponent botcomponentid.schemaname="new_topic_7c1d981ecbb44c6db6a0129f2bc0f168" botid.schemaname="new_bot_e347a2395e634a7880736d574ee58956">
    <iscustomizable>1</iscustomizable>
  </bot_botcomponent>
  <bot_botcomponent botcomponentid.schemaname="new_topic_7e60ed50b2584598972f26df132b707e" botid.schemaname="new_bot_e347a2395e634a7880736d574ee58956">
    <iscustomizable>1</iscustomizable>
  </bot_botcomponent>
  <bot_botcomponent botcomponentid.schemaname="new_topic_7ed590ddc3b84a2b966f0c7c899917ac" botid.schemaname="new_bot_e347a2395e634a7880736d574ee58956">
    <iscustomizable>1</iscustomizable>
  </bot_botcomponent>
  <bot_botcomponent botcomponentid.schemaname="new_topic_84c8349b7f0f40f4899eec4207b01762" botid.schemaname="new_bot_e347a2395e634a7880736d574ee58956">
    <iscustomizable>1</iscustomizable>
  </bot_botcomponent>
  <bot_botcomponent botcomponentid.schemaname="new_topic_8514452dac6445fcb815a42c505e7a25" botid.schemaname="new_bot_e347a2395e634a7880736d574ee58956">
    <iscustomizable>1</iscustomizable>
  </bot_botcomponent>
  <bot_botcomponent botcomponentid.schemaname="new_topic_8606e368b32f40e29a71232f0bfe62cb" botid.schemaname="new_bot_e347a2395e634a7880736d574ee58956">
    <iscustomizable>1</iscustomizable>
  </bot_botcomponent>
  <bot_botcomponent botcomponentid.schemaname="new_topic_862ea2e5294e41a98daad8d4ae52c733" botid.schemaname="new_bot_e347a2395e634a7880736d574ee58956">
    <iscustomizable>1</iscustomizable>
  </bot_botcomponent>
  <bot_botcomponent botcomponentid.schemaname="new_topic_87514e50f1914c81a862b2c11c889834" botid.schemaname="new_bot_e347a2395e634a7880736d574ee58956">
    <iscustomizable>1</iscustomizable>
  </bot_botcomponent>
  <bot_botcomponent botcomponentid.schemaname="new_topic_8791a33083b24f85b86395e783b46d02" botid.schemaname="new_bot_e347a2395e634a7880736d574ee58956">
    <iscustomizable>1</iscustomizable>
  </bot_botcomponent>
  <bot_botcomponent botcomponentid.schemaname="new_topic_8ad6af66c8dd4e298eae3e4fea28b33e" botid.schemaname="new_bot_e347a2395e634a7880736d574ee58956">
    <iscustomizable>1</iscustomizable>
  </bot_botcomponent>
  <bot_botcomponent botcomponentid.schemaname="new_topic_8dafc2556483424e8b41ea5c0cbbd744" botid.schemaname="new_bot_e347a2395e634a7880736d574ee58956">
    <iscustomizable>1</iscustomizable>
  </bot_botcomponent>
  <bot_botcomponent botcomponentid.schemaname="new_topic_8fcec93d973b4754a0ba96fcd5deec5b" botid.schemaname="new_bot_e347a2395e634a7880736d574ee58956">
    <iscustomizable>1</iscustomizable>
  </bot_botcomponent>
  <bot_botcomponent botcomponentid.schemaname="new_topic_90b11450535e4730a968b6d588c3f280" botid.schemaname="new_bot_e347a2395e634a7880736d574ee58956">
    <iscustomizable>1</iscustomizable>
  </bot_botcomponent>
  <bot_botcomponent botcomponentid.schemaname="new_topic_93e8db53fe9e48dbbf8a87bd00ca845c" botid.schemaname="new_bot_e347a2395e634a7880736d574ee58956">
    <iscustomizable>1</iscustomizable>
  </bot_botcomponent>
  <bot_botcomponent botcomponentid.schemaname="new_topic_9424ccda916c4049b940f929aed92d4c" botid.schemaname="new_bot_e347a2395e634a7880736d574ee58956">
    <iscustomizable>1</iscustomizable>
  </bot_botcomponent>
  <bot_botcomponent botcomponentid.schemaname="new_topic_996b288c64404bc7945420b41e2392dc" botid.schemaname="new_bot_e347a2395e634a7880736d574ee58956">
    <iscustomizable>1</iscustomizable>
  </bot_botcomponent>
  <bot_botcomponent botcomponentid.schemaname="new_topic_9fd84ddf9806406b84304bcc2ad30a30" botid.schemaname="new_bot_e347a2395e634a7880736d574ee58956">
    <iscustomizable>1</iscustomizable>
  </bot_botcomponent>
  <bot_botcomponent botcomponentid.schemaname="new_topic_a1c3d976bc79455e812b913982054d7a" botid.schemaname="new_bot_e347a2395e634a7880736d574ee58956">
    <iscustomizable>1</iscustomizable>
  </bot_botcomponent>
  <bot_botcomponent botcomponentid.schemaname="new_topic_a33fc931172b49f29053b661b07e57fa" botid.schemaname="new_bot_e347a2395e634a7880736d574ee58956">
    <iscustomizable>1</iscustomizable>
  </bot_botcomponent>
  <bot_botcomponent botcomponentid.schemaname="new_topic_a88112945a314f15bccd065306927459" botid.schemaname="new_bot_e347a2395e634a7880736d574ee58956">
    <iscustomizable>1</iscustomizable>
  </bot_botcomponent>
  <bot_botcomponent botcomponentid.schemaname="new_topic_b05980d9978f4e109e22388f33946c13" botid.schemaname="new_bot_e347a2395e634a7880736d574ee58956">
    <iscustomizable>1</iscustomizable>
  </bot_botcomponent>
  <bot_botcomponent botcomponentid.schemaname="new_topic_b26a90b6538b4d4b819240161ca2d344" botid.schemaname="new_bot_e347a2395e634a7880736d574ee58956">
    <iscustomizable>1</iscustomizable>
  </bot_botcomponent>
  <bot_botcomponent botcomponentid.schemaname="new_topic_b58a9ac578c54dfe81d3344d06c8ceb6" botid.schemaname="new_bot_e347a2395e634a7880736d574ee58956">
    <iscustomizable>1</iscustomizable>
  </bot_botcomponent>
  <bot_botcomponent botcomponentid.schemaname="new_topic_b5cd012b1eae4ffdb5f565d43642af8e" botid.schemaname="new_bot_e347a2395e634a7880736d574ee58956">
    <iscustomizable>1</iscustomizable>
  </bot_botcomponent>
  <bot_botcomponent botcomponentid.schemaname="new_topic_bacb92f042374196820e84f03ff0b1bd" botid.schemaname="new_bot_e347a2395e634a7880736d574ee58956">
    <iscustomizable>1</iscustomizable>
  </bot_botcomponent>
  <bot_botcomponent botcomponentid.schemaname="new_topic_bbcfa13d6a5d4ea4aa6b848ce15ab742" botid.schemaname="new_bot_e347a2395e634a7880736d574ee58956">
    <iscustomizable>1</iscustomizable>
  </bot_botcomponent>
  <bot_botcomponent botcomponentid.schemaname="new_topic_bf67f71568894823aeca9d5b8ff8030d" botid.schemaname="new_bot_e347a2395e634a7880736d574ee58956">
    <iscustomizable>1</iscustomizable>
  </bot_botcomponent>
  <bot_botcomponent botcomponentid.schemaname="new_topic_c26d724252b74c6fa3e6bb0d190ed93e" botid.schemaname="new_bot_e347a2395e634a7880736d574ee58956">
    <iscustomizable>1</iscustomizable>
  </bot_botcomponent>
  <bot_botcomponent botcomponentid.schemaname="new_topic_c3713cc2391248d89f2281705677cf3f" botid.schemaname="new_bot_e347a2395e634a7880736d574ee58956">
    <iscustomizable>1</iscustomizable>
  </bot_botcomponent>
  <bot_botcomponent botcomponentid.schemaname="new_topic_c76d9a3d3ffa4e2c97bb56b355f3de7c" botid.schemaname="new_bot_e347a2395e634a7880736d574ee58956">
    <iscustomizable>1</iscustomizable>
  </bot_botcomponent>
  <bot_botcomponent botcomponentid.schemaname="new_topic_caa253fec6bd478bbb5a34ccafc301d1" botid.schemaname="new_bot_e347a2395e634a7880736d574ee58956">
    <iscustomizable>1</iscustomizable>
  </bot_botcomponent>
  <bot_botcomponent botcomponentid.schemaname="new_topic_caa4855c953842b7864ade1bc9ec1197" botid.schemaname="new_bot_e347a2395e634a7880736d574ee58956">
    <iscustomizable>1</iscustomizable>
  </bot_botcomponent>
  <bot_botcomponent botcomponentid.schemaname="new_topic_cb10b19245174861a67bbd9258ae81e7" botid.schemaname="new_bot_e347a2395e634a7880736d574ee58956">
    <iscustomizable>1</iscustomizable>
  </bot_botcomponent>
  <bot_botcomponent botcomponentid.schemaname="new_topic_cbd0e55753914e0aade33ec055bb7fdf" botid.schemaname="new_bot_e347a2395e634a7880736d574ee58956">
    <iscustomizable>1</iscustomizable>
  </bot_botcomponent>
  <bot_botcomponent botcomponentid.schemaname="new_topic_ce603f54143e47e2a79a39f1802e3fc2" botid.schemaname="new_bot_e347a2395e634a7880736d574ee58956">
    <iscustomizable>1</iscustomizable>
  </bot_botcomponent>
  <bot_botcomponent botcomponentid.schemaname="new_topic_d5d6b119f22e4085a31e97f002d634db" botid.schemaname="new_bot_e347a2395e634a7880736d574ee58956">
    <iscustomizable>1</iscustomizable>
  </bot_botcomponent>
  <bot_botcomponent botcomponentid.schemaname="new_topic_da92f9d8830549058e6b1445fa5e0972" botid.schemaname="new_bot_e347a2395e634a7880736d574ee58956">
    <iscustomizable>1</iscustomizable>
  </bot_botcomponent>
  <bot_botcomponent botcomponentid.schemaname="new_topic_dc58eacf6975444484f6eb4418812de7" botid.schemaname="new_bot_e347a2395e634a7880736d574ee58956">
    <iscustomizable>1</iscustomizable>
  </bot_botcomponent>
  <bot_botcomponent botcomponentid.schemaname="new_topic_df6d7e795349437c97a8504e5e90760d" botid.schemaname="new_bot_e347a2395e634a7880736d574ee58956">
    <iscustomizable>1</iscustomizable>
  </bot_botcomponent>
  <bot_botcomponent botcomponentid.schemaname="new_topic_e347a2395e634a7880736d574ee58956_21a34f1673a24096a99ba0effb63cc1d" botid.schemaname="new_bot_e347a2395e634a7880736d574ee58956">
    <iscustomizable>1</iscustomizable>
  </bot_botcomponent>
  <bot_botcomponent botcomponentid.schemaname="new_topic_e347a2395e634a7880736d574ee58956_33d5123770ba4daeafae51b361ddc80a" botid.schemaname="new_bot_e347a2395e634a7880736d574ee58956">
    <iscustomizable>1</iscustomizable>
  </bot_botcomponent>
  <bot_botcomponent botcomponentid.schemaname="new_topic_e347a2395e634a7880736d574ee58956_3d2584ec30914684839527e05e7be172_thankyou" botid.schemaname="new_bot_e347a2395e634a7880736d574ee58956">
    <iscustomizable>1</iscustomizable>
  </bot_botcomponent>
  <bot_botcomponent botcomponentid.schemaname="new_topic_e347a2395e634a7880736d574ee58956_7620a288bb3e455984cace1ade5e259c_fallback" botid.schemaname="new_bot_e347a2395e634a7880736d574ee58956">
    <iscustomizable>1</iscustomizable>
  </bot_botcomponent>
  <bot_botcomponent botcomponentid.schemaname="new_topic_e347a2395e634a7880736d574ee58956_85df75ce08a44a9b82cc8f3fdb25f669" botid.schemaname="new_bot_e347a2395e634a7880736d574ee58956">
    <iscustomizable>1</iscustomizable>
  </bot_botcomponent>
  <bot_botcomponent botcomponentid.schemaname="new_topic_e347a2395e634a7880736d574ee58956_8a4964498f83424bb3a86295bf7d0952_startover" botid.schemaname="new_bot_e347a2395e634a7880736d574ee58956">
    <iscustomizable>1</iscustomizable>
  </bot_botcomponent>
  <bot_botcomponent botcomponentid.schemaname="new_topic_e347a2395e634a7880736d574ee58956_954135cafcd647eaae5999ad91fc08cf_talktoagent" botid.schemaname="new_bot_e347a2395e634a7880736d574ee58956">
    <iscustomizable>1</iscustomizable>
  </bot_botcomponent>
  <bot_botcomponent botcomponentid.schemaname="new_topic_e347a2395e634a7880736d574ee58956_aeabea4d071f415c8c107e1cb7af5424_assumedsuccess" botid.schemaname="new_bot_e347a2395e634a7880736d574ee58956">
    <iscustomizable>1</iscustomizable>
  </bot_botcomponent>
  <bot_botcomponent botcomponentid.schemaname="new_topic_e347a2395e634a7880736d574ee58956_ba7b967c97ba4c39bca58a8bb6a72d59_conversationstart" botid.schemaname="new_bot_e347a2395e634a7880736d574ee58956">
    <iscustomizable>1</iscustomizable>
  </bot_botcomponent>
  <bot_botcomponent botcomponentid.schemaname="new_topic_e347a2395e634a7880736d574ee58956_d2198a5ee41a48a5bf70ab8970145a9f_confirmedfailure" botid.schemaname="new_bot_e347a2395e634a7880736d574ee58956">
    <iscustomizable>1</iscustomizable>
  </bot_botcomponent>
  <bot_botcomponent botcomponentid.schemaname="new_topic_e347a2395e634a7880736d574ee58956_db1f76b081dc43389df9dd2df7518737_confirmedsuccess" botid.schemaname="new_bot_e347a2395e634a7880736d574ee58956">
    <iscustomizable>1</iscustomizable>
  </bot_botcomponent>
  <bot_botcomponent botcomponentid.schemaname="new_topic_e347a2395e634a7880736d574ee58956_dbafebd526364487911b63a2a774389f" botid.schemaname="new_bot_e347a2395e634a7880736d574ee58956">
    <iscustomizable>1</iscustomizable>
  </bot_botcomponent>
  <bot_botcomponent botcomponentid.schemaname="new_topic_e347a2395e634a7880736d574ee58956_f56d1a3e522740c78f9fac0939332dbd_goodbye" botid.schemaname="new_bot_e347a2395e634a7880736d574ee58956">
    <iscustomizable>1</iscustomizable>
  </bot_botcomponent>
  <bot_botcomponent botcomponentid.schemaname="new_topic_e3d01fffff75446f9ba4dd0db43cf52f" botid.schemaname="new_bot_e347a2395e634a7880736d574ee58956">
    <iscustomizable>1</iscustomizable>
  </bot_botcomponent>
  <bot_botcomponent botcomponentid.schemaname="new_topic_e420fccc79e64c648a66bc95ff302b3a" botid.schemaname="new_bot_e347a2395e634a7880736d574ee58956">
    <iscustomizable>1</iscustomizable>
  </bot_botcomponent>
  <bot_botcomponent botcomponentid.schemaname="new_topic_e7143dfd422a4620af5f47e85740de32" botid.schemaname="new_bot_e347a2395e634a7880736d574ee58956">
    <iscustomizable>1</iscustomizable>
  </bot_botcomponent>
  <bot_botcomponent botcomponentid.schemaname="new_topic_eb270e6b6bac4865bfa2432cfcb0a356" botid.schemaname="new_bot_e347a2395e634a7880736d574ee58956">
    <iscustomizable>1</iscustomizable>
  </bot_botcomponent>
  <bot_botcomponent botcomponentid.schemaname="new_topic_eb37a946194746e0b99d8c423ab2e686" botid.schemaname="new_bot_e347a2395e634a7880736d574ee58956">
    <iscustomizable>1</iscustomizable>
  </bot_botcomponent>
  <bot_botcomponent botcomponentid.schemaname="new_topic_eda7ddb741f841ae85e5546695de1c72" botid.schemaname="new_bot_e347a2395e634a7880736d574ee58956">
    <iscustomizable>1</iscustomizable>
  </bot_botcomponent>
  <bot_botcomponent botcomponentid.schemaname="new_topic_f04afa1711ae4b12a7eb75be9e4d143c" botid.schemaname="new_bot_e347a2395e634a7880736d574ee58956">
    <iscustomizable>1</iscustomizable>
  </bot_botcomponent>
  <bot_botcomponent botcomponentid.schemaname="new_topic_f5953371ff9344bfafe365892dca4463" botid.schemaname="new_bot_e347a2395e634a7880736d574ee58956">
    <iscustomizable>1</iscustomizable>
  </bot_botcomponent>
  <bot_botcomponent botcomponentid.schemaname="new_topic_f6a41e87fc104ea4b6594d6fc74f307f" botid.schemaname="new_bot_e347a2395e634a7880736d574ee58956">
    <iscustomizable>1</iscustomizable>
  </bot_botcomponent>
  <bot_botcomponent botcomponentid.schemaname="new_topic_f8aa59a83b69429aa3f20fed2b22a70d" botid.schemaname="new_bot_e347a2395e634a7880736d574ee58956">
    <iscustomizable>1</iscustomizable>
  </bot_botcomponent>
  <bot_botcomponent botcomponentid.schemaname="new_topic_fafe39b8af69424281e431e582dc8a6e" botid.schemaname="new_bot_e347a2395e634a7880736d574ee58956">
    <iscustomizable>1</iscustomizable>
  </bot_botcomponent>
  <bot_botcomponent botcomponentid.schemaname="new_topic_fc3336edb328452cacba57fc1afd6a0c" botid.schemaname="new_bot_e347a2395e634a7880736d574ee58956">
    <iscustomizable>1</iscustomizable>
  </bot_botcomponent>
  <bot_botcomponent botcomponentid.schemaname="new_topic_fdbc3c311bf34062b4bb459cf2599a9f" botid.schemaname="new_bot_e347a2395e634a7880736d574ee58956">
    <iscustomizable>1</iscustomizable>
  </bot_botcomponent>
  <bot_botcomponent botcomponentid.schemaname="new_topic_fef7aa358b094a8c80c22c91e48a5ffd" botid.schemaname="new_bot_e347a2395e634a7880736d574ee58956">
    <iscustomizable>1</iscustomizable>
  </bot_botcomponent>
  <bot_botcomponent botcomponentid.schemaname="new_variable_e347a2395e634a7880736d574ee58956_340aefff448e492eac88d718fbdf56ac" botid.schemaname="new_bot_e347a2395e634a7880736d574ee58956">
    <iscustomizable>1</iscustomizable>
  </bot_botcomponent>
</bot_botcomponentset>