<botcomponent_workflowset>
  <botcomponent_workflow botcomponentid.schemaname="new_topic_3328d504a5804c52bfb6e8822f595c15" workflowid.workflowid="ef85be3f-f485-ed11-81ad-000d3adf7a19">
    <iscustomizable>1</iscustomizable>
  </botcomponent_workflow>
  <botcomponent_workflow botcomponentid.schemaname="new_topic_e347a2395e634a7880736d574ee58956_954135cafcd647eaae5999ad91fc08cf_talktoagent" workflowid.workflowid="f085be3f-f485-ed11-81ad-000d3adf7a19">
    <iscustomizable>1</iscustomizable>
  </botcomponent_workflow>
  <botcomponent_workflow botcomponentid.schemaname="new_topic_e347a2395e634a7880736d574ee58956_db1f76b081dc43389df9dd2df7518737_confirmedsuccess" workflowid.workflowid="b4baf798-f785-ed11-81ad-000d3adf7a19">
    <iscustomizable>1</iscustomizable>
  </botcomponent_workflow>
</botcomponent_workflowset>