{
  "intents": [
    {
      "intentType": "Regular",
      "triggerQueries": [
        "How do I Enable pop-out chat?"
      ],
      "dialogId": "new_topic_716bd62100d44dff9a0d217bcc0730ef",
      "isTriggeringEnabled": true,
      "id": "new_topic_716bd62100d44dff9a0d217bcc0730ef",
      "displayName": "How do I Enable pop-out chat?",
      "description": "https://adoptbotv2kb.blob.core.windows.net/%24web/AdoptBot2021-English.docx",
      "createdTime": "2021-01-21T11:36:41.843367Z",
      "updatedTime": "2021-01-21T11:41:44.3592969Z",
      "createdUserId": "aaefd11d-4a6f-43de-b8d1-f4d839285950",
      "updatedUserId": "aaefd11d-4a6f-43de-b8d1-f4d839285950"
    }
  ],
  "dialogs": [
    {
      "rootNodeId": "b1aae0ca-37dd-4721-9f48-9c8357e7e97f",
      "messageNodes": [
        {
          "botMessageId": "8ec6199e-fc4c-4cbc-8aff-c3643ab32ca5",
          "nodeType": "BotMessageNode",
          "id": "b1aae0ca-37dd-4721-9f48-9c8357e7e97f",
          "defaultTargetNodeId": "793146a1-eac4-40bf-863a-b5f650285f73"
        }
      ],
      "dialogChangeNodes": [
        {
          "targetDialogId": "new_topic_a96de8db0acd41edb5a2e60fb0d93441_aeabea4d071f415c8c107e1cb7af5424_assumedsuccess",
          "nodeType": "DialogChangeNode",
          "id": "793146a1-eac4-40bf-863a-b5f650285f73"
        }
      ],
      "id": "new_topic_716bd62100d44dff9a0d217bcc0730ef",
      "displayName": "Dialog for How do I Enable pop-out chat?",
      "createdTime": "2021-01-21T11:36:41.843367Z",
      "updatedTime": "2021-01-21T11:36:41.843367Z",
      "createdUserId": "aaefd11d-4a6f-43de-b8d1-f4d839285950",
      "updatedUserId": "aaefd11d-4a6f-43de-b8d1-f4d839285950"
    }
  ],
  "botMessages": [
    {
      "channelContent": {
        "web": {
          "contentFormat": "Markdown",
          "content": "You can instantly pop out your one on one or group chat into a separate window. Then, resize, reposition, or close the window as you wish. It is a great way to get a lot done when you are in a meeting or in a call.\r\n\r\nPlease note: You can pop out multiple conversations, but not the same chat twice.\r\n\r\n[Pop out a chat in Teams](https://support.microsoft.com/en-us/office/pop-out-a-chat-in-teams-cff95cb0-34af-423f-8f69-fe9106973790)"
        }
      },
      "id": "8ec6199e-fc4c-4cbc-8aff-c3643ab32ca5",
      "createdTime": "2021-01-21T11:36:41.843367Z",
      "updatedTime": "2021-01-21T11:36:41.843367Z",
      "createdUserId": "aaefd11d-4a6f-43de-b8d1-f4d839285950",
      "updatedUserId": "aaefd11d-4a6f-43de-b8d1-f4d839285950"
    }
  ]
}