{
  "intents": [
    {
      "triggerQueries": [
        "Como posso usar o OneNote?",
        "Como baixar o OneNote?",
        "Como posso obter o OneNote?"
      ],
      "dialogId": "new_topic_42be0170d4c74070916f5a405a53da46",
      "isTriggeringEnabled": true,
      "id": "new_topic_42be0170d4c74070916f5a405a53da46",
      "displayName": "Como posso obter o OneNote?",
      "createdTime": "2022-12-30T14:07:17.6285548Z",
      "updatedTime": "2022-12-30T14:07:17.6285548Z",
      "createdUserId": "1217587e-94d3-4d46-b9e3-9ad63e50a6a1",
      "updatedUserId": "1217587e-94d3-4d46-b9e3-9ad63e50a6a1"
    }
  ],
  "dialogs": [
    {
      "rootNodeId": "45ca5bda-772a-4206-a638-ef9e92dbdecf",
      "messageNodes": [
        {
          "botMessageId": "4d32f8da-986d-48fe-839c-a6006efbbf69",
          "nodeType": "BotMessageNode",
          "id": "45ca5bda-772a-4206-a638-ef9e92dbdecf",
          "defaultTargetNodeId": "b0ecc65c-f3f8-4058-a7ae-78471d4a739c"
        }
      ],
      "dialogChangeNodes": [
        {
          "targetDialogId": "new_topic_e347a2395e634a7880736d574ee58956_aeabea4d071f415c8c107e1cb7af5424_assumedsuccess",
          "nodeType": "DialogChangeNode",
          "id": "b0ecc65c-f3f8-4058-a7ae-78471d4a739c"
        }
      ],
      "id": "new_topic_42be0170d4c74070916f5a405a53da46",
      "displayName": "Untitled",
      "createdTime": "2022-12-30T14:07:17.6285548Z",
      "updatedTime": "2022-12-30T14:07:17.6285548Z",
      "createdUserId": "1217587e-94d3-4d46-b9e3-9ad63e50a6a1",
      "updatedUserId": "1217587e-94d3-4d46-b9e3-9ad63e50a6a1"
    }
  ],
  "botMessages": [
    {
      "channelContent": {
        "web": {
          "contentFormat": "Markdown",
          "content": "Dependendo do dispositivo que está a utilizar, [existe um OneNote que se adequa às suas necessidades](https://support.microsoft.com/en-us/office/what-s-the-difference-between-the-onenote-versions-a624e692-b78b-4c09-b07f-46181958118f).\n\n*   **OneNote** (anteriormente chamado \"OneNote 2016”) é uma aplicação de desktop gratuita e parte do Office 2019 e Microsoft 365.\n*   **OneNote para o Windows 10**, está pré-instalado em todas as edições do Windows 10, e pode ser descarregado gratuitamente na Microsoft [Store](https://www.microsoft.com/store/productId/9WZDNCRFHVJL)"
        }
      },
      "id": "4d32f8da-986d-48fe-839c-a6006efbbf69",
      "createdTime": "2022-12-30T14:04:56.869Z",
      "updatedTime": "2022-12-30T14:04:56.869Z"
    }
  ]
}