{
  "intents": [
    {
      "triggerQueries": [
        "Como abrir ficheiros no Teams mobile?",
        "Posso abrir ficheiros no Teams usando o meu telemóvel?",
        "Como abro um ficheiro do Teams no meu smartphone?"
      ],
      "dialogId": "new_topic_25fa9ded0608493987c44bc52dd8b8f5",
      "isTriggeringEnabled": true,
      "id": "new_topic_25fa9ded0608493987c44bc52dd8b8f5",
      "displayName": "Como abro um ficheiro do Teams no meu smartphone?",
      "createdTime": "2022-12-30T13:40:07.2680229Z",
      "updatedTime": "2022-12-30T13:40:07.2680229Z",
      "createdUserId": "1217587e-94d3-4d46-b9e3-9ad63e50a6a1",
      "updatedUserId": "1217587e-94d3-4d46-b9e3-9ad63e50a6a1"
    }
  ],
  "dialogs": [
    {
      "rootNodeId": "494e3a14-c32a-4db3-b1fa-f8fa6987d3d8",
      "messageNodes": [
        {
          "botMessageId": "08c7fcc2-bac8-4cd8-9e5c-da3e3a34d3af",
          "nodeType": "BotMessageNode",
          "id": "494e3a14-c32a-4db3-b1fa-f8fa6987d3d8",
          "defaultTargetNodeId": "9d9b05b9-c845-4322-b0f3-a24352c7f50b"
        }
      ],
      "dialogChangeNodes": [
        {
          "targetDialogId": "new_topic_e347a2395e634a7880736d574ee58956_aeabea4d071f415c8c107e1cb7af5424_assumedsuccess",
          "nodeType": "DialogChangeNode",
          "id": "9d9b05b9-c845-4322-b0f3-a24352c7f50b"
        }
      ],
      "id": "new_topic_25fa9ded0608493987c44bc52dd8b8f5",
      "displayName": "Untitled",
      "createdTime": "2022-12-30T13:40:07.2680229Z",
      "updatedTime": "2022-12-30T13:40:07.2680229Z",
      "createdUserId": "1217587e-94d3-4d46-b9e3-9ad63e50a6a1",
      "updatedUserId": "1217587e-94d3-4d46-b9e3-9ad63e50a6a1"
    }
  ],
  "botMessages": [
    {
      "channelContent": {
        "web": {
          "contentFormat": "Markdown",
          "content": "As equipas são um ótimo local para gerir ficheiros a partir do seu telemóvel. Se entrar num ficheiro de um canal a partir da sua aplicação móvel Teams, tem a opção de abrir ou enviar uma cópia a alguém."
        }
      },
      "id": "08c7fcc2-bac8-4cd8-9e5c-da3e3a34d3af",
      "createdTime": "2022-12-30T13:39:27.03Z",
      "updatedTime": "2022-12-30T13:39:27.03Z"
    }
  ]
}