{"properties":{"connectionReferences":{"shared_office365users":{"runtimeSource":"embedded","connection":{"connectionReferenceLogicalName":"cre6f_sharedoffice365users_d21c4"},"api":{"name":"shared_office365users"}},"shared_teams":{"runtimeSource":"embedded","connection":{"connectionReferenceLogicalName":"cre6f_sharedteams_61107"},"api":{"name":"shared_teams"}}},"definition":{"$schema":"https://schema.management.azure.com/providers/Microsoft.Logic/schemas/2016-06-01/workflowdefinition.json#","contentVersion":"1.0.0.0","parameters":{"$connections":{"defaultValue":{},"type":"Object"},"$authentication":{"defaultValue":{},"type":"SecureObject"}},"triggers":{"manual":{"type":"Request","kind":"VirtualAgent","inputs":{"schema":{"type":"object","properties":{"text":{"title":"UPN","type":"string","x-ms-dynamically-added":true,"description":"UserId","x-ms-content-hint":"TEXT"},"text_1":{"title":"Rating","type":"string","x-ms-dynamically-added":true,"description":"Feedback Type","x-ms-content-hint":"TEXT"},"text_2":{"title":"Description","type":"string","x-ms-dynamically-added":true,"description":"Feedback Description","x-ms-content-hint":"TEXT"}},"required":["text","text_1","text_2"]}}}},"actions":{"Return_value(s)_to_Power_Virtual_Agents":{"runAfter":{"Post_your_own_adaptive_card_as_the_Flow_bot_to_a_channel":["Succeeded"]},"type":"Response","kind":"VirtualAgent","inputs":{"statusCode":200,"body":{},"schema":{"type":"object","properties":{}}}},"Get_user_profile_(V2)":{"runAfter":{},"type":"OpenApiConnection","inputs":{"host":{"connectionName":"shared_office365users","operationId":"UserProfile_V2","apiId":"/providers/Microsoft.PowerApps/apis/shared_office365users"},"parameters":{"id":"@triggerBody()['text']"},"authentication":"@parameters('$authentication')"}},"Post_your_own_adaptive_card_as_the_Flow_bot_to_a_channel":{"runAfter":{"Get_user_profile_(V2)":["Succeeded"]},"type":"OpenApiConnection","inputs":{"host":{"connectionName":"shared_teams","operationId":"PostChannelAdaptiveCard","apiId":"/providers/Microsoft.PowerApps/apis/shared_teams"},"parameters":{"groupId":"13c0d46f-0fc3-4df8-b9de-14081b3460aa","PostAdaptiveCardRequest/recipient/channelId":"19:df7a707eaf6b4a7e9048b35a94aaca4b@thread.tacv2","PostAdaptiveCardRequest/messageBody":"{\n    \"type\": \"AdaptiveCard\",\n    \"body\": [\n     {\n            \"type\": \"TextBlock\",\n            \"text\": \"@{outputs('Get_user_profile_(V2)')?['body/displayName']} has shared feedback\",\n            \"wrap\": true\n        },\n        {\n            \"type\": \"TextBlock\",\n            \"text\": \"Rating: @{triggerBody()['text_1']}\",\n            \"wrap\": true\n        },\n        {\n            \"type\": \"TextBlock\",\n            \"text\": \"Description: @{triggerBody()['text_2']}\",\n            \"wrap\": true\n        },\n        {\n            \"type\": \"ActionSet\",\n            \"actions\": [\n                {\n                    \"type\": \"Action.OpenUrl\",\n                    \"title\": \"Chat with @{outputs('Get_user_profile_(V2)')?['body/givenName']}\",\n                    \"url\":\"https://teams.microsoft.com/l/chat/0/0?users=@{outputs('Get_user_profile_(V2)')?['body/userPrincipalName']}\"\n                }\n            ]\n        }\n    ],\n    \"$schema\": \"http://adaptivecards.io/schemas/adaptive-card.json\",\n    \"version\": \"1.2\"\n}"},"authentication":"@parameters('$authentication')"}}},"outputs":{}}},"schemaVersion":"1.0.0.0"}