{
  "intents": [
    {
      "triggerQueries": [
        "Can I restore a deleted team or channel?"
      ],
      "dialogId": "new_topic_a9cfa6b57a194d83a85d1bf3ebe5ae17",
      "isTriggeringEnabled": true,
      "id": "new_topic_a9cfa6b57a194d83a85d1bf3ebe5ae17",
      "displayName": "Can I restore a deleted team or channel?",
      "description": "https://adoptbotv2kb.blob.core.windows.net/%24web/AdoptBot2021-English.docx",
      "createdTime": "2021-01-21T11:36:41.8423699Z",
      "updatedTime": "2021-01-21T11:44:00.2962239Z",
      "createdUserId": "aaefd11d-4a6f-43de-b8d1-f4d839285950",
      "updatedUserId": "aaefd11d-4a6f-43de-b8d1-f4d839285950"
    }
  ],
  "dialogs": [
    {
      "rootNodeId": "f4d1af2e-9505-4886-a19d-c711b8584184",
      "messageNodes": [
        {
          "botMessageId": "565534cb-3515-43c1-ac33-79ba2baae264",
          "nodeType": "BotMessageNode",
          "id": "f4d1af2e-9505-4886-a19d-c711b8584184",
          "defaultTargetNodeId": "a7572dfd-5597-422d-854e-540885250d86"
        }
      ],
      "dialogChangeNodes": [
        {
          "targetDialogId": "new_topic_a96de8db0acd41edb5a2e60fb0d93441_aeabea4d071f415c8c107e1cb7af5424_assumedsuccess",
          "nodeType": "DialogChangeNode",
          "id": "a7572dfd-5597-422d-854e-540885250d86"
        }
      ],
      "id": "new_topic_a9cfa6b57a194d83a85d1bf3ebe5ae17",
      "displayName": "Dialog for Can I restore a deleted team or channel?",
      "createdTime": "2021-01-21T11:36:41.8423699Z",
      "updatedTime": "2021-01-21T11:36:41.8423699Z",
      "createdUserId": "aaefd11d-4a6f-43de-b8d1-f4d839285950",
      "updatedUserId": "aaefd11d-4a6f-43de-b8d1-f4d839285950"
    }
  ],
  "botMessages": [
    {
      "channelContent": {
        "web": {
          "contentFormat": "Markdown",
          "content": "To restore a deleted team, talk to your IT administrator. You can share [this blog post](https://www.thewindowsclub.com/how-to-restore-deleted-teams-and-channels-in-microsoft-teams) if they need instructions.\r\n\r\nTo restore a deleted channel, go to the team  name and click Moreoptions , and then click Manageteam . Go to the Channels  tab .  Find the channel in the Deleted  section and click Restore . All channel conversations, files, and tabs will be restored."
        }
      },
      "id": "565534cb-3515-43c1-ac33-79ba2baae264",
      "createdTime": "2021-01-21T11:36:41.8423699Z",
      "updatedTime": "2021-01-21T11:36:41.8423699Z",
      "createdUserId": "aaefd11d-4a6f-43de-b8d1-f4d839285950",
      "updatedUserId": "aaefd11d-4a6f-43de-b8d1-f4d839285950"
    }
  ],
  "createdUtc": "0001-01-01T00:00:00Z"
}