{
  "intents": [
    {
      "triggerQueries": [
        "editar ficheiros dentro do Teams",
        "Editar ficheiros partilhados no Teams",
        "Como editar ficheiros no Teams?",
        "Posso editar ficheiros dentro do Teams?",
        "Como edito um ficheiro no Teams?"
      ],
      "dialogId": "new_topic_8dafc2556483424e8b41ea5c0cbbd744",
      "isTriggeringEnabled": true,
      "id": "new_topic_8dafc2556483424e8b41ea5c0cbbd744",
      "displayName": "Como edito um ficheiro no Teams?",
      "createdTime": "2022-12-30T13:39:19.9232665Z",
      "updatedTime": "2022-12-30T13:39:19.9232665Z",
      "createdUserId": "1217587e-94d3-4d46-b9e3-9ad63e50a6a1",
      "updatedUserId": "1217587e-94d3-4d46-b9e3-9ad63e50a6a1"
    }
  ],
  "dialogs": [
    {
      "rootNodeId": "240ed477-7116-4cda-8e2b-23f9b1704e93",
      "messageNodes": [
        {
          "botMessageId": "c6ccccfe-ffc3-414c-9b35-6f4955dcc4c3",
          "nodeType": "BotMessageNode",
          "id": "240ed477-7116-4cda-8e2b-23f9b1704e93",
          "defaultTargetNodeId": "a6f0d6cd-1fc3-42e0-9c9b-a73e6f534c01"
        }
      ],
      "dialogChangeNodes": [
        {
          "targetDialogId": "new_topic_e347a2395e634a7880736d574ee58956_aeabea4d071f415c8c107e1cb7af5424_assumedsuccess",
          "nodeType": "DialogChangeNode",
          "id": "a6f0d6cd-1fc3-42e0-9c9b-a73e6f534c01"
        }
      ],
      "id": "new_topic_8dafc2556483424e8b41ea5c0cbbd744",
      "displayName": "Untitled",
      "createdTime": "2022-12-30T13:39:19.9232665Z",
      "updatedTime": "2022-12-30T13:39:19.9232665Z",
      "createdUserId": "1217587e-94d3-4d46-b9e3-9ad63e50a6a1",
      "updatedUserId": "1217587e-94d3-4d46-b9e3-9ad63e50a6a1"
    }
  ],
  "botMessages": [
    {
      "channelContent": {
        "web": {
          "contentFormat": "Markdown",
          "content": "Se tiver documentos do Office nos Ficheiros de um canal geral, numa equipa, pode clicar nos “...” para expandir um menu de opções para esse ficheiro.\n\nQuando selecionar Editar, em equipas, terá a capacidade de perceber alterações no seu documento e guardá-lo."
        }
      },
      "id": "c6ccccfe-ffc3-414c-9b35-6f4955dcc4c3",
      "createdTime": "2022-12-30T13:38:33.982Z",
      "updatedTime": "2022-12-30T13:38:33.982Z"
    }
  ]
}