{
  "intents": [
    {
      "intentType": "Regular",
      "triggerQueries": [
        "How do I hide a channel?"
      ],
      "dialogId": "new_topic_4f0ced26c5124ae5802a3a1a5ba721ae",
      "isTriggeringEnabled": true,
      "id": "new_topic_4f0ced26c5124ae5802a3a1a5ba721ae",
      "displayName": "How do I hide a channel?",
      "description": "https://adoptbotv2kb.blob.core.windows.net/%24web/AdoptBot2021-English.docx",
      "createdTime": "2021-01-21T11:36:41.843367Z",
      "updatedTime": "2021-01-21T11:39:20.7846271Z",
      "createdUserId": "aaefd11d-4a6f-43de-b8d1-f4d839285950",
      "updatedUserId": "aaefd11d-4a6f-43de-b8d1-f4d839285950"
    }
  ],
  "dialogs": [
    {
      "rootNodeId": "efa1fb3b-6337-4166-8835-6e2eb7a5d7a4",
      "messageNodes": [
        {
          "botMessageId": "f0e3a7c5-fdb1-4f4b-9b99-1324c1861eea",
          "nodeType": "BotMessageNode",
          "id": "efa1fb3b-6337-4166-8835-6e2eb7a5d7a4",
          "defaultTargetNodeId": "ecee979e-88a5-4692-a8e4-9ff1276cf067"
        }
      ],
      "dialogChangeNodes": [
        {
          "targetDialogId": "new_topic_a96de8db0acd41edb5a2e60fb0d93441_aeabea4d071f415c8c107e1cb7af5424_assumedsuccess",
          "nodeType": "DialogChangeNode",
          "id": "ecee979e-88a5-4692-a8e4-9ff1276cf067"
        }
      ],
      "id": "new_topic_4f0ced26c5124ae5802a3a1a5ba721ae",
      "displayName": "Dialog for How do I hide a channel?",
      "createdTime": "2021-01-21T11:36:41.843367Z",
      "updatedTime": "2021-01-21T11:36:41.843367Z",
      "createdUserId": "aaefd11d-4a6f-43de-b8d1-f4d839285950",
      "updatedUserId": "aaefd11d-4a6f-43de-b8d1-f4d839285950"
    }
  ],
  "botMessages": [
    {
      "channelContent": {
        "web": {
          "contentFormat": "Markdown",
          "content": "Go to the team name and click More options &gt; Hide."
        }
      },
      "id": "f0e3a7c5-fdb1-4f4b-9b99-1324c1861eea",
      "createdTime": "2021-01-21T11:36:41.843367Z",
      "updatedTime": "2021-01-21T11:36:41.843367Z",
      "createdUserId": "aaefd11d-4a6f-43de-b8d1-f4d839285950",
      "updatedUserId": "aaefd11d-4a6f-43de-b8d1-f4d839285950"
    }
  ]
}