<ImportExportXml version="9.2.22112.192" SolutionPackageVersion="9.2" languagecode="1033" generatedBy="CrmLive" xmlns:xsi="http://www.w3.org/2001/XMLSchema-instance">
  <SolutionManifest>
    <UniqueName>ExportComponents03d94db945eb4f448d6b302913ab552b</UniqueName>
    <LocalizedNames>
      <LocalizedName description="ExportComponents03d94db945eb4f448d6b302913ab552b" languagecode="1033" />
    </LocalizedNames>
    <Descriptions />
    <Version>1.0</Version>
    <Managed>0</Managed>
    <Publisher>
      <UniqueName>Cr369c5</UniqueName>
      <LocalizedNames>
        <LocalizedName description="CDS Default Publisher" languagecode="1033" />
      </LocalizedNames>
      <Descriptions />
      <EMailAddress xsi:nil="true"></EMailAddress>
      <SupportingWebsiteUrl xsi:nil="true"></SupportingWebsiteUrl>
      <CustomizationPrefix>cr7f1</CustomizationPrefix>
      <CustomizationOptionValuePrefix>40549</CustomizationOptionValuePrefix>
    </Publisher>
    <RootComponents>
      <RootComponent type="1" schemaName="crba3_questionresponse" behavior="0" />
      <RootComponent type="1" schemaName="crba3_request" behavior="0" />
      <RootComponent type="1" schemaName="crba3_surveyquestion" behavior="0" />
      <RootComponent type="1" schemaName="crba3_surveyresponse" behavior="0" />
      <RootComponent type="9" schemaName="crba3_channel" behavior="0" />
      <RootComponent type="29" id="{b4baf798-f785-ed11-81ad-000d3adf7a19}" behavior="0" />
      <RootComponent type="29" id="{ef85be3f-f485-ed11-81ad-000d3adf7a19}" behavior="0" />
      <RootComponent type="29" id="{f085be3f-f485-ed11-81ad-000d3adf7a19}" behavior="0" />
      <RootComponent type="300" schemaName="crba3_datavisualization_c76fa" behavior="0" />
    </RootComponents>
    <MissingDependencies />
  </SolutionManifest>
</ImportExportXml>