{
  "intents": [
    {
      "triggerQueries": [
        "What is the limit for number of participants in a meeting?"
      ],
      "dialogId": "new_topic_e14df80bc6b742e2ac3ce4d9372d7739",
      "isTriggeringEnabled": true,
      "id": "new_topic_e14df80bc6b742e2ac3ce4d9372d7739",
      "displayName": "What is the limit for number of participants in a meeting?",
      "description": "https://adoptbotv2kb.blob.core.windows.net/%24web/AdoptBot2021-English.docx",
      "createdTime": "2021-01-21T11:36:41.843367Z",
      "updatedTime": "2021-01-21T11:39:20.3085895Z",
      "createdUserId": "aaefd11d-4a6f-43de-b8d1-f4d839285950",
      "updatedUserId": "aaefd11d-4a6f-43de-b8d1-f4d839285950"
    }
  ],
  "dialogs": [
    {
      "rootNodeId": "b9ff4268-323f-4329-b2df-067cc5830882",
      "messageNodes": [
        {
          "botMessageId": "1e157ada-d4bb-490c-af36-dea314d473e0",
          "nodeType": "BotMessageNode",
          "id": "b9ff4268-323f-4329-b2df-067cc5830882",
          "defaultTargetNodeId": "b0a239fa-c9d5-424d-bbd3-0d0336c7fc32"
        }
      ],
      "dialogChangeNodes": [
        {
          "targetDialogId": "new_topic_a96de8db0acd41edb5a2e60fb0d93441_aeabea4d071f415c8c107e1cb7af5424_assumedsuccess",
          "nodeType": "DialogChangeNode",
          "id": "b0a239fa-c9d5-424d-bbd3-0d0336c7fc32"
        }
      ],
      "id": "new_topic_e14df80bc6b742e2ac3ce4d9372d7739",
      "displayName": "Dialog for What is the limit for number of participants in a meeting?",
      "createdTime": "2021-01-21T11:36:41.843367Z",
      "updatedTime": "2021-04-15T16:27:00.5170178Z",
      "createdUserId": "aaefd11d-4a6f-43de-b8d1-f4d839285950",
      "updatedUserId": "48f198bb-e502-4f97-a451-2d183a0193e9"
    }
  ],
  "botMessages": [
    {
      "channelContent": {
        "web": {
          "contentFormat": "Markdown",
          "content": "[The maximum number of people in a regular Teams](https://docs.microsoft.com/en-us/microsoftteams/limits-specifications-teams#meetings-and-calls) [meeting is](https://docs.microsoft.com/en-us/microsoftteams/limits-specifications-teams#meetings-and-calls) currently 300. View-only allows for up to 10,000 listen-only participants to join."
        }
      },
      "id": "1e157ada-d4bb-490c-af36-dea314d473e0",
      "createdTime": "2021-01-21T11:36:41.843367Z",
      "updatedTime": "2021-01-21T11:36:41.843367Z",
      "createdUserId": "aaefd11d-4a6f-43de-b8d1-f4d839285950",
      "updatedUserId": "aaefd11d-4a6f-43de-b8d1-f4d839285950"
    }
  ],
  "createdUtc": "0001-01-01T00:00:00Z"
}