{
  "intents": [
    {
      "triggerQueries": [
        "É possível mover ficheiros entre canais nas Equipas?",
        "Dá para mover ficheiros entre canais de uma Equipa?",
        "Existe forma de mover ficheiros entre canais nas equipas?",
        "Como mover ficheiros entre canais nas Equipas?",
        "Como posso mover ficheiros entre canais em Equipas?"
      ],
      "dialogId": "new_topic_cbd0e55753914e0aade33ec055bb7fdf",
      "isTriggeringEnabled": true,
      "id": "new_topic_cbd0e55753914e0aade33ec055bb7fdf",
      "displayName": "Como posso mover ficheiros entre canais em Equipas?",
      "createdTime": "2023-01-03T12:14:58.0258571Z",
      "updatedTime": "2023-01-03T12:14:58.0258571Z",
      "createdUserId": "1217587e-94d3-4d46-b9e3-9ad63e50a6a1",
      "updatedUserId": "1217587e-94d3-4d46-b9e3-9ad63e50a6a1"
    }
  ],
  "dialogs": [
    {
      "rootNodeId": "6d19486d-021c-49f7-aa57-8cf300165cbf",
      "messageNodes": [
        {
          "botMessageId": "816595e4-e9f5-480e-9e74-6be6aa146415",
          "nodeType": "BotMessageNode",
          "id": "6d19486d-021c-49f7-aa57-8cf300165cbf",
          "defaultTargetNodeId": "87cce4cf-f8e1-4917-a871-8618c9c1f9ad"
        }
      ],
      "dialogChangeNodes": [
        {
          "targetDialogId": "new_topic_e347a2395e634a7880736d574ee58956_aeabea4d071f415c8c107e1cb7af5424_assumedsuccess",
          "nodeType": "DialogChangeNode",
          "id": "87cce4cf-f8e1-4917-a871-8618c9c1f9ad"
        }
      ],
      "id": "new_topic_cbd0e55753914e0aade33ec055bb7fdf",
      "displayName": "Untitled",
      "createdTime": "2023-01-03T12:14:58.0258571Z",
      "updatedTime": "2023-01-03T12:14:58.0258571Z",
      "createdUserId": "1217587e-94d3-4d46-b9e3-9ad63e50a6a1",
      "updatedUserId": "1217587e-94d3-4d46-b9e3-9ad63e50a6a1"
    }
  ],
  "botMessages": [
    {
      "channelContent": {
        "web": {
          "contentFormat": "Markdown",
          "content": "Você pode mover os ficheiros através do separador \"Ficheiros\" no respetivo canal.\n\nConfira isto se deseja um guia passo a passo: [Mover ou copiar ficheiros em Equipas](https://support.office.com/en-us/article/move-or-copy-files-in-teams-f83ed547-359b-4fc8-bf5a-60467f53dd60)"
        }
      },
      "id": "816595e4-e9f5-480e-9e74-6be6aa146415",
      "createdTime": "2023-01-03T12:13:39.012Z",
      "updatedTime": "2023-01-03T12:13:39.012Z"
    }
  ]
}