{
  "intents": [
    {
      "triggerQueries": [
        "como posso convidar novas pessoas para um chat em grupo?",
        "como convidar pessoas para um chat em grupo?",
        "como criar um chat em grupo?",
        "como criar uma conversa em grupo?",
        "Como início uma conversa de grupo?"
      ],
      "dialogId": "new_topic_2e8ef421562b4c22a1a7f2ac44e0f344",
      "isTriggeringEnabled": true,
      "id": "new_topic_2e8ef421562b4c22a1a7f2ac44e0f344",
      "displayName": "Como início uma conversa de grupo?",
      "createdTime": "2022-12-30T12:34:41.358464Z",
      "updatedTime": "2022-12-30T12:34:41.358464Z",
      "createdUserId": "1217587e-94d3-4d46-b9e3-9ad63e50a6a1",
      "updatedUserId": "1217587e-94d3-4d46-b9e3-9ad63e50a6a1"
    }
  ],
  "dialogs": [
    {
      "rootNodeId": "3ca9b60a-0f8c-43cb-a53f-28c30d8fb042",
      "messageNodes": [
        {
          "botMessageId": "a54c8b91-d5f3-46f1-9cfe-1163b22f582f",
          "nodeType": "BotMessageNode",
          "id": "3ca9b60a-0f8c-43cb-a53f-28c30d8fb042",
          "defaultTargetNodeId": "1a650c2a-4f86-47bb-99bb-3e38ccb3d1c1"
        }
      ],
      "dialogChangeNodes": [
        {
          "targetDialogId": "new_topic_e347a2395e634a7880736d574ee58956_aeabea4d071f415c8c107e1cb7af5424_assumedsuccess",
          "nodeType": "DialogChangeNode",
          "id": "1a650c2a-4f86-47bb-99bb-3e38ccb3d1c1"
        }
      ],
      "id": "new_topic_2e8ef421562b4c22a1a7f2ac44e0f344",
      "displayName": "Untitled",
      "createdTime": "2022-12-30T12:34:41.358464Z",
      "updatedTime": "2022-12-30T12:34:41.358464Z",
      "createdUserId": "1217587e-94d3-4d46-b9e3-9ad63e50a6a1",
      "updatedUserId": "1217587e-94d3-4d46-b9e3-9ad63e50a6a1"
    }
  ],
  "botMessages": [
    {
      "channelContent": {
        "web": {
          "contentFormat": "Markdown",
          "content": "Para enviar uma mensagem privada, clique primeiro em **Novo chat** no topo da app para iniciar uma nova conversação. No campo **Para,** escreva o nome da pessoa ou pessoas com quem quer conversar. Escreva a sua e clique em Enviar\\*\\*.\\*\\*\n\nPara adicionar alguém a uma conversa que já está em curso:\n\nBasta clicar **Em Adicionar pessoas.** Um **chat de grupo** é então automaticamente criado.\n\nIrá ter a capacidade de decidir se a nova pessoa pode ver tudo, alguma informação ou nada da história do chat.\n\nLembre-se de dar o nome da sua conversa de grupo. Vai ser mais fácil de encontrar e todos entendem o que está a ser discutido."
        }
      },
      "id": "a54c8b91-d5f3-46f1-9cfe-1163b22f582f",
      "createdTime": "2022-12-30T12:33:35.91Z",
      "updatedTime": "2022-12-30T12:33:35.91Z"
    }
  ]
}