{
  "intents": [
    {
      "intentType": "Regular",
      "triggerQueries": [
        "What is Microsoft 365?"
      ],
      "dialogId": "new_topic_2183131e4f5c4c2e8fe618fc945b6dcb",
      "isTriggeringEnabled": true,
      "id": "new_topic_2183131e4f5c4c2e8fe618fc945b6dcb",
      "displayName": "What is Microsoft 365?",
      "description": "https://adoptbotv2kb.blob.core.windows.net/%24web/AdoptBot2021-English.docx",
      "createdTime": "2021-01-21T11:36:41.843367Z",
      "updatedTime": "2021-01-21T11:39:23.4338349Z",
      "createdUserId": "aaefd11d-4a6f-43de-b8d1-f4d839285950",
      "updatedUserId": "aaefd11d-4a6f-43de-b8d1-f4d839285950"
    }
  ],
  "dialogs": [
    {
      "rootNodeId": "869daebf-311a-4396-b2a6-ad42961103e3",
      "messageNodes": [
        {
          "botMessageId": "f1332d53-65c0-4826-80c1-4467c75d6e1f",
          "nodeType": "BotMessageNode",
          "id": "869daebf-311a-4396-b2a6-ad42961103e3",
          "defaultTargetNodeId": "2c6254cc-313c-4821-8cbb-9a9174c457f3"
        }
      ],
      "dialogChangeNodes": [
        {
          "targetDialogId": "new_topic_a96de8db0acd41edb5a2e60fb0d93441_aeabea4d071f415c8c107e1cb7af5424_assumedsuccess",
          "nodeType": "DialogChangeNode",
          "id": "2c6254cc-313c-4821-8cbb-9a9174c457f3"
        }
      ],
      "id": "new_topic_2183131e4f5c4c2e8fe618fc945b6dcb",
      "displayName": "Dialog for What is Microsoft 365?",
      "createdTime": "2021-01-21T11:36:41.843367Z",
      "updatedTime": "2021-01-21T11:36:41.843367Z",
      "createdUserId": "aaefd11d-4a6f-43de-b8d1-f4d839285950",
      "updatedUserId": "aaefd11d-4a6f-43de-b8d1-f4d839285950"
    }
  ],
  "botMessages": [
    {
      "channelContent": {
        "web": {
          "contentFormat": "Markdown",
          "content": "Microsoft 365 is the universal toolkit for collaboration.  [Read more here!](https://www.microsoft.com/en-us/microsoft-365)"
        }
      },
      "id": "f1332d53-65c0-4826-80c1-4467c75d6e1f",
      "createdTime": "2021-01-21T11:36:41.843367Z",
      "updatedTime": "2021-01-21T11:36:41.843367Z",
      "createdUserId": "aaefd11d-4a6f-43de-b8d1-f4d839285950",
      "updatedUserId": "aaefd11d-4a6f-43de-b8d1-f4d839285950"
    }
  ]
}