{
  "intents": [
    {
      "triggerQueries": [
        "Live Event system requirements?"
      ],
      "dialogId": "new_topic_dce5c58c613647d6b9c0ace8a7af815f",
      "isTriggeringEnabled": true,
      "id": "new_topic_dce5c58c613647d6b9c0ace8a7af815f",
      "displayName": "Live Event system requirements?",
      "description": "https://hickweb.blob.core.windows.net/$web/AdoptBot/AdoptBot2022-English.docx",
      "createdTime": "2022-03-02T14:57:19.3513008Z",
      "updatedTime": "2022-03-02T14:59:13.5076716Z",
      "createdUserId": "3e27f02e-042d-4f0e-be03-083d03c89917",
      "updatedUserId": "3e27f02e-042d-4f0e-be03-083d03c89917"
    }
  ],
  "dialogs": [
    {
      "rootNodeId": "6fdf9900-3b62-404f-b5bd-c97b3c49fb7a",
      "messageNodes": [
        {
          "botMessageId": "c56580a4-ffcb-49d0-8c6a-58def79ed5d5",
          "nodeType": "BotMessageNode",
          "id": "6fdf9900-3b62-404f-b5bd-c97b3c49fb7a",
          "defaultTargetNodeId": "f045ea11-ed3e-41dd-8b7c-dd3d0706f5c5"
        }
      ],
      "dialogChangeNodes": [
        {
          "targetDialogId": "new_topic_f3954ff416624052b3434952b36c18d0_aeabea4d071f415c8c107e1cb7af5424_assumedsuccess",
          "nodeType": "DialogChangeNode",
          "id": "f045ea11-ed3e-41dd-8b7c-dd3d0706f5c5"
        }
      ],
      "id": "new_topic_dce5c58c613647d6b9c0ace8a7af815f",
      "displayName": "Live Event system requirements?",
      "createdTime": "2022-03-02T14:57:08.4602637Z",
      "createdUserId": "3e27f02e-042d-4f0e-be03-083d03c89917"
    }
  ],
  "botMessages": [
    {
      "channelContent": {
        "web": {
          "contentFormat": "Markdown",
          "content": "Supported operating systems:\r\n\r\nWindows 7 and later (32-bit and 64-bit), macOS 10.10 and  later.\r\n\r\nSupported mobile operating systems:\r\n\r\nAndroid 4.4 and later, iOS 10 and later\r\n\r\nSupported Browsers:\r\n\r\nMicrosoft Edge RS2 and later, Chrome (latest  3 versions), Firefox (latest 3 versions ), Internet Explorer 11, Safari."
        }
      },
      "id": "c56580a4-ffcb-49d0-8c6a-58def79ed5d5"
    }
  ]
}