{
  "intents": [
    {
      "triggerQueries": [
        "Enable the modern meeting experience?"
      ],
      "dialogId": "new_topic_b854f3b22e0f46fbb88b1ae94086ec53",
      "isTriggeringEnabled": true,
      "id": "new_topic_b854f3b22e0f46fbb88b1ae94086ec53",
      "displayName": "Enable the modern meeting experience?",
      "description": "https://hickweb.blob.core.windows.net/$web/AdoptBot/AdoptBot2022-English.docx",
      "createdTime": "2022-03-02T14:57:19.3513008Z",
      "updatedTime": "2022-03-02T14:58:58.6482513Z",
      "createdUserId": "3e27f02e-042d-4f0e-be03-083d03c89917",
      "updatedUserId": "3e27f02e-042d-4f0e-be03-083d03c89917"
    }
  ],
  "dialogs": [
    {
      "rootNodeId": "2dd582d6-aa61-42b7-8911-7b65b9a4b10b",
      "messageNodes": [
        {
          "botMessageId": "4fa72255-6aa0-4b82-a517-71c2784fe829",
          "nodeType": "BotMessageNode",
          "id": "2dd582d6-aa61-42b7-8911-7b65b9a4b10b",
          "defaultTargetNodeId": "36202822-178c-430e-87f4-66ed6fd651d7"
        }
      ],
      "dialogChangeNodes": [
        {
          "targetDialogId": "new_topic_f3954ff416624052b3434952b36c18d0_aeabea4d071f415c8c107e1cb7af5424_assumedsuccess",
          "nodeType": "DialogChangeNode",
          "id": "36202822-178c-430e-87f4-66ed6fd651d7"
        }
      ],
      "id": "new_topic_b854f3b22e0f46fbb88b1ae94086ec53",
      "displayName": "Enable the modern meeting experience?",
      "createdTime": "2022-03-02T14:57:08.4602637Z",
      "createdUserId": "3e27f02e-042d-4f0e-be03-083d03c89917"
    }
  ],
  "botMessages": [
    {
      "channelContent": {
        "web": {
          "contentFormat": "Markdown",
          "content": "Open settings in Teams.\r\n\r\nClick General Settings.\r\n\r\nSelect Turn on new meeting experience .\r\n\r\nRestart Teams by right clicking its icon and selecting Quit.\r\n\r\nThis choice  will/has become the standard going forward and does not need to be made."
        }
      },
      "id": "4fa72255-6aa0-4b82-a517-71c2784fe829"
    }
  ]
}