{
  "intents": [
    {
      "endUserOverrideName": "Qual é a diferença entre uma equipa e um canal?",
      "triggerQueries": [
        "equipa ou canal",
        "canal vs equipa",
        "Qual é a diferença entre uma equipa e um canal?"
      ],
      "dialogId": "new_topic_407ce17000a149fabf85a39943c53d03",
      "isTriggeringEnabled": true,
      "id": "new_topic_407ce17000a149fabf85a39943c53d03",
      "displayName": "Qual é a diferença entre uma equipa e um canal?",
      "createdTime": "2022-12-30T11:45:18.9195624Z",
      "updatedTime": "2022-12-30T11:45:18.9195624Z",
      "createdUserId": "1217587e-94d3-4d46-b9e3-9ad63e50a6a1",
      "updatedUserId": "1217587e-94d3-4d46-b9e3-9ad63e50a6a1"
    }
  ],
  "dialogs": [
    {
      "rootNodeId": "0470b4d0-0b03-4a54-87f5-4fe19b31e954",
      "messageNodes": [
        {
          "botMessageId": "b77e4e74-ccc5-4298-b2d4-f1b06b0223f9",
          "nodeType": "BotMessageNode",
          "id": "0470b4d0-0b03-4a54-87f5-4fe19b31e954",
          "defaultTargetNodeId": "9749076b-51ac-4976-8fc6-d21da63fca5d"
        }
      ],
      "dialogChangeNodes": [
        {
          "targetDialogId": "new_topic_e347a2395e634a7880736d574ee58956_aeabea4d071f415c8c107e1cb7af5424_assumedsuccess",
          "nodeType": "DialogChangeNode",
          "id": "9749076b-51ac-4976-8fc6-d21da63fca5d"
        }
      ],
      "id": "new_topic_407ce17000a149fabf85a39943c53d03",
      "displayName": "Untitled",
      "createdTime": "2022-12-30T11:45:18.9195624Z",
      "updatedTime": "2022-12-30T11:45:18.9195624Z",
      "createdUserId": "1217587e-94d3-4d46-b9e3-9ad63e50a6a1",
      "updatedUserId": "1217587e-94d3-4d46-b9e3-9ad63e50a6a1"
    }
  ],
  "botMessages": [
    {
      "channelContent": {
        "web": {
          "contentFormat": "Markdown",
          "content": "Uma equipa é um grupo de pessoas reunidas para fazer algo grande na sua organização. Às vezes é toda a sua organização.\n\nUma equipa é composta por canais, onde colabora e comunica com os membros da sua equipa. Cada canal é dedicado a um tópico específico, departamento ou projeto.\n\nPor exemplo, uma equipa pode ter o canal geral, consultas diárias, reuniões equipa e mais canais. Todas as conversas, reuniões, ficheiros e aplicações no canal \"consultas diárias” estarão apenas relacionados com este tópico, e tudo nesse canal é visível para todos na sua equipa.\n\nOs canais são onde o trabalho realmente é realizado, onde [conversas de texto, áudio e vídeo](https://support.microsoft.com/en-us/office/meetings-in-teams-e0b0ae21-53ee-4462-a50d-ca9b9e217b67) para toda a equipa ocorrem abertamente, onde os ficheiros são partilhados, e onde as [aplicações são adicionadas.](https://support.microsoft.com/en-us/office/add-an-app-to-microsoft-teams-b2217706-f7ed-4e64-8e96-c413afd02f77)"
        }
      },
      "id": "b77e4e74-ccc5-4298-b2d4-f1b06b0223f9",
      "createdTime": "2022-12-30T11:44:36.745Z",
      "updatedTime": "2022-12-30T11:44:36.745Z"
    }
  ]
}