{
  "intents": [
    {
      "triggerQueries": [
        "What is SharePoint?"
      ],
      "dialogId": "new_topic_f2c8710a3ecb43f1b20a63e9da5434c1",
      "isTriggeringEnabled": true,
      "id": "new_topic_f2c8710a3ecb43f1b20a63e9da5434c1",
      "displayName": "What is SharePoint?",
      "description": "https://hickweb.blob.core.windows.net/$web/AdoptBot/AdoptBot2022-English.docx",
      "createdTime": "2022-03-02T14:57:19.3356723Z",
      "updatedTime": "2022-03-02T15:00:50.8659998Z",
      "createdUserId": "3e27f02e-042d-4f0e-be03-083d03c89917",
      "updatedUserId": "3e27f02e-042d-4f0e-be03-083d03c89917"
    }
  ],
  "dialogs": [
    {
      "rootNodeId": "cf46c7ed-819e-4d0c-aa74-aec1b5f9aa2a",
      "messageNodes": [
        {
          "botMessageId": "f6504c64-a0c2-4cea-bca3-c21f6e3c41df",
          "nodeType": "BotMessageNode",
          "id": "cf46c7ed-819e-4d0c-aa74-aec1b5f9aa2a",
          "defaultTargetNodeId": "81de387a-3e4b-40e8-a766-eab9b4967fe9"
        }
      ],
      "dialogChangeNodes": [
        {
          "targetDialogId": "new_topic_f3954ff416624052b3434952b36c18d0_aeabea4d071f415c8c107e1cb7af5424_assumedsuccess",
          "nodeType": "DialogChangeNode",
          "id": "81de387a-3e4b-40e8-a766-eab9b4967fe9"
        }
      ],
      "id": "new_topic_f2c8710a3ecb43f1b20a63e9da5434c1",
      "displayName": "What is SharePoint?",
      "createdTime": "2022-03-02T14:57:08.4602637Z",
      "createdUserId": "3e27f02e-042d-4f0e-be03-083d03c89917"
    }
  ],
  "botMessages": [
    {
      "channelContent": {
        "web": {
          "contentFormat": "Markdown",
          "content": "SharePoint is used by organizations to create websites. You can use SharePoint as a secure place to store, organize, share, and access information from almost any device. All you need is a web browser.\r\n\r\n[See the full list of SharePoint capabilities.](https://support.office.com/en-za/article/What-is-SharePoint--97b915e6-651b-43b2-827d-fb25777f446f)"
        }
      },
      "id": "f6504c64-a0c2-4cea-bca3-c21f6e3c41df"
    }
  ]
}