{
  "intents": [
    {
      "triggerQueries": [
        "How many total phone participants can I have in meetings?"
      ],
      "dialogId": "new_topic_2c414a5b694841beacb03dde158b0c94",
      "isTriggeringEnabled": true,
      "id": "new_topic_2c414a5b694841beacb03dde158b0c94",
      "displayName": "How many total phone participants can I have in meetings?",
      "description": "https://hickweb.blob.core.windows.net/$web/AdoptBot/AdoptBot2022-English.docx",
      "createdTime": "2022-03-02T14:57:19.3356723Z",
      "updatedTime": "2022-03-02T15:01:26.0591772Z",
      "createdUserId": "3e27f02e-042d-4f0e-be03-083d03c89917",
      "updatedUserId": "3e27f02e-042d-4f0e-be03-083d03c89917"
    }
  ],
  "dialogs": [
    {
      "rootNodeId": "0eb6a3df-9d42-418d-afd5-267a017a5092",
      "messageNodes": [
        {
          "botMessageId": "c0fa19be-f01a-448f-9b52-94b850a56207",
          "nodeType": "BotMessageNode",
          "id": "0eb6a3df-9d42-418d-afd5-267a017a5092",
          "defaultTargetNodeId": "c295e805-627b-42eb-808c-773a278a6b48"
        }
      ],
      "dialogChangeNodes": [
        {
          "targetDialogId": "new_topic_f3954ff416624052b3434952b36c18d0_aeabea4d071f415c8c107e1cb7af5424_assumedsuccess",
          "nodeType": "DialogChangeNode",
          "id": "c295e805-627b-42eb-808c-773a278a6b48"
        }
      ],
      "id": "new_topic_2c414a5b694841beacb03dde158b0c94",
      "displayName": "How many total phone participants can I have in meetings?",
      "createdTime": "2022-03-02T14:57:08.4602637Z",
      "createdUserId": "3e27f02e-042d-4f0e-be03-083d03c89917"
    }
  ],
  "botMessages": [
    {
      "channelContent": {
        "web": {
          "contentFormat": "Markdown",
          "content": "[The](https://docs.microsoft.com/en-us/microsoftteams/limits-specifications-teams)[number of people who can participate by phone in a meeting](https://docs.microsoft.com/en-us/microsoftteams/limits-specifications-teams) is currently 1000.  View-only allows for up to 20,00 listen-only participants."
        }
      },
      "id": "c0fa19be-f01a-448f-9b52-94b850a56207"
    }
  ]
}