{
  "intents": [
    {
      "intentType": "Regular",
      "triggerQueries": [
        "How do I open a file from Teams on my phone?"
      ],
      "dialogId": "new_topic_91f25f167e4f4eae9aabe7e0db1c271c",
      "isTriggeringEnabled": true,
      "id": "new_topic_91f25f167e4f4eae9aabe7e0db1c271c",
      "displayName": "How do I open a file from Teams on my phone?",
      "description": "https://adoptbotv2kb.blob.core.windows.net/%24web/AdoptBot2021-English.docx",
      "createdTime": "2021-01-21T11:36:41.8423699Z",
      "updatedTime": "2021-01-21T11:44:06.2786557Z",
      "createdUserId": "aaefd11d-4a6f-43de-b8d1-f4d839285950",
      "updatedUserId": "aaefd11d-4a6f-43de-b8d1-f4d839285950"
    }
  ],
  "dialogs": [
    {
      "rootNodeId": "83482e27-e032-45f2-9407-fb51f56c2619",
      "messageNodes": [
        {
          "botMessageId": "fff465fa-0d0f-4786-9cd0-a516061340e6",
          "nodeType": "BotMessageNode",
          "id": "83482e27-e032-45f2-9407-fb51f56c2619",
          "defaultTargetNodeId": "e623d431-8445-4503-8aac-e0007648977d"
        }
      ],
      "dialogChangeNodes": [
        {
          "targetDialogId": "new_topic_a96de8db0acd41edb5a2e60fb0d93441_aeabea4d071f415c8c107e1cb7af5424_assumedsuccess",
          "nodeType": "DialogChangeNode",
          "id": "e623d431-8445-4503-8aac-e0007648977d"
        }
      ],
      "id": "new_topic_91f25f167e4f4eae9aabe7e0db1c271c",
      "displayName": "Dialog for How do I open a file from Teams on my phone?",
      "createdTime": "2021-01-21T11:36:41.8423699Z",
      "updatedTime": "2021-01-21T11:36:41.8423699Z",
      "createdUserId": "aaefd11d-4a6f-43de-b8d1-f4d839285950",
      "updatedUserId": "aaefd11d-4a6f-43de-b8d1-f4d839285950"
    }
  ],
  "botMessages": [
    {
      "channelContent": {
        "web": {
          "contentFormat": "Markdown",
          "content": "Teams is a great place to manage files from your phone .  If you go into a channel file from your Teams mobile app, you have the option to open or send a copy to someone."
        }
      },
      "id": "fff465fa-0d0f-4786-9cd0-a516061340e6",
      "createdTime": "2021-01-21T11:36:41.8423699Z",
      "updatedTime": "2021-01-21T11:36:41.8423699Z",
      "createdUserId": "aaefd11d-4a6f-43de-b8d1-f4d839285950",
      "updatedUserId": "aaefd11d-4a6f-43de-b8d1-f4d839285950"
    }
  ]
}