{
  "intents": [
    {
      "triggerQueries": [
        "How do I move files between channels in Teams?"
      ],
      "dialogId": "new_topic_b037cc3589b248e7b66bd1ed834d429e",
      "isTriggeringEnabled": true,
      "id": "new_topic_b037cc3589b248e7b66bd1ed834d429e",
      "displayName": "How do I move files between channels in Teams?",
      "description": "https://adoptbotv2kb.blob.core.windows.net/%24web/AdoptBot2021-English.docx",
      "createdTime": "2021-01-21T11:36:41.843367Z",
      "updatedTime": "2021-01-21T11:41:46.3908253Z",
      "createdUserId": "aaefd11d-4a6f-43de-b8d1-f4d839285950",
      "updatedUserId": "aaefd11d-4a6f-43de-b8d1-f4d839285950"
    }
  ],
  "dialogs": [
    {
      "rootNodeId": "64c9b261-edac-4968-bfda-0af161654672",
      "messageNodes": [
        {
          "botMessageId": "04e98e70-5c3b-4015-b2fc-1f1b674ede25",
          "nodeType": "BotMessageNode",
          "id": "64c9b261-edac-4968-bfda-0af161654672",
          "defaultTargetNodeId": "bd73d553-1177-4100-80f5-417db29fc8df"
        }
      ],
      "dialogChangeNodes": [
        {
          "targetDialogId": "new_topic_a96de8db0acd41edb5a2e60fb0d93441_aeabea4d071f415c8c107e1cb7af5424_assumedsuccess",
          "nodeType": "DialogChangeNode",
          "id": "bd73d553-1177-4100-80f5-417db29fc8df"
        }
      ],
      "id": "new_topic_b037cc3589b248e7b66bd1ed834d429e",
      "displayName": "Dialog for How do I move files between channels in Teams?",
      "createdTime": "2021-01-21T11:36:41.843367Z",
      "updatedTime": "2021-01-21T11:36:41.843367Z",
      "createdUserId": "aaefd11d-4a6f-43de-b8d1-f4d839285950",
      "updatedUserId": "aaefd11d-4a6f-43de-b8d1-f4d839285950"
    }
  ],
  "botMessages": [
    {
      "channelContent": {
        "web": {
          "contentFormat": "Markdown",
          "content": "Du can move the files  via the tab \"Files\"  in the respective channel.\r\n\r\nCheck out this if you want a step-by-step guide:  [Move or copy files in Teams](https://support.office.com/en-us/article/move-or-copy-files-in-teams-f83ed547-359b-4fc8-bf5a-60467f53dd60)"
        }
      },
      "id": "04e98e70-5c3b-4015-b2fc-1f1b674ede25",
      "createdTime": "2021-01-21T11:36:41.843367Z",
      "updatedTime": "2021-01-21T11:36:41.843367Z",
      "createdUserId": "aaefd11d-4a6f-43de-b8d1-f4d839285950",
      "updatedUserId": "aaefd11d-4a6f-43de-b8d1-f4d839285950"
    }
  ],
  "createdUtc": "0001-01-01T00:00:00Z"
}