{
  "intents": [
    {
      "triggerQueries": [
        "What is a team member?"
      ],
      "dialogId": "new_topic_f88e874172c943c9947506d6ea65599b",
      "isTriggeringEnabled": true,
      "id": "new_topic_f88e874172c943c9947506d6ea65599b",
      "displayName": "What is a team member?",
      "description": "https://hickweb.blob.core.windows.net/$web/AdoptBot/AdoptBot2022-English.docx",
      "createdTime": "2022-03-02T14:57:19.3356723Z",
      "updatedTime": "2022-03-02T15:00:30.6863915Z",
      "createdUserId": "3e27f02e-042d-4f0e-be03-083d03c89917",
      "updatedUserId": "3e27f02e-042d-4f0e-be03-083d03c89917"
    }
  ],
  "dialogs": [
    {
      "rootNodeId": "a0396b56-a3bd-4201-ae52-d2153a4a99ee",
      "messageNodes": [
        {
          "botMessageId": "1b6d146f-dd1e-4275-bfa9-df5ea842df24",
          "nodeType": "BotMessageNode",
          "id": "a0396b56-a3bd-4201-ae52-d2153a4a99ee",
          "defaultTargetNodeId": "f80ab833-f25f-41c8-92ae-7db3146c2f75"
        }
      ],
      "dialogChangeNodes": [
        {
          "targetDialogId": "new_topic_f3954ff416624052b3434952b36c18d0_aeabea4d071f415c8c107e1cb7af5424_assumedsuccess",
          "nodeType": "DialogChangeNode",
          "id": "f80ab833-f25f-41c8-92ae-7db3146c2f75"
        }
      ],
      "id": "new_topic_f88e874172c943c9947506d6ea65599b",
      "displayName": "What is a team member?",
      "createdTime": "2022-03-02T14:57:08.4602637Z",
      "createdUserId": "3e27f02e-042d-4f0e-be03-083d03c89917"
    }
  ],
  "botMessages": [
    {
      "channelContent": {
        "web": {
          "contentFormat": "Markdown",
          "content": "People who team owners invite to join their team."
        }
      },
      "id": "1b6d146f-dd1e-4275-bfa9-df5ea842df24"
    }
  ]
}