{
  "intents": [
    {
      "triggerQueries": [
        "What is the General Channel?"
      ],
      "dialogId": "new_topic_ba3ad381641c40bb9792f3bd504264e1",
      "isTriggeringEnabled": true,
      "id": "new_topic_ba3ad381641c40bb9792f3bd504264e1",
      "displayName": "What is the General Channel?",
      "description": "https://adoptbotv2kb.blob.core.windows.net/%24web/AdoptBot2021-English.docx",
      "createdTime": "2021-01-21T11:36:41.843367Z",
      "updatedTime": "2021-01-21T11:40:10.3579049Z",
      "createdUserId": "aaefd11d-4a6f-43de-b8d1-f4d839285950",
      "updatedUserId": "aaefd11d-4a6f-43de-b8d1-f4d839285950"
    }
  ],
  "dialogs": [
    {
      "rootNodeId": "7b94e2c3-1400-4ca1-92ae-aefad0c3f6d6",
      "messageNodes": [
        {
          "botMessageId": "e6dbce97-1f00-4325-bc3d-9e644cb8270a",
          "nodeType": "BotMessageNode",
          "id": "7b94e2c3-1400-4ca1-92ae-aefad0c3f6d6",
          "defaultTargetNodeId": "ef19b410-328c-4f94-8923-3746479fe2ea"
        }
      ],
      "dialogChangeNodes": [
        {
          "targetDialogId": "new_topic_a96de8db0acd41edb5a2e60fb0d93441_aeabea4d071f415c8c107e1cb7af5424_assumedsuccess",
          "nodeType": "DialogChangeNode",
          "id": "ef19b410-328c-4f94-8923-3746479fe2ea"
        }
      ],
      "id": "new_topic_ba3ad381641c40bb9792f3bd504264e1",
      "displayName": "Dialog for What is the General Channel?",
      "createdTime": "2021-01-21T11:36:41.843367Z",
      "updatedTime": "2021-01-21T11:36:41.843367Z",
      "createdUserId": "aaefd11d-4a6f-43de-b8d1-f4d839285950",
      "updatedUserId": "aaefd11d-4a6f-43de-b8d1-f4d839285950"
    }
  ],
  "botMessages": [
    {
      "channelContent": {
        "web": {
          "contentFormat": "Markdown",
          "content": "By default, the General channel is created for you in each team. There are many useful purposes with the General Channel:\r\n\r\n- Use it to share an overview of what the team wants to achieve.  For example, a project overview or who is who on the team.\r\n- Use it for new team  member onboarding and other general information that a new team member would find useful.\r\n- Use it for announcements.\r\n\r\n\r\nWhen naming channels, remember that the channels will be ordered  alphabetically after the General channel. Currently, you cannot delete the General channel."
        }
      },
      "id": "e6dbce97-1f00-4325-bc3d-9e644cb8270a",
      "createdTime": "2021-01-21T11:36:41.843367Z",
      "updatedTime": "2021-01-21T11:36:41.843367Z",
      "createdUserId": "aaefd11d-4a6f-43de-b8d1-f4d839285950",
      "updatedUserId": "aaefd11d-4a6f-43de-b8d1-f4d839285950"
    }
  ],
  "createdUtc": "0001-01-01T00:00:00Z"
}