{
  "intents": [
    {
      "intentType": "Regular",
      "triggerQueries": [
        "How do make an announcement?"
      ],
      "dialogId": "new_topic_7383424ad6344d8f8bee91df2f0e88a1",
      "isTriggeringEnabled": true,
      "id": "new_topic_7383424ad6344d8f8bee91df2f0e88a1",
      "displayName": "How do make an announcement?",
      "description": "https://adoptbotv2kb.blob.core.windows.net/%24web/AdoptBot2021-English.docx",
      "createdTime": "2021-01-21T11:36:41.843367Z",
      "updatedTime": "2021-01-21T11:41:28.9092417Z",
      "createdUserId": "aaefd11d-4a6f-43de-b8d1-f4d839285950",
      "updatedUserId": "aaefd11d-4a6f-43de-b8d1-f4d839285950"
    }
  ],
  "dialogs": [
    {
      "rootNodeId": "999c5b14-4cb1-48a5-b8ae-1cae3137914c",
      "messageNodes": [
        {
          "botMessageId": "f852176b-2979-4e95-957c-66b4dbd09cef",
          "nodeType": "BotMessageNode",
          "id": "999c5b14-4cb1-48a5-b8ae-1cae3137914c",
          "defaultTargetNodeId": "2e032cd0-cd3b-4945-96bb-8814fab333b8"
        }
      ],
      "dialogChangeNodes": [
        {
          "targetDialogId": "new_topic_a96de8db0acd41edb5a2e60fb0d93441_aeabea4d071f415c8c107e1cb7af5424_assumedsuccess",
          "nodeType": "DialogChangeNode",
          "id": "2e032cd0-cd3b-4945-96bb-8814fab333b8"
        }
      ],
      "id": "new_topic_7383424ad6344d8f8bee91df2f0e88a1",
      "displayName": "Dialog for How do make an announcement?",
      "createdTime": "2021-01-21T11:36:41.843367Z",
      "updatedTime": "2021-01-21T11:36:41.843367Z",
      "createdUserId": "aaefd11d-4a6f-43de-b8d1-f4d839285950",
      "updatedUserId": "aaefd11d-4a6f-43de-b8d1-f4d839285950"
    }
  ],
  "botMessages": [
    {
      "channelContent": {
        "web": {
          "contentFormat": "Markdown",
          "content": "You can make an announcement that stands out from the rest of the conversations and really be heard\r\n\r\nTo create an announcement, select the formatting button (looks like an A with a pen) and drop down menu | New Conversation and choose Announcement.\r\n\r\nChoose a background image for more effect"
        }
      },
      "id": "f852176b-2979-4e95-957c-66b4dbd09cef",
      "createdTime": "2021-01-21T11:36:41.843367Z",
      "updatedTime": "2021-01-21T11:36:41.843367Z",
      "createdUserId": "aaefd11d-4a6f-43de-b8d1-f4d839285950",
      "updatedUserId": "aaefd11d-4a6f-43de-b8d1-f4d839285950"
    }
  ]
}