{
  "intents": [
    {
      "intentType": "Regular",
      "triggerQueries": [
        "Can people with earlier versions of Office open documents I've created using Office 365?"
      ],
      "dialogId": "new_topic_a112ffb698384791ad8dead11d26d679",
      "isTriggeringEnabled": true,
      "id": "new_topic_a112ffb698384791ad8dead11d26d679",
      "displayName": "Can people with earlier versions of Office open documents I've created using Office 365?",
      "description": "https://adoptbotv2kb.blob.core.windows.net/%24web/AdoptBot2021-English.docx",
      "createdTime": "2021-01-21T11:36:41.843367Z",
      "updatedTime": "2021-01-21T11:39:32.4691544Z",
      "createdUserId": "aaefd11d-4a6f-43de-b8d1-f4d839285950",
      "updatedUserId": "aaefd11d-4a6f-43de-b8d1-f4d839285950"
    }
  ],
  "dialogs": [
    {
      "rootNodeId": "2684b571-2d3b-4a9e-9ad9-99c5efc86af5",
      "messageNodes": [
        {
          "botMessageId": "991deadb-4bb8-499a-ad2e-0922c8eb7f14",
          "nodeType": "BotMessageNode",
          "id": "2684b571-2d3b-4a9e-9ad9-99c5efc86af5",
          "defaultTargetNodeId": "6e35c9cd-aed8-499d-82cb-47a34430ad36"
        }
      ],
      "dialogChangeNodes": [
        {
          "targetDialogId": "new_topic_a96de8db0acd41edb5a2e60fb0d93441_aeabea4d071f415c8c107e1cb7af5424_assumedsuccess",
          "nodeType": "DialogChangeNode",
          "id": "6e35c9cd-aed8-499d-82cb-47a34430ad36"
        }
      ],
      "id": "new_topic_a112ffb698384791ad8dead11d26d679",
      "displayName": "Dialog for Can people with earlier versions of Office open documents I've created using Office 365?",
      "createdTime": "2021-01-21T11:36:41.843367Z",
      "updatedTime": "2021-01-21T11:36:41.843367Z",
      "createdUserId": "aaefd11d-4a6f-43de-b8d1-f4d839285950",
      "updatedUserId": "aaefd11d-4a6f-43de-b8d1-f4d839285950"
    }
  ],
  "botMessages": [
    {
      "channelContent": {
        "web": {
          "contentFormat": "Markdown",
          "content": "People using Office 365, Office 2019, Office 2016, Office 2013, and Office 2010 applications can open documents created using Microsoft 365 without any further action."
        }
      },
      "id": "991deadb-4bb8-499a-ad2e-0922c8eb7f14",
      "createdTime": "2021-01-21T11:36:41.843367Z",
      "updatedTime": "2021-01-21T11:36:41.843367Z",
      "createdUserId": "aaefd11d-4a6f-43de-b8d1-f4d839285950",
      "updatedUserId": "aaefd11d-4a6f-43de-b8d1-f4d839285950"
    }
  ]
}