{
  "intents": [
    {
      "triggerQueries": [
        "How do I turn on Together mode?"
      ],
      "dialogId": "new_topic_d12e00ec17574c389a32349de4627ee1",
      "isTriggeringEnabled": true,
      "id": "new_topic_d12e00ec17574c389a32349de4627ee1",
      "displayName": "How do I turn on Together mode?",
      "description": "https://adoptbotv2kb.blob.core.windows.net/%24web/AdoptBot2021-English.docx",
      "createdTime": "2021-01-21T11:36:41.843367Z",
      "updatedTime": "2021-01-21T11:42:28.4683973Z",
      "createdUserId": "aaefd11d-4a6f-43de-b8d1-f4d839285950",
      "updatedUserId": "aaefd11d-4a6f-43de-b8d1-f4d839285950"
    }
  ],
  "dialogs": [
    {
      "rootNodeId": "09db188c-d41e-4690-85f4-ad743e431e00",
      "messageNodes": [
        {
          "botMessageId": "1500e221-c498-4940-8874-6bb0f7754fe5",
          "nodeType": "BotMessageNode",
          "id": "09db188c-d41e-4690-85f4-ad743e431e00",
          "defaultTargetNodeId": "e6690382-6e08-4f9d-bde7-691dc2a4e587"
        }
      ],
      "dialogChangeNodes": [
        {
          "targetDialogId": "new_topic_a96de8db0acd41edb5a2e60fb0d93441_aeabea4d071f415c8c107e1cb7af5424_assumedsuccess",
          "nodeType": "DialogChangeNode",
          "id": "e6690382-6e08-4f9d-bde7-691dc2a4e587"
        }
      ],
      "id": "new_topic_d12e00ec17574c389a32349de4627ee1",
      "displayName": "Dialog for How do I turn on Together mode?",
      "createdTime": "2021-01-21T11:36:41.843367Z",
      "updatedTime": "2021-01-21T11:36:41.843367Z",
      "createdUserId": "aaefd11d-4a6f-43de-b8d1-f4d839285950",
      "updatedUserId": "aaefd11d-4a6f-43de-b8d1-f4d839285950"
    }
  ],
  "botMessages": [
    {
      "channelContent": {
        "web": {
          "contentFormat": "Markdown",
          "content": "Together mode increases the feeling of being together and, according to studies, reduces the cognitive burden on us in digital meetings. You're likely to be less tired than from regular views in digital meetings!\r\n\r\nGo to the meeting options during the meeting \"...\" and click Together mode to enable this view for you (only affects how you see the meeting). To be visible in Together mode, you must have your camera turned on. Currently, up to 50 different people can be seen in Together mode at the same time depending on the choice of scene.\r\n\r\n[Learn more about](https://support.microsoft.com/en-us/office/anv%c3%a4nda-video-i-microsoft-teams-3647fc29-7b92-4c26-8c2d-8a596904cdae?ui=sv-SE&rs=sv-SE&ad=SE) [your](https://support.microsoft.com/en-us/office/anv%c3%a4nda-video-i-microsoft-teams-3647fc29-7b92-4c26-8c2d-8a596904cdae?ui=sv-SE&rs=sv-SE&ad=SE) video options in Teams."
        }
      },
      "id": "1500e221-c498-4940-8874-6bb0f7754fe5",
      "createdTime": "2021-01-21T11:36:41.843367Z",
      "updatedTime": "2021-01-21T11:36:41.843367Z",
      "createdUserId": "aaefd11d-4a6f-43de-b8d1-f4d839285950",
      "updatedUserId": "aaefd11d-4a6f-43de-b8d1-f4d839285950"
    }
  ],
  "createdUtc": "0001-01-01T00:00:00Z"
}