<ImportExportXml version="9.2.21031.161" SolutionPackageVersion="9.2" languagecode="1033" generatedBy="CrmLive" xmlns:xsi="http://www.w3.org/2001/XMLSchema-instance">
  <SolutionManifest>
    <UniqueName>AdoptionBot2021</UniqueName>
    <LocalizedNames>
      <LocalizedName description="Adoption Bot 2021" languagecode="1033" />
    </LocalizedNames>
    <Descriptions>
      <Description description="Adoption Bot Application Template for Microsoft Teams.  PVA for Teams Bot for common end user questions" languagecode="1033" />
    </Descriptions>
    <Version>1.0.0.2</Version>
    <Managed>0</Managed>
    <Publisher>
      <UniqueName>Cr78b8d</UniqueName>
      <LocalizedNames>
        <LocalizedName description="CDS Default Publisher" languagecode="1033" />
      </LocalizedNames>
      <Descriptions />
      <EMailAddress xsi:nil="true"></EMailAddress>
      <SupportingWebsiteUrl xsi:nil="true"></SupportingWebsiteUrl>
      <CustomizationPrefix>cre39</CustomizationPrefix>
      <CustomizationOptionValuePrefix>12631</CustomizationOptionValuePrefix>
    </Publisher>
    <RootComponents>
      <RootComponent type="29" id="{5ece3cb4-e75b-eb11-a812-000d3a1fc975}" behavior="0" />
      <RootComponent type="29" id="{9ebc44a5-ea5b-eb11-a812-000d3a1fc975}" behavior="0" />
    </RootComponents>
    <MissingDependencies />
  </SolutionManifest>
</ImportExportXml>