{
  "intents": [
    {
      "triggerQueries": [
        "Como posso usar o canal geral?",
        "Para que serve o canal Geral de uma equipa?",
        "O que é o Canal Geral?"
      ],
      "dialogId": "new_topic_3455e45077b4494a926b865384aff957",
      "isTriggeringEnabled": true,
      "id": "new_topic_3455e45077b4494a926b865384aff957",
      "displayName": "O que é o Canal Geral?",
      "createdTime": "2022-12-30T16:34:06.5819272Z",
      "updatedTime": "2022-12-30T16:34:06.5819272Z",
      "createdUserId": "1217587e-94d3-4d46-b9e3-9ad63e50a6a1",
      "updatedUserId": "1217587e-94d3-4d46-b9e3-9ad63e50a6a1"
    }
  ],
  "dialogs": [
    {
      "rootNodeId": "c509cf1c-cd61-4f7d-8f00-30d461ad6245",
      "messageNodes": [
        {
          "botMessageId": "564cbb9c-c751-4e22-856a-cf0896771c18",
          "nodeType": "BotMessageNode",
          "id": "c509cf1c-cd61-4f7d-8f00-30d461ad6245",
          "defaultTargetNodeId": "2a754e21-fa00-4171-9422-81ae1c2ba2a9"
        }
      ],
      "dialogChangeNodes": [
        {
          "targetDialogId": "new_topic_e347a2395e634a7880736d574ee58956_aeabea4d071f415c8c107e1cb7af5424_assumedsuccess",
          "nodeType": "DialogChangeNode",
          "id": "2a754e21-fa00-4171-9422-81ae1c2ba2a9"
        }
      ],
      "id": "new_topic_3455e45077b4494a926b865384aff957",
      "displayName": "Untitled",
      "createdTime": "2022-12-30T16:34:06.5819272Z",
      "updatedTime": "2022-12-30T16:34:06.5819272Z",
      "createdUserId": "1217587e-94d3-4d46-b9e3-9ad63e50a6a1",
      "updatedUserId": "1217587e-94d3-4d46-b9e3-9ad63e50a6a1"
    }
  ],
  "botMessages": [
    {
      "channelContent": {
        "web": {
          "contentFormat": "Markdown",
          "content": "Por definição, o canal Geral é criado para todas as equipas. Existem muitos propósitos associados ao Canal Geral:\n\n*   Utilize-o para partilhar uma visão geral do que a equipa quer alcançar. Por exemplo, uma visão geral do projeto ou quem é quem na equipa.\n*   Utilize-o para o novo membro da equipa a bordo e outras informações gerais que um novo membro da equipa acharia útil.\n*   Utilize-o para anúncios.\n\nAo nomear canais, lembre-se que os canais serão organizados alfabeticamente após o canal Geral. Atualmente, não é possível eliminar o canal Geral."
        }
      },
      "id": "564cbb9c-c751-4e22-856a-cf0896771c18",
      "createdTime": "2022-12-30T16:33:28.964Z",
      "updatedTime": "2022-12-30T16:33:28.964Z"
    }
  ]
}