{
  "intents": [
    {
      "triggerQueries": [
        "How do I start a group chat?"
      ],
      "dialogId": "new_topic_b9fda8397994445ba46779255519a52c",
      "isTriggeringEnabled": true,
      "id": "new_topic_b9fda8397994445ba46779255519a52c",
      "displayName": "How do I start a group chat?",
      "description": "https://hickweb.blob.core.windows.net/$web/AdoptBot/AdoptBot2022-English.docx",
      "createdTime": "2022-03-02T14:57:19.3356723Z",
      "updatedTime": "2022-03-02T14:59:59.117017Z",
      "createdUserId": "3e27f02e-042d-4f0e-be03-083d03c89917",
      "updatedUserId": "3e27f02e-042d-4f0e-be03-083d03c89917"
    }
  ],
  "dialogs": [
    {
      "rootNodeId": "12db400d-5893-4afa-a993-6ee40e15022f",
      "messageNodes": [
        {
          "botMessageId": "91b8081c-62ab-4a08-b2e5-0c232c58f08e",
          "nodeType": "BotMessageNode",
          "id": "12db400d-5893-4afa-a993-6ee40e15022f",
          "defaultTargetNodeId": "3a1c0b34-d470-4c4a-b56d-18f5381eb0bb"
        }
      ],
      "dialogChangeNodes": [
        {
          "targetDialogId": "new_topic_f3954ff416624052b3434952b36c18d0_aeabea4d071f415c8c107e1cb7af5424_assumedsuccess",
          "nodeType": "DialogChangeNode",
          "id": "3a1c0b34-d470-4c4a-b56d-18f5381eb0bb"
        }
      ],
      "id": "new_topic_b9fda8397994445ba46779255519a52c",
      "displayName": "How do I start a group chat?",
      "createdTime": "2022-03-02T14:57:08.4602637Z",
      "createdUserId": "3e27f02e-042d-4f0e-be03-083d03c89917"
    }
  ],
  "botMessages": [
    {
      "channelContent": {
        "web": {
          "contentFormat": "Markdown",
          "content": "To send a private message, first click New chat at the top of the app to start a new conversation. In the To field, type the name of the person or people you want to chat with. Compose your message and click Send.\r\n\r\nTo add someone to a chat that is already in progress:\r\n\r\nJust click Add people .\r\n\r\nA group chat is then automatically created.\r\n\r\nYou choose whether the  new person can see all, some or nothing of the chat history.\r\n\r\nRemember  to  name your group chat. It’ll be easier to find and everyone understands what you’re talking about."
        }
      },
      "id": "91b8081c-62ab-4a08-b2e5-0c232c58f08e"
    }
  ]
}