{
  "intents": [
    {
      "triggerQueries": [
        "Can I chat with external users in Teams?"
      ],
      "dialogId": "new_topic_fbe5d4b4c01e4222bedc6bdd4f9e1859",
      "isTriggeringEnabled": true,
      "id": "new_topic_fbe5d4b4c01e4222bedc6bdd4f9e1859",
      "displayName": "Can I chat with external users in Teams?",
      "description": "https://adoptbotv2kb.blob.core.windows.net/%24web/AdoptBot2021-English.docx",
      "createdTime": "2021-01-21T11:36:41.843367Z",
      "updatedTime": "2021-01-21T11:42:05.0140732Z",
      "createdUserId": "aaefd11d-4a6f-43de-b8d1-f4d839285950",
      "updatedUserId": "aaefd11d-4a6f-43de-b8d1-f4d839285950"
    }
  ],
  "dialogs": [
    {
      "rootNodeId": "9cf2e99e-b280-4acb-8eec-9168308217d5",
      "messageNodes": [
        {
          "botMessageId": "54ed7932-896d-4081-b83a-5ee44a2c778b",
          "nodeType": "BotMessageNode",
          "id": "9cf2e99e-b280-4acb-8eec-9168308217d5",
          "defaultTargetNodeId": "1616d55f-edc8-4820-9841-9bd3b2a4553a"
        }
      ],
      "dialogChangeNodes": [
        {
          "targetDialogId": "new_topic_a96de8db0acd41edb5a2e60fb0d93441_aeabea4d071f415c8c107e1cb7af5424_assumedsuccess",
          "nodeType": "DialogChangeNode",
          "id": "1616d55f-edc8-4820-9841-9bd3b2a4553a"
        }
      ],
      "id": "new_topic_fbe5d4b4c01e4222bedc6bdd4f9e1859",
      "displayName": "Dialog for Can I chat with external users in Teams?",
      "createdTime": "2021-01-21T11:36:41.843367Z",
      "updatedTime": "2021-01-21T11:36:41.843367Z",
      "createdUserId": "aaefd11d-4a6f-43de-b8d1-f4d839285950",
      "updatedUserId": "aaefd11d-4a6f-43de-b8d1-f4d839285950"
    }
  ],
  "botMessages": [
    {
      "channelContent": {
        "web": {
          "contentFormat": "Markdown",
          "content": "When you need to communicate and collaborate with people outside your organization, you can use Microsoft Teams External Access (also known as federation) to find, call, and chat with users in other domains (for example, contoso.com).\r\n\r\nYou can try typing in the external user's e-mail in the Teams search bar. If the person shows up, select their external address, and try chatting.\r\n\r\nPlease note! This requires certain options to be enabled at the respective organizations:\r\n\r\n[Communicate with users from other organizations in Microsoft Teams](https://docs.microsoft.com/en-us/microsoftteams/communicate-with-users-from-other-organizations)"
        }
      },
      "id": "54ed7932-896d-4081-b83a-5ee44a2c778b",
      "createdTime": "2021-01-21T11:36:41.843367Z",
      "updatedTime": "2021-01-21T11:36:41.843367Z",
      "createdUserId": "aaefd11d-4a6f-43de-b8d1-f4d839285950",
      "updatedUserId": "aaefd11d-4a6f-43de-b8d1-f4d839285950"
    }
  ],
  "createdUtc": "0001-01-01T00:00:00Z"
}