{
  "intents": [
    {
      "triggerQueries": [
        "How can I title my posts?"
      ],
      "dialogId": "new_topic_a468f35f168a44b4876709035cca7606",
      "isTriggeringEnabled": true,
      "id": "new_topic_a468f35f168a44b4876709035cca7606",
      "displayName": "How can I title my posts?",
      "description": "https://hickweb.blob.core.windows.net/$web/AdoptBot/AdoptBot2022-English.docx",
      "createdTime": "2022-03-02T14:57:19.3513008Z",
      "updatedTime": "2022-03-02T14:58:35.2716413Z",
      "createdUserId": "3e27f02e-042d-4f0e-be03-083d03c89917",
      "updatedUserId": "3e27f02e-042d-4f0e-be03-083d03c89917"
    }
  ],
  "dialogs": [
    {
      "rootNodeId": "9ae06b9a-1a60-48fe-a019-049e1d378e5e",
      "messageNodes": [
        {
          "botMessageId": "62ff5d69-e0b4-4d58-9ea9-010ddff54105",
          "nodeType": "BotMessageNode",
          "id": "9ae06b9a-1a60-48fe-a019-049e1d378e5e",
          "defaultTargetNodeId": "73c2e2e1-7dfd-499b-b3e6-904e50f0c5c5"
        }
      ],
      "dialogChangeNodes": [
        {
          "targetDialogId": "new_topic_f3954ff416624052b3434952b36c18d0_aeabea4d071f415c8c107e1cb7af5424_assumedsuccess",
          "nodeType": "DialogChangeNode",
          "id": "73c2e2e1-7dfd-499b-b3e6-904e50f0c5c5"
        }
      ],
      "id": "new_topic_a468f35f168a44b4876709035cca7606",
      "displayName": "How can I title my posts?",
      "createdTime": "2022-03-02T14:57:08.4602637Z",
      "createdUserId": "3e27f02e-042d-4f0e-be03-083d03c89917"
    }
  ],
  "botMessages": [
    {
      "channelContent": {
        "web": {
          "contentFormat": "Markdown",
          "content": "You can use  a title and subtitle to make your topic stand out.  It will help you search for it later. To add  this, select the formatting button (looks like an A with a pen) and add a title."
        }
      },
      "id": "62ff5d69-e0b4-4d58-9ea9-010ddff54105"
    }
  ]
}