{
  "intents": [
    {
      "triggerQueries": [
        "How many total phone participants can I have in meetings?"
      ],
      "dialogId": "new_topic_2b1cfd3cc3a848aba21285e81d88244e",
      "isTriggeringEnabled": true,
      "id": "new_topic_2b1cfd3cc3a848aba21285e81d88244e",
      "displayName": "How many total phone participants can I have in meetings?",
      "description": "https://adoptbotv2kb.blob.core.windows.net/%24web/AdoptBot2021-English.docx",
      "createdTime": "2021-01-21T11:36:41.843367Z",
      "updatedTime": "2021-01-21T11:39:47.4459165Z",
      "createdUserId": "aaefd11d-4a6f-43de-b8d1-f4d839285950",
      "updatedUserId": "aaefd11d-4a6f-43de-b8d1-f4d839285950"
    }
  ],
  "dialogs": [
    {
      "rootNodeId": "fa72baad-df56-4068-9fb9-c13f690158fc",
      "messageNodes": [
        {
          "botMessageId": "f6b4955e-0ca1-45ed-b064-63c667cf4c3d",
          "nodeType": "BotMessageNode",
          "id": "fa72baad-df56-4068-9fb9-c13f690158fc",
          "defaultTargetNodeId": "c5a458bc-bdbf-4b33-b77d-a0e63f0a32c3"
        }
      ],
      "dialogChangeNodes": [
        {
          "targetDialogId": "new_topic_a96de8db0acd41edb5a2e60fb0d93441_aeabea4d071f415c8c107e1cb7af5424_assumedsuccess",
          "nodeType": "DialogChangeNode",
          "id": "c5a458bc-bdbf-4b33-b77d-a0e63f0a32c3"
        }
      ],
      "id": "new_topic_2b1cfd3cc3a848aba21285e81d88244e",
      "displayName": "Dialog for How many total phone participants can I have in meetings?",
      "createdTime": "2021-01-21T11:36:41.843367Z",
      "updatedTime": "2021-04-15T16:27:30.5145494Z",
      "createdUserId": "aaefd11d-4a6f-43de-b8d1-f4d839285950",
      "updatedUserId": "48f198bb-e502-4f97-a451-2d183a0193e9"
    }
  ],
  "botMessages": [
    {
      "channelContent": {
        "web": {
          "contentFormat": "Markdown",
          "content": "[The maximum number of people in a regular Teams](https://docs.microsoft.com/en-us/microsoftteams/limits-specifications-teams#meetings-and-calls) [meeting is](https://docs.microsoft.com/en-us/microsoftteams/limits-specifications-teams#meetings-and-calls) currently 300. View-only allows for up to 10,000 listen-only participants to join."
        }
      },
      "id": "f6b4955e-0ca1-45ed-b064-63c667cf4c3d",
      "createdTime": "2021-01-21T11:36:41.843367Z",
      "updatedTime": "2021-01-21T11:36:41.843367Z",
      "createdUserId": "aaefd11d-4a6f-43de-b8d1-f4d839285950",
      "updatedUserId": "aaefd11d-4a6f-43de-b8d1-f4d839285950"
    }
  ],
  "createdUtc": "0001-01-01T00:00:00Z"
}