{
  "intents": [
    {
      "triggerQueries": [
        "Can attendees dial out to international phone numbers when they're in a Microsoft Teams meeting?"
      ],
      "dialogId": "new_topic_b177790d382549949ce434625192f430",
      "isTriggeringEnabled": true,
      "id": "new_topic_b177790d382549949ce434625192f430",
      "displayName": "Can attendees dial out to international phone numbers when they're in a Microsoft Teams meeting?",
      "description": "https://hickweb.blob.core.windows.net/$web/AdoptBot/AdoptBot2022-English.docx",
      "createdTime": "2022-03-02T14:57:19.3513008Z",
      "updatedTime": "2022-03-02T14:58:06.5034629Z",
      "createdUserId": "3e27f02e-042d-4f0e-be03-083d03c89917",
      "updatedUserId": "3e27f02e-042d-4f0e-be03-083d03c89917"
    }
  ],
  "dialogs": [
    {
      "rootNodeId": "4ccde177-82e6-4abd-837a-93f12ddd5c5d",
      "messageNodes": [
        {
          "botMessageId": "0d5ba5c3-1bf8-4a28-bf37-172186251754",
          "nodeType": "BotMessageNode",
          "id": "4ccde177-82e6-4abd-837a-93f12ddd5c5d",
          "defaultTargetNodeId": "b0af944f-77ed-49e6-919b-854550f60f5b"
        }
      ],
      "dialogChangeNodes": [
        {
          "targetDialogId": "new_topic_f3954ff416624052b3434952b36c18d0_aeabea4d071f415c8c107e1cb7af5424_assumedsuccess",
          "nodeType": "DialogChangeNode",
          "id": "b0af944f-77ed-49e6-919b-854550f60f5b"
        }
      ],
      "id": "new_topic_b177790d382549949ce434625192f430",
      "displayName": "Can attendees dial out to international phone numbers when they're in a Microsoft Teams meeting?",
      "createdTime": "2022-03-02T14:57:08.4602637Z",
      "createdUserId": "3e27f02e-042d-4f0e-be03-083d03c89917"
    }
  ],
  "botMessages": [
    {
      "channelContent": {
        "web": {
          "contentFormat": "Markdown",
          "content": "Yes, attendees can dial out internationally and invite other callers into a Microsoft Teams meeting. See: [Dial out from a Microsoft Teams meeting so other people can join it.](https://docs.microsoft.com/en-us/microsoftteams/dialing-out-from-a-teams-meeting-so-other-people-can-join-it)"
        }
      },
      "id": "0d5ba5c3-1bf8-4a28-bf37-172186251754"
    }
  ]
}