{
  "intents": [
    {
      "triggerQueries": [
        "Posso criar uma equipa à partir de outra?",
        "Posso duplicar uma equiopa?",
        "Como posso criar uma equipa a partir de uma equipa existente?"
      ],
      "dialogId": "new_topic_fdbc3c311bf34062b4bb459cf2599a9f",
      "isTriggeringEnabled": true,
      "id": "new_topic_fdbc3c311bf34062b4bb459cf2599a9f",
      "displayName": "Como posso criar uma equipa a partir de uma equipa existente?",
      "createdTime": "2022-12-30T16:35:25.0432924Z",
      "updatedTime": "2022-12-30T16:35:30.8812797Z",
      "createdUserId": "1217587e-94d3-4d46-b9e3-9ad63e50a6a1",
      "updatedUserId": "1217587e-94d3-4d46-b9e3-9ad63e50a6a1"
    }
  ],
  "dialogs": [
    {
      "rootNodeId": "7f49e473-c07a-40ed-9a28-1c3237780c94",
      "messageNodes": [
        {
          "botMessageId": "de1702cb-6c08-4425-bec7-00c303ff1765",
          "nodeType": "BotMessageNode",
          "id": "7f49e473-c07a-40ed-9a28-1c3237780c94",
          "defaultTargetNodeId": "5192f811-b01d-4372-9e20-048f32fd6d14"
        }
      ],
      "dialogChangeNodes": [
        {
          "targetDialogId": "new_topic_e347a2395e634a7880736d574ee58956_aeabea4d071f415c8c107e1cb7af5424_assumedsuccess",
          "nodeType": "DialogChangeNode",
          "id": "5192f811-b01d-4372-9e20-048f32fd6d14"
        }
      ],
      "id": "new_topic_fdbc3c311bf34062b4bb459cf2599a9f",
      "displayName": "Untitled",
      "createdTime": "2022-12-30T16:35:25.0432924Z",
      "updatedTime": "2022-12-30T16:35:30.8812797Z",
      "createdUserId": "1217587e-94d3-4d46-b9e3-9ad63e50a6a1",
      "updatedUserId": "1217587e-94d3-4d46-b9e3-9ad63e50a6a1"
    }
  ],
  "botMessages": [
    {
      "channelContent": {
        "web": {
          "contentFormat": "Markdown",
          "content": "[Criar uma equipa a partir de uma equipa existente](https://support.microsoft.com/en-us/office/skapa-ett-team-fr%C3%A5n-ett-befintligt-team-f41a759b-3101-4af6-93bd-6aba0e5d7635)\n\nPode reutilizar a estrutura e as configurações existentes para uma nova equipa.\n\nPara criar uma equipa: Na barra lateral do Teams, clique em Equipas. Na parte inferior da sua equipa, clique em “**Junte-se** **ou crie uma** **equipa**” e, em seguida, clique em **Criar uma nova equipa.**\n\nSelecione a opção \"**De um grupo ou equipa**\". Selecione a equipa existente ou o grupo Microsoft 365. Escolha um novo nome e reveja as suas definições.\n\nDepois de criar a sua equipa, poderá convidar as pessoas necessárias. Pode adicionar utilizadores individuais, grupos e até grupos de contacto inteiros (listas de distribuição).\n\nDica: Não se esqueça que deve ter pelo menos dois proprietários em cada equipa."
        }
      },
      "id": "de1702cb-6c08-4425-bec7-00c303ff1765",
      "createdTime": "2022-12-30T16:35:01.238Z",
      "updatedTime": "2022-12-30T16:35:01.238Z"
    }
  ]
}