{
  "intents": [
    {
      "triggerQueries": [
        "How do I open a file from Teams on my phone?"
      ],
      "dialogId": "new_topic_86ace0654b0d4da2984adce4db3c1546",
      "isTriggeringEnabled": true,
      "id": "new_topic_86ace0654b0d4da2984adce4db3c1546",
      "displayName": "How do I open a file from Teams on my phone?",
      "description": "https://hickweb.blob.core.windows.net/$web/AdoptBot/AdoptBot2022-English.docx",
      "createdTime": "2022-03-02T14:57:19.3356723Z",
      "updatedTime": "2022-03-02T15:00:29.617036Z",
      "createdUserId": "3e27f02e-042d-4f0e-be03-083d03c89917",
      "updatedUserId": "3e27f02e-042d-4f0e-be03-083d03c89917"
    }
  ],
  "dialogs": [
    {
      "rootNodeId": "93d852d1-c642-481a-9996-813c1ebfe195",
      "messageNodes": [
        {
          "botMessageId": "bfd195f3-b0cd-4657-a350-0cbb6a30ff3b",
          "nodeType": "BotMessageNode",
          "id": "93d852d1-c642-481a-9996-813c1ebfe195",
          "defaultTargetNodeId": "d7f0f7ef-5744-4219-a913-fc8b172e48c6"
        }
      ],
      "dialogChangeNodes": [
        {
          "targetDialogId": "new_topic_f3954ff416624052b3434952b36c18d0_aeabea4d071f415c8c107e1cb7af5424_assumedsuccess",
          "nodeType": "DialogChangeNode",
          "id": "d7f0f7ef-5744-4219-a913-fc8b172e48c6"
        }
      ],
      "id": "new_topic_86ace0654b0d4da2984adce4db3c1546",
      "displayName": "How do I open a file from Teams on my phone?",
      "createdTime": "2022-03-02T14:57:08.4602637Z",
      "createdUserId": "3e27f02e-042d-4f0e-be03-083d03c89917"
    }
  ],
  "botMessages": [
    {
      "channelContent": {
        "web": {
          "contentFormat": "Markdown",
          "content": "Teams is a great place to manage files from your phone .  If you go into a channel file from your Teams mobile app, you have the option to open or send a copy to someone."
        }
      },
      "id": "bfd195f3-b0cd-4657-a350-0cbb6a30ff3b"
    }
  ]
}