{
  "intents": [
    {
      "triggerQueries": [
        "How do I join a Team meeting?"
      ],
      "dialogId": "new_topic_ace083fd17084ef78008149ff965b963",
      "isTriggeringEnabled": true,
      "id": "new_topic_ace083fd17084ef78008149ff965b963",
      "displayName": "How do I join a Team meeting?",
      "description": "https://hickweb.blob.core.windows.net/$web/AdoptBot/AdoptBot2022-English.docx",
      "createdTime": "2022-03-02T14:57:19.3513008Z",
      "updatedTime": "2022-03-02T14:58:10.9763775Z",
      "createdUserId": "3e27f02e-042d-4f0e-be03-083d03c89917",
      "updatedUserId": "3e27f02e-042d-4f0e-be03-083d03c89917"
    }
  ],
  "dialogs": [
    {
      "rootNodeId": "56ccd2eb-b51a-4736-bb01-00074fbd443e",
      "messageNodes": [
        {
          "botMessageId": "a9b1e4ca-b2f3-40f8-aa65-475f34e3516f",
          "nodeType": "BotMessageNode",
          "id": "56ccd2eb-b51a-4736-bb01-00074fbd443e",
          "defaultTargetNodeId": "5f38241e-3342-4d60-b6e3-d715f0ed9bfa"
        }
      ],
      "dialogChangeNodes": [
        {
          "targetDialogId": "new_topic_f3954ff416624052b3434952b36c18d0_aeabea4d071f415c8c107e1cb7af5424_assumedsuccess",
          "nodeType": "DialogChangeNode",
          "id": "5f38241e-3342-4d60-b6e3-d715f0ed9bfa"
        }
      ],
      "id": "new_topic_ace083fd17084ef78008149ff965b963",
      "displayName": "How do I join a Team meeting?",
      "createdTime": "2022-03-02T14:57:08.4602637Z",
      "createdUserId": "3e27f02e-042d-4f0e-be03-083d03c89917"
    }
  ],
  "botMessages": [
    {
      "channelContent": {
        "web": {
          "contentFormat": "Markdown",
          "content": "[You can join a Teams meeting at any time](https://support.microsoft.com/en-us/office/ansluta-till-ett-m%C3%B6te-i-teams-1613bb53-f3fa-431e-85a9-d6a91e3468c9) .  Click the link in your meeting invite or select Join directly in Teams.\r\n\r\nThrough the Calendar in Teams, you can  view your calendar and join and/or  schedule Teams meetings. If your organization offers audio conferencing as an option, a dial-in number will be shown in the meeting invitation."
        }
      },
      "id": "a9b1e4ca-b2f3-40f8-aa65-475f34e3516f"
    }
  ]
}