{
  "intents": [
    {
      "triggerQueries": [
        "How do I record a meeting?"
      ],
      "dialogId": "new_topic_9cdd44d92cf94b46a6b3be718e57f832",
      "isTriggeringEnabled": true,
      "id": "new_topic_9cdd44d92cf94b46a6b3be718e57f832",
      "displayName": "How do I record a meeting?",
      "description": "https://hickweb.blob.core.windows.net/$web/AdoptBot/AdoptBot2022-English.docx",
      "createdTime": "2022-03-02T14:57:19.3513008Z",
      "updatedTime": "2022-03-02T14:58:47.1638619Z",
      "createdUserId": "3e27f02e-042d-4f0e-be03-083d03c89917",
      "updatedUserId": "3e27f02e-042d-4f0e-be03-083d03c89917"
    }
  ],
  "dialogs": [
    {
      "rootNodeId": "9d29954c-175d-4a3c-95b1-06e488f0b456",
      "messageNodes": [
        {
          "botMessageId": "41b62baf-e836-4aae-ace4-597c081be307",
          "nodeType": "BotMessageNode",
          "id": "9d29954c-175d-4a3c-95b1-06e488f0b456",
          "defaultTargetNodeId": "a1f210cf-4f07-47bc-a457-7a57c3d1bf32"
        }
      ],
      "dialogChangeNodes": [
        {
          "targetDialogId": "new_topic_f3954ff416624052b3434952b36c18d0_aeabea4d071f415c8c107e1cb7af5424_assumedsuccess",
          "nodeType": "DialogChangeNode",
          "id": "a1f210cf-4f07-47bc-a457-7a57c3d1bf32"
        }
      ],
      "id": "new_topic_9cdd44d92cf94b46a6b3be718e57f832",
      "displayName": "How do I record a meeting?",
      "createdTime": "2022-03-02T14:57:08.4602637Z",
      "createdUserId": "3e27f02e-042d-4f0e-be03-083d03c89917"
    }
  ],
  "botMessages": [
    {
      "channelContent": {
        "web": {
          "contentFormat": "Markdown",
          "content": "Start or join the meeting.\r\n\r\nTo start recording, go to More options \"...\" and select Start recording .  Everyone in the meeting is informed that recording has started and a message in the chat confirms this. End recording in the same way.\r\n\r\nRead more here: [How to record a meeting in Teams](https://support.microsoft.com/en-us/office/spela-in-ett-m%C3%B6te-i-teams-34dfbe7f-b07d-4a27-b4c6-de62f1348c24)"
        }
      },
      "id": "41b62baf-e836-4aae-ace4-597c081be307"
    }
  ]
}