{
  "intents": [
    {
      "triggerQueries": [
        "What's the difference between a team and a channel?"
      ],
      "dialogId": "new_topic_7b5295f284e6406fb67a5f963e6c1a22",
      "isTriggeringEnabled": true,
      "id": "new_topic_7b5295f284e6406fb67a5f963e6c1a22",
      "displayName": "What's the difference between a team and a channel?",
      "description": "https://adoptbotv2kb.blob.core.windows.net/%24web/AdoptBot2021-English.docx",
      "createdTime": "2021-01-21T11:36:41.8423699Z",
      "updatedTime": "2021-01-21T11:43:21.5194963Z",
      "createdUserId": "aaefd11d-4a6f-43de-b8d1-f4d839285950",
      "updatedUserId": "aaefd11d-4a6f-43de-b8d1-f4d839285950"
    }
  ],
  "dialogs": [
    {
      "rootNodeId": "1e414ac6-29e7-4405-b98d-2d9ba2854d77",
      "messageNodes": [
        {
          "botMessageId": "5be3dea4-0083-46c2-867b-417e1504018d",
          "nodeType": "BotMessageNode",
          "id": "1e414ac6-29e7-4405-b98d-2d9ba2854d77",
          "defaultTargetNodeId": "569bb107-22a8-4a66-8e14-8bd443d35bf1"
        }
      ],
      "dialogChangeNodes": [
        {
          "targetDialogId": "new_topic_a96de8db0acd41edb5a2e60fb0d93441_aeabea4d071f415c8c107e1cb7af5424_assumedsuccess",
          "nodeType": "DialogChangeNode",
          "id": "569bb107-22a8-4a66-8e14-8bd443d35bf1"
        }
      ],
      "id": "new_topic_7b5295f284e6406fb67a5f963e6c1a22",
      "displayName": "Dialog for What's the difference between a team and a channel?",
      "createdTime": "2021-01-21T11:36:41.8423699Z",
      "updatedTime": "2021-01-21T11:36:41.8423699Z",
      "createdUserId": "aaefd11d-4a6f-43de-b8d1-f4d839285950",
      "updatedUserId": "aaefd11d-4a6f-43de-b8d1-f4d839285950"
    }
  ],
  "botMessages": [
    {
      "channelContent": {
        "web": {
          "contentFormat": "Markdown",
          "content": "A team is a group of people gathered to get something big done in your organization. Sometimes it's your entire organization.\r\n\r\nA team  consists of channels, where you collaborate and communicate  with your team members. Each channel is dedicated to a specific topic, department, or project.\r\n\r\nFor example, a team  might have general,  marketing,  inspiration, and more channels. All conversations, meetings, files, and apps in your marketing channel have to do with marketing, and everything in that channel is visible to everyone on your team .\r\n\r\nChannels are where the work actually gets done, where [text, audio, and video conversations](https://support.microsoft.com/en-us/office/meetings-in-teams-e0b0ae21-53ee-4462-a50d-ca9b9e217b67) for the entire team take place  openly, where files are shared, and where  [apps are added.](https://support.microsoft.com/en-us/office/add-an-app-to-microsoft-teams-b2217706-f7ed-4e64-8e96-c413afd02f77)\r\n\r\nWhile channel conversations are public, chats are just between you and someone else (or a group of people). Think of them like instant messages in Skype for Business or other messaging apps."
        }
      },
      "id": "5be3dea4-0083-46c2-867b-417e1504018d",
      "createdTime": "2021-01-21T11:36:41.8423699Z",
      "updatedTime": "2021-01-21T11:36:41.8423699Z",
      "createdUserId": "aaefd11d-4a6f-43de-b8d1-f4d839285950",
      "updatedUserId": "aaefd11d-4a6f-43de-b8d1-f4d839285950"
    }
  ],
  "createdUtc": "0001-01-01T00:00:00Z"
}