{
  "intents": [
    {
      "intentType": "Regular",
      "triggerQueries": [
        "How do I make beautiful posts?"
      ],
      "dialogId": "new_topic_568e95b55a344bfbaa68f0c3f3c74f28",
      "isTriggeringEnabled": true,
      "id": "new_topic_568e95b55a344bfbaa68f0c3f3c74f28",
      "displayName": "How do I make beautiful posts?",
      "description": "https://adoptbotv2kb.blob.core.windows.net/%24web/AdoptBot2021-English.docx",
      "createdTime": "2021-01-21T11:36:41.843367Z",
      "updatedTime": "2021-01-21T11:41:27.3527471Z",
      "createdUserId": "aaefd11d-4a6f-43de-b8d1-f4d839285950",
      "updatedUserId": "aaefd11d-4a6f-43de-b8d1-f4d839285950"
    }
  ],
  "dialogs": [
    {
      "rootNodeId": "cb7b9a32-9fdf-4579-94f4-b5a6bd3e6652",
      "messageNodes": [
        {
          "botMessageId": "e4d4ed67-cf99-4c55-96c9-f9a6a455e4ce",
          "nodeType": "BotMessageNode",
          "id": "cb7b9a32-9fdf-4579-94f4-b5a6bd3e6652",
          "defaultTargetNodeId": "9f14a0b7-eaa8-4754-8224-c5b7babf3d90"
        }
      ],
      "dialogChangeNodes": [
        {
          "targetDialogId": "new_topic_a96de8db0acd41edb5a2e60fb0d93441_aeabea4d071f415c8c107e1cb7af5424_assumedsuccess",
          "nodeType": "DialogChangeNode",
          "id": "9f14a0b7-eaa8-4754-8224-c5b7babf3d90"
        }
      ],
      "id": "new_topic_568e95b55a344bfbaa68f0c3f3c74f28",
      "displayName": "Dialog for How do I make beautiful posts?",
      "createdTime": "2021-01-21T11:36:41.843367Z",
      "updatedTime": "2021-01-21T11:36:41.843367Z",
      "createdUserId": "aaefd11d-4a6f-43de-b8d1-f4d839285950",
      "updatedUserId": "aaefd11d-4a6f-43de-b8d1-f4d839285950"
    }
  ],
  "botMessages": [
    {
      "channelContent": {
        "web": {
          "contentFormat": "Markdown",
          "content": "You can add pictures, emojis, animated GIFs, stickers and more.\r\n\r\nYou can use a title to make your post stand out.  It will help you find it later."
        }
      },
      "id": "e4d4ed67-cf99-4c55-96c9-f9a6a455e4ce",
      "createdTime": "2021-01-21T11:36:41.843367Z",
      "updatedTime": "2021-01-21T11:36:41.843367Z",
      "createdUserId": "aaefd11d-4a6f-43de-b8d1-f4d839285950",
      "updatedUserId": "aaefd11d-4a6f-43de-b8d1-f4d839285950"
    }
  ]
}