{
  "properties": {
    "connectionReferences": {
      "shared_office365users": {
        "runtimeSource": "embedded",
        "connection": {
          "connectionReferenceLogicalName": "crba3_sharedoffice365users_56eda"
        },
        "api": {
          "name": "shared_office365users"
        }
      },
      "shared_commondataserviceforapps": {
        "runtimeSource": "embedded",
        "connection": {
          "connectionReferenceLogicalName": "crba3_sharedcommondataserviceforapps_0f0c8"
        },
        "api": {
          "name": "shared_commondataserviceforapps"
        }
      },
      "shared_teams": {
        "runtimeSource": "embedded",
        "connection": {
          "connectionReferenceLogicalName": "crba3_sharedteams_93a9a"
        },
        "api": {
          "name": "shared_teams"
        }
      }
    },
    "definition": {
      "$schema": "https://schema.management.azure.com/providers/Microsoft.Logic/schemas/2016-06-01/workflowdefinition.json#",
      "contentVersion": "1.0.0.0",
      "parameters": {
        "$connections": {
          "defaultValue": {},
          "type": "Object"
        },
        "$authentication": {
          "defaultValue": {},
          "type": "SecureObject"
        }
      },
      "triggers": {
        "manual": {
          "metadata": {
            "operationMetadataId": "0552fa28-0d64-4021-b923-a86fc9f4857a"
          },
          "type": "Request",
          "kind": "VirtualAgent",
          "inputs": {
            "schema": {
              "type": "object",
              "properties": {
                "text": {
                  "title": "Title",
                  "type": "string",
                  "x-ms-dynamically-added": true,
                  "description": "The title of the request",
                  "x-ms-content-hint": "TEXT"
                },
                "text_1": {
                  "title": "Description",
                  "type": "string",
                  "x-ms-dynamically-added": true,
                  "description": "The description of the request",
                  "x-ms-content-hint": "TEXT"
                },
                "text_2": {
                  "title": "User ID",
                  "type": "string",
                  "x-ms-dynamically-added": true,
                  "description": "The User ID of the user raising the request",
                  "x-ms-content-hint": "TEXT"
                }
              },
              "required": [
                "text",
                "text_1",
                "text_2"
              ]
            }
          }
        }
      },
      "actions": {
        "Current_time": {
          "runAfter": {},
          "metadata": {
            "operationMetadataId": "9befa5ab-df75-4233-9564-c2cc01d5e9fa"
          },
          "type": "Expression",
          "kind": "CurrentTime",
          "inputs": {}
        },
        "Convert_time_zone_-_Select_Your_Time_Zone": {
          "runAfter": {
            "Current_time": [
              "Succeeded"
            ]
          },
          "metadata": {
            "operationMetadataId": "5dc73e3f-2ba3-4d81-9696-d81b65631486"
          },
          "type": "Expression",
          "kind": "ConvertTimeZone",
          "inputs": {
            "baseTime": "@body('Current_time')",
            "formatString": "s",
            "sourceTimeZone": "UTC",
            "destinationTimeZone": "GMT Standard Time"
          }
        },
        "Get_user_profile_-_Request_User": {
          "runAfter": {
            "Convert_time_zone_-_Select_Your_Time_Zone": [
              "Succeeded"
            ]
          },
          "metadata": {
            "operationMetadataId": "0092eaa8-3878-4aa8-8096-fc320de48f7b"
          },
          "type": "OpenApiConnection",
          "inputs": {
            "host": {
              "connectionName": "shared_office365users",
              "operationId": "UserProfile_V2",
              "apiId": "/providers/Microsoft.PowerApps/apis/shared_office365users"
            },
            "parameters": {
              "id": "@triggerBody()['text_2']"
            },
            "authentication": "@parameters('$authentication')"
          }
        },
        "Add_a_new_row_-_Add_Request": {
          "runAfter": {
            "Get_user_profile_-_Request_User": [
              "Succeeded"
            ]
          },
          "metadata": {
            "operationMetadataId": "3aa7c1ad-55fc-42e8-a8ca-a6031e80e000"
          },
          "type": "OpenApiConnection",
          "inputs": {
            "host": {
              "connectionName": "shared_commondataserviceforapps",
              "operationId": "CreateRecord",
              "apiId": "/providers/Microsoft.PowerApps/apis/shared_commondataserviceforapps"
            },
            "parameters": {
              "entityName": "crba3_requests",
              "item/crba3_description": "@triggerBody()['text_1']",
              "item/crba3_employeeemail": "@outputs('Get_user_profile_-_Request_User')?['body/mail']",
              "item/crba3_employeename": "@outputs('Get_user_profile_-_Request_User')?['body/displayName']",
              "item/crba3_escalateddatetime": "@body('Convert_time_zone_-_Select_Your_Time_Zone')",
              "item/crba3_name": "@concat(triggerBody()['text'], ' - ', body('Convert_time_zone_-_Select_Your_Time_Zone'))",
              "item/crba3_requeststatus": true,
              "item/crba3_title": "@triggerBody()['text']"
            },
            "authentication": "@parameters('$authentication')"
          }
        },
        "Condition_-_Check_Adaptive_Card_Response": {
          "actions": {
            "Convert_time_zone_-_Select_Your_Timezone_-_Resolved": {
              "runAfter": {},
              "metadata": {
                "operationMetadataId": "b441b9ac-e535-4971-9126-a152a3a8c510"
              },
              "type": "Expression",
              "kind": "ConvertTimeZone",
              "inputs": {
                "baseTime": "@{outputs('Post_adaptive_card_and_wait_for_a_response_-_Select_Team_and_Channel')?['body/responseTime']}",
                "formatString": "s",
                "sourceTimeZone": "UTC",
                "destinationTimeZone": "GMT Standard Time"
              }
            },
            "Update_a_row_-_Mark_as_Resolved": {
              "runAfter": {
                "Convert_time_zone_-_Select_Your_Timezone_-_Resolved": [
                  "Succeeded"
                ]
              },
              "metadata": {
                "operationMetadataId": "97525318-99b1-4a4c-ac8c-efb898fbd1e0"
              },
              "type": "OpenApiConnection",
              "inputs": {
                "host": {
                  "connectionName": "shared_commondataserviceforapps",
                  "operationId": "UpdateRecord",
                  "apiId": "/providers/Microsoft.PowerApps/apis/shared_commondataserviceforapps"
                },
                "parameters": {
                  "entityName": "crba3_requests",
                  "recordId": "@outputs('Add_a_new_row_-_Add_Request')?['body/crba3_requestid']",
                  "item/crba3_requeststatus": false,
                  "item/crba3_resolvedby": "@outputs('Post_adaptive_card_and_wait_for_a_response_-_Select_Team_and_Channel')['body/responder']['displayName']",
                  "item/crba3_resolveddatetime": "@body('Convert_time_zone_-_Select_Your_Timezone_-_Resolved')"
                },
                "authentication": "@parameters('$authentication')"
              }
            }
          },
          "runAfter": {
            "Post_adaptive_card_and_wait_for_a_response_-_Select_Team_and_Channel": [
              "Succeeded"
            ]
          },
          "expression": {
            "equals": [
              "@outputs('Post_adaptive_card_and_wait_for_a_response_-_Select_Team_and_Channel')['body/data']['resolved']",
              true
            ]
          },
          "metadata": {
            "operationMetadataId": "160a65cc-a612-41be-a114-2758d2b17026"
          },
          "type": "If"
        },
        "Post_adaptive_card_and_wait_for_a_response_-_Select_Team_and_Channel": {
          "runAfter": {
            "Teams_Chat_Deeplink": [
              "Succeeded"
            ]
          },
          "metadata": {
            "operationMetadataId": "9a8d4c85-8d1d-4e24-84b7-c98f862e9f74"
          },
          "type": "OpenApiConnectionWebhook",
          "inputs": {
            "host": {
              "connectionName": "shared_teams",
              "operationId": "PostCardAndWaitForResponse",
              "apiId": "/providers/Microsoft.PowerApps/apis/shared_teams"
            },
            "parameters": {
              "poster": "Flow bot",
              "location": "Channel",
              "body/body/messageBody": "{\n    \"type\": \"AdaptiveCard\",\n    \"body\": [\n        {\n            \"type\": \"TextBlock\",\n            \"size\": \"Large\",\n            \"weight\": \"Bolder\",\n            \"text\": \"Novo pedido de apoio\",\n            \"seperator\": true\n        },\n        {\n            \"type\": \"ColumnSet\",\n            \"style\": \"emphasis\",\n            \"spacing\": \"None\",\n            \"seperator\": \"none\",\n            \"columns\": [\n                {\n                    \"type\": \"Column\",\n                    \"width\": \"90px\",\n                    \"items\": [\n                        {\n                            \"type\": \"TextBlock\",\n                            \"weight\": \"Bolder\",\n                            \"text\": \"Pedido feito por:\",\n                            \"spacing\": \"None\"\n                        },\n                        {\n                            \"type\": \"TextBlock\",\n                            \"weight\": \"Bolder\",\n                            \"text\": \"Título:\",\n                            \"wrap\": true\n                        },\n                        {\n                            \"type\": \"TextBlock\",\n                            \"weight\": \"Bolder\",\n                            \"text\": \"Detalhes:\",\n                            \"wrap\": true\n                        }\n                    ]\n                },\n                {\n                    \"type\": \"Column\",\n                    \"width\": \"auto\",\n                    \"items\": [\n                        {\n                            \"type\": \"RichTextBlock\",\n                            \"inlines\": [\n                                {\n                                    \"type\": \"TextRun\",\n                                    \"text\": \"@{outputs('Get_user_profile_-_Request_User')?['body/displayName']},  \"\n                                },\n                                {\n                                    \"type\": \"TextRun\",\n                                    \"text\": \" @{formatDateTime(body('Convert_time_zone_-_Select_Your_Time_Zone'), 'MMMM dd, yyyy  hh:mm tt')}\"\n                                }\n                            ]\n                        },\n                        {\n                            \"type\": \"TextBlock\",\n                            \"text\": \"@{triggerBody()['text']}\",\n                            \"wrap\": true\n                        },\n                        {\n                            \"type\": \"TextBlock\",\n                            \"text\": \"@{triggerBody()['text_1']}\",\n                            \"wrap\": true\n                        },\n                        {\n                            \"type\": \"TextBlock\",\n                            \"text\": \"Frequentemente respondendo as mesmas questões? Crie novos tópicos no Bot em [Power Virtual Agents](https://teams.microsoft.com/l/entity/1850b8bb-76ac-411c-9637-08f7d1812d35/homeTab) para responder as questões automaticamente.\",\n                            \"wrap\": true\n                        }\n                    ]\n                }\n            ]\n        },\n        {\n            \"type\": \"TextBlock\",\n            \"text\": \"Instruções\",\n            \"wrap\": true,\n            \"weight\": \"Bolder\",\n            \"spacing\": \"Large\"\n        },\n        {\n            \"type\": \"TextBlock\",\n            \"text\": \"Ao começar a resolução, diga aos seus colegas que já está a ajudar com este pedido respondendo por exemplo 'A trabalhar' a este Post.\",\n            \"wrap\": true\n        },\n        {\n            \"type\": \"TextBlock\",\n            \"text\": \"(carregue em ↵ Responder abaixo)\",\n            \"wrap\": true\n        },\n        {\n            \"type\": \"TextBlock\",\n            \"text\": \"Depois de ter resolvido o pedido clique em Resolver Pedido e selecione Marcar como Resolvido\",\n            \"wrap\": true\n        }\n    ],\n    \"actions\": [\n        {\n            \"type\": \"Action.OpenUrl\",\n            \"title\": \"@{concat('Conversar com ', outputs('Get_user_profile_-_Request_User')?['body/displayName'])}\",\n            \"url\": \"@{outputs('Teams_Chat_Deeplink')}\"\n        },\n        {\n            \"type\": \"Action.ShowCard\",\n            \"title\": \"Resolver Pedido\",\n            \"card\": {\n                \"type\": \"AdaptiveCard\",\n                \"actions\": [\n                    {\n                        \"type\": \"Action.Submit\",\n                        \"title\": \"Marcar como Resolvido\",\n                        \"style\": \"positive\",\n                        \"data\": {\n                            \"resolved\": true\n                        },\n                        \"id\": \"resolved\"\n                    }\n                ]\n            }\n        }\n    ],\n    \"$schema\": \"http://adaptivecards.io/schemas/adaptive-card.json\",\n    \"version\": \"1.2\",\n    \"msTeams\": {\n        \"width\": \"full\"\n    }\n}",
              "body/body/updateMessage": "Pedido resolvido",
              "body/body/recipient/groupId": "ce91bd97-2c38-4d86-9b94-40b918dac1d3",
              "body/body/recipient/channelId": "19:78764e534b7c40cf97f90ca74f548985@thread.tacv2"
            },
            "authentication": "@parameters('$authentication')"
          }
        },
        "Teams_Chat_Deeplink": {
          "runAfter": {
            "Add_a_new_row_-_Add_Request": [
              "Succeeded"
            ]
          },
          "metadata": {
            "operationMetadataId": "ceba73ad-a12c-46d7-a332-44ff68b37f80"
          },
          "type": "Compose",
          "inputs": "@concat('https://teams.microsoft.com/l/chat/0/0?users=', outputs('Get_user_profile_-_Request_User')?['body/userPrincipalName'])"
        }
      },
      "outputs": {}
    },
    "templateName": ""
  },
  "schemaVersion": "1.0.0.0"
}