{
  "properties": {
    "connectionReferences": {
      "shared_office365users": {
        "runtimeSource": "embedded",
        "connection": {
          "connectionReferenceLogicalName": "crba3_sharedoffice365users_56eda"
        },
        "api": {
          "name": "shared_office365users"
        }
      },
      "shared_commondataserviceforapps": {
        "runtimeSource": "embedded",
        "connection": {
          "connectionReferenceLogicalName": "crba3_sharedcommondataserviceforapps_0f0c8"
        },
        "api": {
          "name": "shared_commondataserviceforapps"
        }
      },
      "shared_teams": {
        "runtimeSource": "embedded",
        "connection": {
          "connectionReferenceLogicalName": "crba3_sharedteams_93a9a"
        },
        "api": {
          "name": "shared_teams"
        }
      }
    },
    "definition": {
      "$schema": "https://schema.management.azure.com/providers/Microsoft.Logic/schemas/2016-06-01/workflowdefinition.json#",
      "contentVersion": "1.0.0.0",
      "parameters": {
        "$connections": {
          "defaultValue": {},
          "type": "Object"
        },
        "$authentication": {
          "defaultValue": {},
          "type": "SecureObject"
        }
      },
      "triggers": {
        "manual": {
          "metadata": {
            "operationMetadataId": "e23db7fe-2175-4d4f-b779-c5ff5804b881"
          },
          "type": "Request",
          "kind": "VirtualAgent",
          "inputs": {
            "schema": {
              "type": "object",
              "properties": {
                "text": {
                  "title": "CSAT",
                  "type": "string",
                  "x-ms-dynamically-added": true,
                  "description": "Please provide the CSAT",
                  "x-ms-content-hint": "TEXT"
                },
                "text_1": {
                  "title": "Feedback",
                  "type": "string",
                  "x-ms-dynamically-added": true,
                  "description": "Please provide the Feedback",
                  "x-ms-content-hint": "TEXT"
                },
                "text_2": {
                  "title": "User ID",
                  "type": "string",
                  "x-ms-dynamically-added": true,
                  "description": "Please provide the respondents User ID",
                  "x-ms-content-hint": "TEXT"
                }
              },
              "required": [
                "text",
                "text_1",
                "text_2"
              ]
            }
          }
        }
      },
      "actions": {
        "Get_user_profile_-_Respondent": {
          "runAfter": {},
          "metadata": {
            "operationMetadataId": "6fbf0084-ddb0-45a1-b534-d75bfa5a304d"
          },
          "type": "OpenApiConnection",
          "inputs": {
            "host": {
              "connectionName": "shared_office365users",
              "operationId": "UserProfile_V2",
              "apiId": "/providers/Microsoft.PowerApps/apis/shared_office365users"
            },
            "parameters": {
              "id": "@triggerBody()['text_2']"
            },
            "authentication": "@parameters('$authentication')"
          }
        },
        "Add_a_new_row_-_Survey_Response": {
          "runAfter": {
            "Get_user_profile_-_Respondent": [
              "Succeeded"
            ]
          },
          "metadata": {
            "operationMetadataId": "122c1bed-b255-46ef-89b7-9a44e73a8091"
          },
          "type": "OpenApiConnection",
          "inputs": {
            "host": {
              "connectionName": "shared_commondataserviceforapps",
              "operationId": "CreateRecord",
              "apiId": "/providers/Microsoft.PowerApps/apis/shared_commondataserviceforapps"
            },
            "parameters": {
              "entityName": "crba3_surveyresponses",
              "item/crba3_channel": 450520000,
              "item/crba3_name": "Feedback_@{guid()}",
              "item/crba3_respondentemail": "@outputs('Get_user_profile_-_Respondent')?['body/mail']",
              "item/crba3_respondentname": "@outputs('Get_user_profile_-_Respondent')?['body/displayName']"
            },
            "authentication": "@parameters('$authentication')"
          }
        },
        "Add_a_new_row_-_CSAT_Question": {
          "runAfter": {
            "Add_a_new_row_-_Survey_Response": [
              "Succeeded"
            ]
          },
          "metadata": {
            "operationMetadataId": "bc09d0f0-9c1f-4349-849d-fff3ee54a2d3"
          },
          "type": "OpenApiConnection",
          "inputs": {
            "host": {
              "connectionName": "shared_commondataserviceforapps",
              "operationId": "CreateRecord",
              "apiId": "/providers/Microsoft.PowerApps/apis/shared_commondataserviceforapps"
            },
            "parameters": {
              "entityName": "crba3_surveyquestions",
              "item/crba3_question": "CSAT",
              "item/crba3_SurveyReponse@odata.bind": "crba3_surveyresponses/@{outputs('Add_a_new_row_-_Survey_Response')?['body/crba3_surveyresponseid']}"
            },
            "authentication": "@parameters('$authentication')"
          }
        },
        "Add_a_new_row_-_CSAT_Response": {
          "runAfter": {
            "Add_a_new_row_-_CSAT_Question": [
              "Succeeded"
            ]
          },
          "metadata": {
            "operationMetadataId": "3069d00e-5d11-4c1f-b82a-ae764ebd12f5"
          },
          "type": "OpenApiConnection",
          "inputs": {
            "host": {
              "connectionName": "shared_commondataserviceforapps",
              "operationId": "CreateRecord",
              "apiId": "/providers/Microsoft.PowerApps/apis/shared_commondataserviceforapps"
            },
            "parameters": {
              "entityName": "crba3_questionresponses",
              "item/crba3_response": "@triggerBody()['text']",
              "item/crba3_SurveyQuestion@odata.bind": "crba3_surveyquestions/@{outputs('Add_a_new_row_-_CSAT_Question')?['body/crba3_surveyquestionid']}"
            },
            "authentication": "@parameters('$authentication')"
          }
        },
        "Add_a_new_row_-_Feedback_Question": {
          "runAfter": {
            "Add_a_new_row_-_CSAT_Response": [
              "Succeeded"
            ]
          },
          "metadata": {
            "operationMetadataId": "152df973-54b9-4157-a3f4-cd10d8d5790e"
          },
          "type": "OpenApiConnection",
          "inputs": {
            "host": {
              "connectionName": "shared_commondataserviceforapps",
              "operationId": "CreateRecord",
              "apiId": "/providers/Microsoft.PowerApps/apis/shared_commondataserviceforapps"
            },
            "parameters": {
              "entityName": "crba3_surveyquestions",
              "item/crba3_question": "Feedback",
              "item/crba3_SurveyReponse@odata.bind": "crba3_surveyresponses/@{outputs('Add_a_new_row_-_Survey_Response')?['body/crba3_surveyresponseid']}"
            },
            "authentication": "@parameters('$authentication')"
          }
        },
        "Add_a_new_row_-_Feedback_Response": {
          "runAfter": {
            "Add_a_new_row_-_Feedback_Question": [
              "Succeeded"
            ]
          },
          "metadata": {
            "operationMetadataId": "061ec818-11c0-41b0-aa6b-7e288f50bb93"
          },
          "type": "OpenApiConnection",
          "inputs": {
            "host": {
              "connectionName": "shared_commondataserviceforapps",
              "operationId": "CreateRecord",
              "apiId": "/providers/Microsoft.PowerApps/apis/shared_commondataserviceforapps"
            },
            "parameters": {
              "entityName": "crba3_questionresponses",
              "item/crba3_response": "@triggerBody()['text_1']",
              "item/crba3_SurveyQuestion@odata.bind": "crba3_surveyquestions/@{outputs('Add_a_new_row_-_Feedback_Question')?['body/crba3_surveyquestionid']}"
            },
            "authentication": "@parameters('$authentication')"
          }
        },
        "Convert_time_zone_-_Select_Your_Timezone": {
          "runAfter": {
            "Add_a_new_row_-_Feedback_Response": [
              "Succeeded"
            ]
          },
          "metadata": {
            "operationMetadataId": "ec9675e1-3118-40fe-a6f0-442fc78eb6bc"
          },
          "type": "Expression",
          "kind": "ConvertTimeZone",
          "inputs": {
            "baseTime": "@outputs('Add_a_new_row_-_Feedback_Response')?['body/createdon']",
            "formatString": "o",
            "sourceTimeZone": "UTC",
            "destinationTimeZone": "GMT Standard Time"
          }
        },
        "Post_adaptive_card_in_a_chat_or_channel_-_Select_Team_and_Channel": {
          "runAfter": {
            "Convert_time_zone_-_Select_Your_Timezone": [
              "Succeeded"
            ]
          },
          "metadata": {
            "operationMetadataId": "bf87c847-0187-4eb7-baa0-eb455f7dd014"
          },
          "type": "OpenApiConnection",
          "inputs": {
            "host": {
              "connectionName": "shared_teams",
              "operationId": "PostCardToConversation",
              "apiId": "/providers/Microsoft.PowerApps/apis/shared_teams"
            },
            "parameters": {
              "poster": "Flow bot",
              "location": "Channel",
              "body/recipient/groupId": "ce91bd97-2c38-4d86-9b94-40b918dac1d3",
              "body/recipient/channelId": "19:ba5a6968f07e4c73a1cf7464f189f1eb@thread.tacv2",
              "body/messageBody": "{\n    \"type\": \"AdaptiveCard\",\n    \"body\": [\n        {\n            \"type\": \"TextBlock\",\n            \"size\": \"Large\",\n            \"weight\": \"Bolder\",\n            \"text\": \"Novo feedback\",\n            \"seperator\": true\n        },\n        {\n            \"type\": \"ColumnSet\",\n            \"style\": \"emphasis\",\n            \"spacing\": \"None\",\n            \"seperator\": \"none\",\n            \"columns\": [\n                {\n                    \"type\": \"Column\",\n                    \"width\": \"90px\",\n                    \"items\": [\n                        {\n                            \"type\": \"TextBlock\",\n                            \"weight\": \"Bolder\",\n                            \"text\": \"Feedback de:\",\n                            \"spacing\": \"None\"\n                        },\n                        {\n                            \"type\": \"TextBlock\",\n                            \"weight\": \"Bolder\",\n                            \"text\": \"Rating:\",\n                            \"wrap\": true\n                        },\n                        {\n                            \"type\": \"TextBlock\",\n                            \"weight\": \"Bolder\",\n                            \"text\": \"Detalhes:\",\n                            \"wrap\": true\n                        }\n                    ]\n                },\n                {\n                    \"type\": \"Column\",\n                    \"width\": \"auto\",\n                    \"items\": [\n                        {\n                            \"type\": \"RichTextBlock\",\n                            \"inlines\": [\n                                {\n                                    \"type\": \"TextRun\",\n                                    \"text\": \"@{outputs('Get_user_profile_-_Respondent')?['body/displayName']} \"\n                                },\n                                {\n                                    \"type\": \"TextRun\",\n                                    \"text\": \" @{formatDateTime(body('Convert_time_zone_-_Select_Your_Timezone'), 'MMMM dd, yyyy  hh:mm tt')}\"\n                                }\n                            ]\n                        },\n                        {\n                            \"type\": \"TextBlock\",\n                            \"text\": \"@{triggerBody()['text']}/5\",\n                            \"wrap\": true\n                        },\n                        {\n                            \"type\": \"TextBlock\",\n                            \"text\": \"@{triggerBody()['text_1']}\",\n                            \"wrap\": true\n                        }\n                    ]\n                }\n            ]\n        }\n    ],\n    \"$schema\": \"http://adaptivecards.io/schemas/adaptive-card.json\",\n    \"version\": \"1.2\",\n    \"msTeams\": {\n        \"width\": \"full\"\n    }\n}"
            },
            "authentication": "@parameters('$authentication')"
          }
        }
      }
    },
    "templateName": ""
  },
  "schemaVersion": "1.0.0.0"
}