{
  "intents": [
    {
      "triggerQueries": [
        "Para que serve o Leitor Imersivo?",
        "Como posso usar o Leitor Imersivo?",
        "Como posso usar o Immersive reader?",
        "Para que serve o Immersive Reader?",
        "O que é o Immersive Reader?",
        "O que é Leitor Imersivo?"
      ],
      "dialogId": "new_topic_93e8db53fe9e48dbbf8a87bd00ca845c",
      "isTriggeringEnabled": true,
      "id": "new_topic_93e8db53fe9e48dbbf8a87bd00ca845c",
      "displayName": "O que é Leitor Imersivo?",
      "createdTime": "2023-01-03T12:34:27.9333023Z",
      "updatedTime": "2023-01-03T12:34:27.9333023Z",
      "createdUserId": "1217587e-94d3-4d46-b9e3-9ad63e50a6a1",
      "updatedUserId": "1217587e-94d3-4d46-b9e3-9ad63e50a6a1"
    }
  ],
  "dialogs": [
    {
      "rootNodeId": "d9fb129b-a6f8-42cd-96e0-3cbe3a212d3a",
      "messageNodes": [
        {
          "botMessageId": "7fed1b74-2665-4726-97bf-22c60a6fa91d",
          "nodeType": "BotMessageNode",
          "id": "d9fb129b-a6f8-42cd-96e0-3cbe3a212d3a",
          "defaultTargetNodeId": "f395d216-301b-49d1-b46c-c14721b727d6"
        }
      ],
      "dialogChangeNodes": [
        {
          "targetDialogId": "new_topic_e347a2395e634a7880736d574ee58956_aeabea4d071f415c8c107e1cb7af5424_assumedsuccess",
          "nodeType": "DialogChangeNode",
          "id": "f395d216-301b-49d1-b46c-c14721b727d6"
        }
      ],
      "id": "new_topic_93e8db53fe9e48dbbf8a87bd00ca845c",
      "displayName": "Untitled",
      "createdTime": "2023-01-03T12:34:27.9333023Z",
      "updatedTime": "2023-01-03T12:34:27.9333023Z",
      "createdUserId": "1217587e-94d3-4d46-b9e3-9ad63e50a6a1",
      "updatedUserId": "1217587e-94d3-4d46-b9e3-9ad63e50a6a1"
    }
  ],
  "botMessages": [
    {
      "channelContent": {
        "web": {
          "contentFormat": "Markdown",
          "content": "[Clique aqui para um](https://support.microsoft.com/en-us/office/anv%C3%A4nda-avancerad-l%C3%A4sare-i-microsoft-teams-a700c0d0-bc53-4696-a94d-4fbc86ac7a9a) [guia do Leitor Imersivo no Teams](https://support.microsoft.com/en-us/office/anv%C3%A4nda-avancerad-l%C3%A4sare-i-microsoft-teams-a700c0d0-bc53-4696-a94d-4fbc86ac7a9a)\n\nSe desejar que o texto seja lido em voz alta ou fale uma língua diferente, pode usar o Leitor Imersivo. Cor, forma e tamanho podem ser adaptados às suas preferências, o que, por exemplo, facilita a leitura para pessoas com dislexia e dificuldades de aprendizagem. \n\nO dicionário de imagens, o foco de linha e as suporte de palavras também estão disponíveis para suporte visual.\n\nEm qualquer mensagem no Teams, clique em **Mais opções \"...\"** e selecione **Immersive Reader.**\n\nTente esta mensagem, por exemplo. As configurações são únicas para si."
        }
      },
      "id": "7fed1b74-2665-4726-97bf-22c60a6fa91d",
      "createdTime": "2023-01-03T12:33:26.128Z",
      "updatedTime": "2023-01-03T12:33:26.128Z"
    }
  ]
}