{
  "intents": [
    {
      "triggerQueries": [
        "What is Teams and why should I use it?"
      ],
      "dialogId": "new_topic_ee9181b40b364afc8c883597b0aca100",
      "isTriggeringEnabled": true,
      "id": "new_topic_ee9181b40b364afc8c883597b0aca100",
      "displayName": "What is Teams and why should I use it?",
      "description": "https://hickweb.blob.core.windows.net/$web/AdoptBot/AdoptBot2022-English.docx",
      "createdTime": "2022-03-02T14:57:19.3201277Z",
      "updatedTime": "2022-03-02T15:01:43.5307847Z",
      "createdUserId": "3e27f02e-042d-4f0e-be03-083d03c89917",
      "updatedUserId": "3e27f02e-042d-4f0e-be03-083d03c89917"
    }
  ],
  "dialogs": [
    {
      "rootNodeId": "5414d095-8173-4f52-ae94-361610e35d72",
      "messageNodes": [
        {
          "botMessageId": "d1036fc5-e31a-4088-83f1-2fe3431a97da",
          "nodeType": "BotMessageNode",
          "id": "5414d095-8173-4f52-ae94-361610e35d72",
          "defaultTargetNodeId": "27fb9336-d44a-4b74-8e59-053b26a56bd0"
        }
      ],
      "dialogChangeNodes": [
        {
          "targetDialogId": "new_topic_f3954ff416624052b3434952b36c18d0_aeabea4d071f415c8c107e1cb7af5424_assumedsuccess",
          "nodeType": "DialogChangeNode",
          "id": "27fb9336-d44a-4b74-8e59-053b26a56bd0"
        }
      ],
      "id": "new_topic_ee9181b40b364afc8c883597b0aca100",
      "displayName": "What is Teams and why should I use it?",
      "createdTime": "2022-03-02T14:57:08.5383724Z",
      "createdUserId": "3e27f02e-042d-4f0e-be03-083d03c89917"
    }
  ],
  "botMessages": [
    {
      "channelContent": {
        "web": {
          "contentFormat": "Markdown",
          "content": "Microsoft Teams is the ultimate messaging app for your organization!\r\n\r\nA workspace for real-time collaboration and communication, meetings, files, and app sharing,  even  emoji's and GIFs! All in one place  and accessible  to everyone.\r\n\r\nHere’s why you should consider using Teams:\r\n\r\n- Modern chat with text, audio, video, and file sharing.\r\n- [Have a private chat](https://support.microsoft.com/en-us/office/start-a-chat-in-teams-0c71b32b-c050-4930-a887-5afbe742b3d8) to develop an idea, [then share it with the entire org.](https://support.microsoft.com/en-us/office/learn-about-teams-and-channels-5e4fd702-85f5-48d7-ae14-98821a1f90d3)\r\n- Please keep your files, documents  and more in [one place.](https://support.microsoft.com/en-us/office/explore-the-files-list-in-teams-287ba970-2bdf-473d-a2da-76247ea4cf8f)\r\n- [Integrate your favorite](https://support.microsoft.com/en-us/office/five-things-to-know-about-apps-in-microsoft-teams-747492ee-7cdd-4115-a993-8c7e7f98a3d0) apps Planner, Trello, GitHub, and many more."
        }
      },
      "id": "d1036fc5-e31a-4088-83f1-2fe3431a97da"
    }
  ]
}