{
  "intents": [
    {
      "systemIntentTypes": [
        "Thankyou"
      ],
      "intentType": "System",
      "triggerQueries": [
        "obrigado",
        "obrigada",
        "muito obrigado",
        "muito obrigada"
      ],
      "dialogId": "new_topic_e347a2395e634a7880736d574ee58956_3d2584ec30914684839527e05e7be172_thankyou",
      "isTriggeringEnabled": true,
      "id": "new_topic_e347a2395e634a7880736d574ee58956_3d2584ec30914684839527e05e7be172_thankyou",
      "displayName": "Obrigado",
      "description": "Intenção do sistema - Obrigado",
      "createdTime": "2019-01-15T00:00:00Z",
      "updatedTime": "2022-12-27T14:27:14.4016337Z",
      "createdUserId": "user0",
      "updatedUserId": "1217587e-94d3-4d46-b9e3-9ad63e50a6a1"
    }
  ],
  "dialogs": [
    {
      "rootNodeId": "6c46869b-e8cd-4e1a-a80c-9d73e61d71b5",
      "dialogType": "System",
      "messageNodes": [
        {
          "botMessageId": "cff8bb49-7ed4-4552-a6e6-714279f5f24c",
          "nodeType": "BotMessageNode",
          "id": "6c46869b-e8cd-4e1a-a80c-9d73e61d71b5"
        }
      ],
      "id": "new_topic_e347a2395e634a7880736d574ee58956_3d2584ec30914684839527e05e7be172_thankyou",
      "displayName": "Caixa de diálogo Obrigado",
      "createdTime": "2019-01-15T00:00:00Z",
      "updatedTime": "2022-12-27T14:27:14.4016337Z",
      "createdUserId": "user0",
      "updatedUserId": "1217587e-94d3-4d46-b9e3-9ad63e50a6a1"
    }
  ],
  "botMessages": [
    {
      "channelContent": {
        "web": {
          "contentFormat": "Markdown",
          "content": "Feliz em ajudar!"
        }
      },
      "id": "cff8bb49-7ed4-4552-a6e6-714279f5f24c",
      "createdTime": "2019-01-15T00:00:00Z",
      "updatedTime": "2019-01-15T00:00:00Z",
      "createdUserId": "user0",
      "updatedUserId": "user0"
    }
  ]
}