{
  "intents": [
    {
      "triggerQueries": [
        "Can people with earlier versions of Office open documents I've created using Office 365?"
      ],
      "dialogId": "new_topic_d5e4c1917df2475ba252bb9b5f188ae3",
      "isTriggeringEnabled": true,
      "id": "new_topic_d5e4c1917df2475ba252bb9b5f188ae3",
      "displayName": "Can people with earlier versions of Office open documents I've created using Office 365?",
      "description": "https://hickweb.blob.core.windows.net/$web/AdoptBot/AdoptBot2022-English.docx",
      "createdTime": "2022-03-02T14:57:19.3356723Z",
      "updatedTime": "2022-03-02T15:01:18.3632969Z",
      "createdUserId": "3e27f02e-042d-4f0e-be03-083d03c89917",
      "updatedUserId": "3e27f02e-042d-4f0e-be03-083d03c89917"
    }
  ],
  "dialogs": [
    {
      "rootNodeId": "27639a49-8a77-468b-ad58-797c45b94fd6",
      "messageNodes": [
        {
          "botMessageId": "f7490b72-eeb3-42d6-b476-1962fa9912bc",
          "nodeType": "BotMessageNode",
          "id": "27639a49-8a77-468b-ad58-797c45b94fd6",
          "defaultTargetNodeId": "35ef4114-6e19-476d-a22a-e9260ac7a280"
        }
      ],
      "dialogChangeNodes": [
        {
          "targetDialogId": "new_topic_f3954ff416624052b3434952b36c18d0_aeabea4d071f415c8c107e1cb7af5424_assumedsuccess",
          "nodeType": "DialogChangeNode",
          "id": "35ef4114-6e19-476d-a22a-e9260ac7a280"
        }
      ],
      "id": "new_topic_d5e4c1917df2475ba252bb9b5f188ae3",
      "displayName": "Can people with earlier versions of Office open documents I've created using Office 365?",
      "createdTime": "2022-03-02T14:57:08.4602637Z",
      "createdUserId": "3e27f02e-042d-4f0e-be03-083d03c89917"
    }
  ],
  "botMessages": [
    {
      "channelContent": {
        "web": {
          "contentFormat": "Markdown",
          "content": "People using Office 365, Office 2019, Office 2016, Office 2013, and Office 2010 applications can open documents created using Microsoft 365 without any further action."
        }
      },
      "id": "f7490b72-eeb3-42d6-b476-1962fa9912bc"
    }
  ]
}