{
  "intents": [
    {
      "triggerQueries": [
        "Recebo um alerta se alguém se junta a minha reunião?",
        "Sou notificado quando alguém se junta a minha reunião?",
        "Os participantes recebem uma notificação quando um utilizador se junta ou sai de uma reunião?"
      ],
      "dialogId": "new_topic_ce603f54143e47e2a79a39f1802e3fc2",
      "isTriggeringEnabled": true,
      "id": "new_topic_ce603f54143e47e2a79a39f1802e3fc2",
      "displayName": "Os participantes recebem uma notificação quando um utilizador se junta ou sai de uma reunião?",
      "createdTime": "2022-12-30T14:08:03.8410947Z",
      "updatedTime": "2022-12-30T14:08:03.8410947Z",
      "createdUserId": "1217587e-94d3-4d46-b9e3-9ad63e50a6a1",
      "updatedUserId": "1217587e-94d3-4d46-b9e3-9ad63e50a6a1"
    }
  ],
  "dialogs": [
    {
      "rootNodeId": "782483fd-ddd0-4552-a00f-4bc72d56168b",
      "messageNodes": [
        {
          "botMessageId": "bd61981c-2021-4ddb-81ba-99ab8a054f0d",
          "nodeType": "BotMessageNode",
          "id": "782483fd-ddd0-4552-a00f-4bc72d56168b",
          "defaultTargetNodeId": "c2ea64a7-87df-4bc7-a78e-3f71a19a1cea"
        }
      ],
      "dialogChangeNodes": [
        {
          "targetDialogId": "new_topic_e347a2395e634a7880736d574ee58956_aeabea4d071f415c8c107e1cb7af5424_assumedsuccess",
          "nodeType": "DialogChangeNode",
          "id": "c2ea64a7-87df-4bc7-a78e-3f71a19a1cea"
        }
      ],
      "id": "new_topic_ce603f54143e47e2a79a39f1802e3fc2",
      "displayName": "Untitled",
      "createdTime": "2022-12-30T14:08:03.8410947Z",
      "updatedTime": "2022-12-30T14:08:03.8410947Z",
      "createdUserId": "1217587e-94d3-4d46-b9e3-9ad63e50a6a1",
      "updatedUserId": "1217587e-94d3-4d46-b9e3-9ad63e50a6a1"
    }
  ],
  "botMessages": [
    {
      "channelContent": {
        "web": {
          "contentFormat": "Markdown",
          "content": "Por predefinição, os participantes são notificados quando os utilizadores se juntam à reunião. Para alterar estas definições, consulte [as definições dos participantes para uma reunião de equipas](https://support.microsoft.com/en-us/office/change-participant-settings-for-a-teams-meeting-53261366-dbd5-45f9-aae9-a70e6354f88e)"
        }
      },
      "id": "bd61981c-2021-4ddb-81ba-99ab8a054f0d",
      "createdTime": "2022-12-30T14:07:26.495Z",
      "updatedTime": "2022-12-30T14:07:26.495Z"
    }
  ]
}