{
  "intents": [
    {
      "triggerQueries": [
        "How do I change guest permissions?"
      ],
      "dialogId": "new_topic_6068782a2a7d40a9a58285018726f168",
      "isTriggeringEnabled": true,
      "id": "new_topic_6068782a2a7d40a9a58285018726f168",
      "displayName": "How do I change guest permissions?",
      "description": "https://hickweb.blob.core.windows.net/$web/AdoptBot/AdoptBot2022-English.docx",
      "createdTime": "2022-03-02T14:57:19.3356723Z",
      "updatedTime": "2022-03-02T15:00:16.2888907Z",
      "createdUserId": "3e27f02e-042d-4f0e-be03-083d03c89917",
      "updatedUserId": "3e27f02e-042d-4f0e-be03-083d03c89917"
    }
  ],
  "dialogs": [
    {
      "rootNodeId": "1419a62a-903d-40ed-91d2-a1ed93e4c199",
      "messageNodes": [
        {
          "botMessageId": "6c091776-5456-4e9f-9af9-bd8693273101",
          "nodeType": "BotMessageNode",
          "id": "1419a62a-903d-40ed-91d2-a1ed93e4c199",
          "defaultTargetNodeId": "1c0145ac-1960-40d5-b64f-02b8a60448b9"
        }
      ],
      "dialogChangeNodes": [
        {
          "targetDialogId": "new_topic_f3954ff416624052b3434952b36c18d0_aeabea4d071f415c8c107e1cb7af5424_assumedsuccess",
          "nodeType": "DialogChangeNode",
          "id": "1c0145ac-1960-40d5-b64f-02b8a60448b9"
        }
      ],
      "id": "new_topic_6068782a2a7d40a9a58285018726f168",
      "displayName": "How do I change guest permissions?",
      "createdTime": "2022-03-02T14:57:08.4602637Z",
      "createdUserId": "3e27f02e-042d-4f0e-be03-083d03c89917"
    }
  ],
  "botMessages": [
    {
      "channelContent": {
        "web": {
          "contentFormat": "Markdown",
          "content": "If you're a team owner, you can change guest permission settings by going to the team name and clicking More options,  and then click Manageteam .\r\n\r\nOn the Settings tab ,  click Guest permissions .\r\n\r\nIf you're curious, here's a rundown of [what guests can do in Teams.](https://support.microsoft.com/en-us/office/team-owner-member-and-guest-capabilities-in-teams-d03fdf5b-1a6e-48e4-8e07-b13e1350ec7b)"
        }
      },
      "id": "6c091776-5456-4e9f-9af9-bd8693273101"
    }
  ]
}