{
  "intents": [
    {
      "triggerQueries": [
        "Como posso acessar o Office 65?",
        "Como aceder ao Office 365?",
        "Como sei se posso aceder ao Office 365 através do meu dispositivo?"
      ],
      "dialogId": "new_topic_8514452dac6445fcb815a42c505e7a25",
      "isTriggeringEnabled": true,
      "id": "new_topic_8514452dac6445fcb815a42c505e7a25",
      "displayName": "Como sei se posso aceder ao Office 365 através do meu dispositivo?",
      "createdTime": "2022-12-30T14:00:47.6788307Z",
      "updatedTime": "2022-12-30T14:00:47.6788307Z",
      "createdUserId": "1217587e-94d3-4d46-b9e3-9ad63e50a6a1",
      "updatedUserId": "1217587e-94d3-4d46-b9e3-9ad63e50a6a1"
    }
  ],
  "dialogs": [
    {
      "rootNodeId": "2190921f-e93c-40a7-a4ac-af972753d87f",
      "messageNodes": [
        {
          "botMessageId": "ef458300-e247-456b-b970-08c254baa586",
          "nodeType": "BotMessageNode",
          "id": "2190921f-e93c-40a7-a4ac-af972753d87f",
          "defaultTargetNodeId": "54bbf314-df94-46b5-a046-dcb164cac9c8"
        }
      ],
      "dialogChangeNodes": [
        {
          "targetDialogId": "new_topic_e347a2395e634a7880736d574ee58956_aeabea4d071f415c8c107e1cb7af5424_assumedsuccess",
          "nodeType": "DialogChangeNode",
          "id": "54bbf314-df94-46b5-a046-dcb164cac9c8"
        }
      ],
      "id": "new_topic_8514452dac6445fcb815a42c505e7a25",
      "displayName": "Untitled",
      "createdTime": "2022-12-30T14:00:47.6788307Z",
      "updatedTime": "2022-12-30T14:00:47.6788307Z",
      "createdUserId": "1217587e-94d3-4d46-b9e3-9ad63e50a6a1",
      "updatedUserId": "1217587e-94d3-4d46-b9e3-9ad63e50a6a1"
    }
  ],
  "botMessages": [
    {
      "channelContent": {
        "web": {
          "contentFormat": "Markdown",
          "content": "O Office 365 é compatível com Windows, Mac, iPhone, Android. Para versões compatíveis do Windows e macOS, e para outros requisitos de funcionalidade, consulte [os Requisitos do Sistema](https://products.office.com/en-us/office-system-requirements)"
        }
      },
      "id": "ef458300-e247-456b-b970-08c254baa586",
      "createdTime": "2022-12-30T14:00:13.057Z",
      "updatedTime": "2022-12-30T14:00:13.057Z"
    }
  ]
}