{
  "intents": [
    {
      "triggerQueries": [
        "How do I rename the team?"
      ],
      "dialogId": "new_topic_92ba773f3dfc4d789d75a466a1787b43",
      "isTriggeringEnabled": true,
      "id": "new_topic_92ba773f3dfc4d789d75a466a1787b43",
      "displayName": "How do I rename the team?",
      "description": "https://adoptbotv2kb.blob.core.windows.net/%24web/AdoptBot2021-English.docx",
      "createdTime": "2021-01-21T11:36:41.843367Z",
      "updatedTime": "2021-01-21T11:39:17.9830589Z",
      "createdUserId": "aaefd11d-4a6f-43de-b8d1-f4d839285950",
      "updatedUserId": "aaefd11d-4a6f-43de-b8d1-f4d839285950"
    }
  ],
  "dialogs": [
    {
      "rootNodeId": "b67c8f69-95db-4f52-b0d7-d543f291d764",
      "messageNodes": [
        {
          "botMessageId": "368e8375-5772-49d9-845f-5dd2a069fe59",
          "nodeType": "BotMessageNode",
          "id": "b67c8f69-95db-4f52-b0d7-d543f291d764",
          "defaultTargetNodeId": "6a401b42-e76c-4822-a77e-292a42995e87"
        }
      ],
      "dialogChangeNodes": [
        {
          "targetDialogId": "new_topic_a96de8db0acd41edb5a2e60fb0d93441_aeabea4d071f415c8c107e1cb7af5424_assumedsuccess",
          "nodeType": "DialogChangeNode",
          "id": "6a401b42-e76c-4822-a77e-292a42995e87"
        }
      ],
      "id": "new_topic_92ba773f3dfc4d789d75a466a1787b43",
      "displayName": "Dialog for How do I rename the team?",
      "createdTime": "2021-01-21T11:36:41.843367Z",
      "updatedTime": "2021-01-21T11:36:41.843367Z",
      "createdUserId": "aaefd11d-4a6f-43de-b8d1-f4d839285950",
      "updatedUserId": "aaefd11d-4a6f-43de-b8d1-f4d839285950"
    }
  ],
  "botMessages": [
    {
      "channelContent": {
        "web": {
          "contentFormat": "Markdown",
          "content": "Go to the team name and click More options &gt; Edit team . From there, you can set the team name , description, and privacy settings, if necessary."
        }
      },
      "id": "368e8375-5772-49d9-845f-5dd2a069fe59",
      "createdTime": "2021-01-21T11:36:41.843367Z",
      "updatedTime": "2021-01-21T11:36:41.843367Z",
      "createdUserId": "aaefd11d-4a6f-43de-b8d1-f4d839285950",
      "updatedUserId": "aaefd11d-4a6f-43de-b8d1-f4d839285950"
    }
  ],
  "createdUtc": "0001-01-01T00:00:00Z"
}