{
  "intents": [
    {
      "triggerQueries": [
        "How do I share files in Teams?"
      ],
      "dialogId": "new_topic_1df15a71ae264515bf5223ed3324bca1",
      "isTriggeringEnabled": true,
      "id": "new_topic_1df15a71ae264515bf5223ed3324bca1",
      "displayName": "How do I share files in Teams?",
      "description": "https://hickweb.blob.core.windows.net/$web/AdoptBot/AdoptBot2022-English.docx",
      "createdTime": "2022-03-02T14:57:19.3513008Z",
      "updatedTime": "2022-03-02T14:58:08.5254837Z",
      "createdUserId": "3e27f02e-042d-4f0e-be03-083d03c89917",
      "updatedUserId": "3e27f02e-042d-4f0e-be03-083d03c89917"
    }
  ],
  "dialogs": [
    {
      "rootNodeId": "7b2868c8-d82e-40ae-aaea-1d4434408eb1",
      "messageNodes": [
        {
          "botMessageId": "78315f34-5917-4ef9-b505-95b88f202971",
          "nodeType": "BotMessageNode",
          "id": "7b2868c8-d82e-40ae-aaea-1d4434408eb1",
          "defaultTargetNodeId": "96707f33-183a-4986-ab6b-ecf92cf09b9d"
        }
      ],
      "dialogChangeNodes": [
        {
          "targetDialogId": "new_topic_f3954ff416624052b3434952b36c18d0_aeabea4d071f415c8c107e1cb7af5424_assumedsuccess",
          "nodeType": "DialogChangeNode",
          "id": "96707f33-183a-4986-ab6b-ecf92cf09b9d"
        }
      ],
      "id": "new_topic_1df15a71ae264515bf5223ed3324bca1",
      "displayName": "How do I share files in Teams?",
      "createdTime": "2022-03-02T14:57:08.4602637Z",
      "createdUserId": "3e27f02e-042d-4f0e-be03-083d03c89917"
    }
  ],
  "botMessages": [
    {
      "channelContent": {
        "web": {
          "contentFormat": "Markdown",
          "content": "Each channel has a tab called \"Files\" . There you can [upload files in Teams](https://support.microsoft.com/en-us/office/dela-en-fil-i-teams-0c4d34ee-5dd8-46d5-ab35-0d227b5e6eb5) .\r\n\r\nYou can also share files in your channel's chat. These will then automatically be found in the channel’s “ Files” tab.\r\n\r\nFiles shared in a private or group chat can be shared with the people in that conversation.\r\n\r\nYou can print, share, or collaborate on documents in real time without leaving the Teams platform."
        }
      },
      "id": "78315f34-5917-4ef9-b505-95b88f202971"
    }
  ]
}