{
  "intents": [
    {
      "triggerQueries": [
        "Simple tips for better Teams meetings?"
      ],
      "dialogId": "new_topic_186d0b91b013462098f77a87ce8b9061",
      "isTriggeringEnabled": true,
      "id": "new_topic_186d0b91b013462098f77a87ce8b9061",
      "displayName": "Simple tips for better Teams meetings?",
      "description": "https://hickweb.blob.core.windows.net/$web/AdoptBot/AdoptBot2022-English.docx",
      "createdTime": "2022-03-02T14:57:19.3356723Z",
      "updatedTime": "2022-03-02T15:01:23.1244078Z",
      "createdUserId": "3e27f02e-042d-4f0e-be03-083d03c89917",
      "updatedUserId": "3e27f02e-042d-4f0e-be03-083d03c89917"
    }
  ],
  "dialogs": [
    {
      "rootNodeId": "9f594dda-03fc-45c2-bc43-f4c490ea6b8a",
      "messageNodes": [
        {
          "botMessageId": "20d595ef-9349-45f7-b68c-1dfc85e2bfd8",
          "nodeType": "BotMessageNode",
          "id": "9f594dda-03fc-45c2-bc43-f4c490ea6b8a",
          "defaultTargetNodeId": "38833154-8599-4a4f-8788-cc4b76f64cae"
        }
      ],
      "dialogChangeNodes": [
        {
          "targetDialogId": "new_topic_f3954ff416624052b3434952b36c18d0_aeabea4d071f415c8c107e1cb7af5424_assumedsuccess",
          "nodeType": "DialogChangeNode",
          "id": "38833154-8599-4a4f-8788-cc4b76f64cae"
        }
      ],
      "id": "new_topic_186d0b91b013462098f77a87ce8b9061",
      "displayName": "Simple tips for better Teams meetings?",
      "createdTime": "2022-03-02T14:57:08.4602637Z",
      "createdUserId": "3e27f02e-042d-4f0e-be03-083d03c89917"
    }
  ],
  "botMessages": [
    {
      "channelContent": {
        "web": {
          "contentFormat": "Markdown",
          "content": "Here are some simple t [ips for](https://support.microsoft.com/en-us/office/tips-f%C3%B6r-b%C3%A4ttre-m%C3%B6ten-80640ac4-b009-42ea-abcb-660e729e63e5) [better](https://support.microsoft.com/en-us/office/tips-f%C3%B6r-b%C3%A4ttre-m%C3%B6ten-80640ac4-b009-42ea-abcb-660e729e63e5) meetings with Microsoft Teams (with subtitles)"
        }
      },
      "id": "20d595ef-9349-45f7-b68c-1dfc85e2bfd8"
    }
  ]
}