{
  "intents": [
    {
      "triggerQueries": [
        "Quais aplicaçÕes existem para o Teams?",
        "O que são apps no Teams?",
        "Posso usar Apps no Teams?",
        "O que são aplicações no Teams e porque devo utilizá-las?"
      ],
      "dialogId": "new_topic_6ca68fa605f24535bf98bc33019639ee",
      "isTriggeringEnabled": true,
      "id": "new_topic_6ca68fa605f24535bf98bc33019639ee",
      "displayName": "O que são aplicações no Teams e porque devo utilizá-las?",
      "createdTime": "2022-12-30T13:26:08.7804818Z",
      "updatedTime": "2022-12-30T13:26:08.7804818Z",
      "createdUserId": "1217587e-94d3-4d46-b9e3-9ad63e50a6a1",
      "updatedUserId": "1217587e-94d3-4d46-b9e3-9ad63e50a6a1"
    }
  ],
  "dialogs": [
    {
      "rootNodeId": "0a3e7665-78a6-4ec0-9688-221047992918",
      "messageNodes": [
        {
          "botMessageId": "4a375ce3-fd7a-4794-903c-27b718642352",
          "nodeType": "BotMessageNode",
          "id": "0a3e7665-78a6-4ec0-9688-221047992918",
          "defaultTargetNodeId": "8c254f2c-efe3-4cea-84c7-c2385bf001ad"
        }
      ],
      "dialogChangeNodes": [
        {
          "targetDialogId": "new_topic_e347a2395e634a7880736d574ee58956_aeabea4d071f415c8c107e1cb7af5424_assumedsuccess",
          "nodeType": "DialogChangeNode",
          "id": "8c254f2c-efe3-4cea-84c7-c2385bf001ad"
        }
      ],
      "id": "new_topic_6ca68fa605f24535bf98bc33019639ee",
      "displayName": "Untitled",
      "createdTime": "2022-12-30T13:26:08.7804818Z",
      "updatedTime": "2022-12-30T13:26:08.7804818Z",
      "createdUserId": "1217587e-94d3-4d46-b9e3-9ad63e50a6a1",
      "updatedUserId": "1217587e-94d3-4d46-b9e3-9ad63e50a6a1"
    }
  ],
  "botMessages": [
    {
      "channelContent": {
        "web": {
          "contentFormat": "Markdown",
          "content": "As aplicações ajudam-no a encontrar conteúdo dos seus serviços favoritos e a partilhá-lo no Teams. Eis como:\n\n**Conversar com um Bot**\n\nOs bots fornecem respostas, atualizações e assistência num canal. Você pode conversar com eles para obter ajuda com a gestão de tarefas, agendamento, e muito mais.\n\n**Partilhar conteúdo num separador**\n\nOs separadores ajudam-no a partilhar conteúdo e funcionalidade a partir de um serviço num canal. Conecte-se a serviços como Excel, SharePoint, Zendesk ou um site à sua escolha.\n\n**Obter atualizações de um conector**\n\nOs conectores enviam atualizações e informações diretamente para um canal. Obtenha atualizações automáticas de serviços como Twitter, feeds RSS e GitHub.\n\n**Adicione conteúdo rico às suas mensagens**\n\nEstas aplicações encontram conteúdo de diferentes serviços e enviam-no diretamente para uma mensagem. Pode partilhar coisas como relatórios meteorológicos, notícias diárias, imagens e vídeos com qualquer um com quem esteja a falar.\n\n**Obter ou criar uma aplicação**\n\nVá à Loja para [adicionar um bot, separador, conector ou app de mensagens](https://support.microsoft.com/en-us/office/add-an-app-to-microsoft-teams-b2217706-f7ed-4e64-8e96-c413afd02f77) às Equipas. Se estiver interessado, pode até [construir a sua própria aplicação](https://aka.ms/microsoftteamsplatform) **personalizada.**"
        }
      },
      "id": "4a375ce3-fd7a-4794-903c-27b718642352",
      "createdTime": "2022-12-30T13:25:17.652Z",
      "updatedTime": "2022-12-30T13:25:17.652Z"
    }
  ]
}