{
  "intents": [
    {
      "triggerQueries": [
        "How do I join a Team meeting?"
      ],
      "dialogId": "new_topic_6a0df24fb4104d3d93bd61859ad2af04",
      "isTriggeringEnabled": true,
      "id": "new_topic_6a0df24fb4104d3d93bd61859ad2af04",
      "displayName": "How do I join a Team meeting?",
      "description": "https://adoptbotv2kb.blob.core.windows.net/%24web/AdoptBot2021-English.docx",
      "createdTime": "2021-01-21T11:36:41.843367Z",
      "updatedTime": "2021-01-21T11:40:05.9050971Z",
      "createdUserId": "aaefd11d-4a6f-43de-b8d1-f4d839285950",
      "updatedUserId": "aaefd11d-4a6f-43de-b8d1-f4d839285950"
    }
  ],
  "dialogs": [
    {
      "rootNodeId": "b80db647-28b5-47ef-afb3-367b69398122",
      "messageNodes": [
        {
          "botMessageId": "8b552a06-0566-4ae0-aa3f-f33487607b42",
          "nodeType": "BotMessageNode",
          "id": "b80db647-28b5-47ef-afb3-367b69398122",
          "defaultTargetNodeId": "d61196ef-f16d-4a12-9f47-7b6fefd0d66c"
        }
      ],
      "dialogChangeNodes": [
        {
          "targetDialogId": "new_topic_a96de8db0acd41edb5a2e60fb0d93441_aeabea4d071f415c8c107e1cb7af5424_assumedsuccess",
          "nodeType": "DialogChangeNode",
          "id": "d61196ef-f16d-4a12-9f47-7b6fefd0d66c"
        }
      ],
      "id": "new_topic_6a0df24fb4104d3d93bd61859ad2af04",
      "displayName": "Dialog for How do I join a Team meeting?",
      "createdTime": "2021-01-21T11:36:41.843367Z",
      "updatedTime": "2021-01-21T11:36:41.843367Z",
      "createdUserId": "aaefd11d-4a6f-43de-b8d1-f4d839285950",
      "updatedUserId": "aaefd11d-4a6f-43de-b8d1-f4d839285950"
    }
  ],
  "botMessages": [
    {
      "channelContent": {
        "web": {
          "contentFormat": "Markdown",
          "content": "[You can join a Teams meeting at any time](https://support.microsoft.com/en-us/office/ansluta-till-ett-m%C3%B6te-i-teams-1613bb53-f3fa-431e-85a9-d6a91e3468c9) .  Click the link in your meeting invite or select Join directly in Teams.\r\n\r\nThrough the Calendar in Teams, you can  view your calendar and join and/or  schedule Teams meetings. If your organization offers audio conferencing as an option, a dial-in number will be shown in the meeting invitation."
        }
      },
      "id": "8b552a06-0566-4ae0-aa3f-f33487607b42",
      "createdTime": "2021-01-21T11:36:41.843367Z",
      "updatedTime": "2021-01-21T11:36:41.843367Z",
      "createdUserId": "aaefd11d-4a6f-43de-b8d1-f4d839285950",
      "updatedUserId": "aaefd11d-4a6f-43de-b8d1-f4d839285950"
    }
  ],
  "createdUtc": "0001-01-01T00:00:00Z"
}