{
  "intents": [
    {
      "triggerQueries": [
        "Will attendees hear a notification when a user joins or cancels a meeting?"
      ],
      "dialogId": "new_topic_8052065e3dc941e297bb7d1ecc298c03",
      "isTriggeringEnabled": true,
      "id": "new_topic_8052065e3dc941e297bb7d1ecc298c03",
      "displayName": "Will attendees hear a notification when a user joins or cancels a meeting?",
      "description": "https://hickweb.blob.core.windows.net/$web/AdoptBot/AdoptBot2022-English.docx",
      "createdTime": "2022-03-02T14:57:19.3356723Z",
      "updatedTime": "2022-03-02T15:01:22.2695354Z",
      "createdUserId": "3e27f02e-042d-4f0e-be03-083d03c89917",
      "updatedUserId": "3e27f02e-042d-4f0e-be03-083d03c89917"
    }
  ],
  "dialogs": [
    {
      "rootNodeId": "ed94452c-1b77-4cb5-87ff-18711ffd32f6",
      "messageNodes": [
        {
          "botMessageId": "f3d5a35b-b0db-4188-bd29-2fafa336dd39",
          "nodeType": "BotMessageNode",
          "id": "ed94452c-1b77-4cb5-87ff-18711ffd32f6",
          "defaultTargetNodeId": "e2b76bfe-2a01-49c2-8d62-f1c192be17a0"
        }
      ],
      "dialogChangeNodes": [
        {
          "targetDialogId": "new_topic_f3954ff416624052b3434952b36c18d0_aeabea4d071f415c8c107e1cb7af5424_assumedsuccess",
          "nodeType": "DialogChangeNode",
          "id": "e2b76bfe-2a01-49c2-8d62-f1c192be17a0"
        }
      ],
      "id": "new_topic_8052065e3dc941e297bb7d1ecc298c03",
      "displayName": "Will attendees hear a notification when a user joins or cancels a meeting?",
      "createdTime": "2022-03-02T14:57:08.4602637Z",
      "createdUserId": "3e27f02e-042d-4f0e-be03-083d03c89917"
    }
  ],
  "botMessages": [
    {
      "channelContent": {
        "web": {
          "contentFormat": "Markdown",
          "content": "By default, attendees are notified when users connect. To change these settings,  see  [Change participant settings for a Teams meeting](https://support.microsoft.com/en-us/office/change-participant-settings-for-a-teams-meeting-53261366-dbd5-45f9-aae9-a70e6354f88e)"
        }
      },
      "id": "f3d5a35b-b0db-4188-bd29-2fafa336dd39"
    }
  ]
}