{
  "intents": [
    {
      "triggerQueries": [
        "O que significa ser proprietário de uma equipa?",
        "O que significa ser Owner de uma equipa?",
        "O que é o Owner de uma equipa?",
        "O que é um proprietário de equipa?"
      ],
      "dialogId": "new_topic_6a6573e3cf0c494aa3cdffaa99c30b0b",
      "isTriggeringEnabled": true,
      "id": "new_topic_6a6573e3cf0c494aa3cdffaa99c30b0b",
      "displayName": "O que é um proprietário de equipa?",
      "createdTime": "2022-12-30T16:33:20.4781349Z",
      "updatedTime": "2022-12-30T16:33:20.4781349Z",
      "createdUserId": "1217587e-94d3-4d46-b9e3-9ad63e50a6a1",
      "updatedUserId": "1217587e-94d3-4d46-b9e3-9ad63e50a6a1"
    }
  ],
  "dialogs": [
    {
      "rootNodeId": "2b0b9f40-b4bc-472e-889b-f30023de3a40",
      "messageNodes": [
        {
          "botMessageId": "d66afd85-bc01-4691-b86f-03d985b20e1e",
          "nodeType": "BotMessageNode",
          "id": "2b0b9f40-b4bc-472e-889b-f30023de3a40",
          "defaultTargetNodeId": "8aa9a16b-c27d-40f3-8f6f-eb4ee69840ba"
        }
      ],
      "dialogChangeNodes": [
        {
          "targetDialogId": "new_topic_e347a2395e634a7880736d574ee58956_aeabea4d071f415c8c107e1cb7af5424_assumedsuccess",
          "nodeType": "DialogChangeNode",
          "id": "8aa9a16b-c27d-40f3-8f6f-eb4ee69840ba"
        }
      ],
      "id": "new_topic_6a6573e3cf0c494aa3cdffaa99c30b0b",
      "displayName": "Untitled",
      "createdTime": "2022-12-30T16:33:20.4781349Z",
      "updatedTime": "2022-12-30T16:33:20.4781349Z",
      "createdUserId": "1217587e-94d3-4d46-b9e3-9ad63e50a6a1",
      "updatedUserId": "1217587e-94d3-4d46-b9e3-9ad63e50a6a1"
    }
  ],
  "botMessages": [
    {
      "channelContent": {
        "web": {
          "contentFormat": "Markdown",
          "content": "O proprietário da equipa é a pessoa que cria e/ou administra a equipa. Os proprietários das equipas podem transformar os membros da sua equipa em proprietários também. Com vários proprietários de equipa, pode partilhar a responsabilidade pela gestão de configurações e membros, incluindo convites.\n\n**Nota rápida:**\n\nComo proprietário, pode adicionar uma imagem de equipa, definir permissões para os membros da equipa criarem canais, adicionarem separadores, @mention toda a equipa ou canal, e controlar o utilizo de  GIFs, autocolantes e memes. Finalmente, certifique-se de ter pelo menos dois proprietários por equipa. Isto garante um contacto de backup no caso de um dos proprietários não estar disponível."
        }
      },
      "id": "d66afd85-bc01-4691-b86f-03d985b20e1e",
      "createdTime": "2022-12-30T16:32:30.485Z",
      "updatedTime": "2022-12-30T16:32:30.485Z"
    }
  ]
}