{
  "intents": [
    {
      "triggerQueries": [
        "Who can participate in live events?"
      ],
      "dialogId": "new_topic_d3cd5923b16948188918a03798f4ead2",
      "isTriggeringEnabled": true,
      "id": "new_topic_d3cd5923b16948188918a03798f4ead2",
      "displayName": "Who can participate in live events?",
      "description": "https://hickweb.blob.core.windows.net/$web/AdoptBot/AdoptBot2022-English.docx",
      "createdTime": "2022-03-02T14:57:19.3513008Z",
      "updatedTime": "2022-03-02T14:59:13.1076456Z",
      "createdUserId": "3e27f02e-042d-4f0e-be03-083d03c89917",
      "updatedUserId": "3e27f02e-042d-4f0e-be03-083d03c89917"
    }
  ],
  "dialogs": [
    {
      "rootNodeId": "55cf5c76-605f-4d6e-a57a-ae09a3876796",
      "messageNodes": [
        {
          "botMessageId": "f0a3cabe-0eb9-4a97-bdef-150d3c34fbbb",
          "nodeType": "BotMessageNode",
          "id": "55cf5c76-605f-4d6e-a57a-ae09a3876796",
          "defaultTargetNodeId": "d5d33dd5-f987-4c36-bf1e-20b4989a2169"
        }
      ],
      "dialogChangeNodes": [
        {
          "targetDialogId": "new_topic_f3954ff416624052b3434952b36c18d0_aeabea4d071f415c8c107e1cb7af5424_assumedsuccess",
          "nodeType": "DialogChangeNode",
          "id": "d5d33dd5-f987-4c36-bf1e-20b4989a2169"
        }
      ],
      "id": "new_topic_d3cd5923b16948188918a03798f4ead2",
      "displayName": "Who can participate in live events?",
      "createdTime": "2022-03-02T14:57:08.4602637Z",
      "createdUserId": "3e27f02e-042d-4f0e-be03-083d03c89917"
    }
  ],
  "botMessages": [
    {
      "channelContent": {
        "web": {
          "contentFormat": "Markdown",
          "content": "Public events:\r\n\r\nIf an event is public, anyone with the link can participate without signing in.\r\n\r\nPrivate events:\r\n\r\nIf attendance is limited to your organization  or to specific people and groups, attendees must sign in to join. If the event is produced externally, they will need a  license that includes Microsoft Stream.\r\n\r\nFor more details, see [get started with Microsoft Teams live events](https://support.microsoft.com/en-us/office/get-started-with-microsoft-teams-live-events-d077fec2-a058-483e-9ab5-1494afda578a) ."
        }
      },
      "id": "f0a3cabe-0eb9-4a97-bdef-150d3c34fbbb"
    }
  ]
}