{
  "intents": [
    {
      "systemIntentTypes": [
        "Goodbye"
      ],
      "intentType": "System",
      "triggerQueries": [
        "Tchau",
        "Tchau, agradeço mais uma vez",
        "Tchau, agradeço novamente",
        "Tchau, obrigado mais uma vez",
        "Tchau, obrigado novamente",
        "Tchau, obrigada mais uma vez",
        "Tchau, obrigada novamente",
        "Até mais",
        "Tchau, até mais tarde!",
        "Foi um prazer falar com você também. Tenha um bom dia.",
        "Foi um prazer falar com você também. Bom dia.",
        "Foi um prazer conversar com você também. Tenha um bom dia.",
        "Foi um prazer conversar com você também. Bom dia.",
        "Tenha um bom dia",
        "Tenha uma boa noite",
        "Tenha um ótimo dia",
        "Tenha um ótimo dia. Você está se saindo bem.",
        "Tenha um dia maravilhoso :)",
        "Sem problemas. Tchau.",
        "Farei algo depois. Obrigado, tchau",
        "Farei algo depois. Obrigada, tchau",
        "Precisarei falar com você depois.",
        "Precisarei conversar com você depois.",
        "Prazer em falar com você também, tchau.",
        "Prazer em conversar com você também, tchau.",
        "Não, obrigada, boa noite",
        "Não, obrigado, boa noite",
        "Não, obrigado, tchau",
        "Não, obrigada, tchau",
        "Não, obrigado. Tchau.",
        "Não, obrigada. Tchau.",
        "Não, obrigado! Tenha um bom dia!",
        "Não, obrigada! Tenha um bom dia!",
        "Não, obrigado. Tenha um bom dia!",
        "Não, obrigada. Tenha um bom dia!",
        "Não, obrigado pela ajuda, tchau.",
        "Não, obrigada pela ajuda, tchau.",
        "Não, muito obrigado. Tenha um bom dia.",
        "Não, muito obrigado. Bom dia.",
        "Não, muito obrigada. Tenha um bom dia.",
        "Não, muito obrigada. Bom dia.",
        "Nenhuma das anteriores. Tchau",
        "Nenhum dos anteriores. Tchau",
        "Não, está tudo bem, obrigado, tchau",
        "Não, está tudo bem, obrigada, tchau",
        "Não, obrigado, tenha um bom dia, tchau",
        "Não, obrigada, tenha um bom dia, tchau",
        "Não. Até logo.",
        "No momento, não. Obrigado e um bom dia.",
        "No momento, não. Obrigado e tenha um bom dia.",
        "No momento, não. Obrigada e um bom dia.",
        "No momento, não. Obrigada e tenha um bom dia.",
        "Não ajudou. Tchau.",
        "Tudo bem, obrigado, tenha um ótimo dia",
        "Tudo bem, obrigada, tenha um ótimo dia",
        "Ok, obrigado, até logo",
        "Ok, obrigada, até logo",
        "Perfeito! Tenha um ótimo dia!",
        "Eu também. Tenha um ótimo dia",
        "Eu também. Até mais...",
        "Olá de novo",
        "Até mais tarde",
        "Desculpe, tchau, obrigado pela ajuda",
        "Desculpe, tchau, obrigada pela ajuda",
        "Desculpe, preciso ir trabalhar, tenha um ótimo dia",
        "Desculpe, preciso ir. Tchau",
        "Fique bem e tenha um ótimo dia",
        "Obrigado por falar comigo, tenha um bom dia",
        "Obrigada por falar comigo, tenha um bom dia",
        "Obrigado, tchau",
        "Obrigada, tchau",
        "Obrigado e tchau!",
        "Obrigada e tchau!",
        "Obrigado e tenha um ótimo dia",
        "Obrigada e tenha um ótimo dia",
        "Obrigado, até mais, agradeço a ajuda,",
        "Obrigada, até mais, agradeço a ajuda,",
        "Obrigado por sua ajuda! Tchau!",
        "Obrigado pela ajuda! Tchau!",
        "Obrigada por sua ajuda! Tchau!",
        "Obrigada pela ajuda! Tchau!",
        "Obrigado, tenha um bom dia",
        "Obrigada, tenha um bom dia",
        "Obrigado, vou dar uma olhada",
        "Obrigada, vou dar uma olhada",
        "Muito obrigado, tchau",
        "Muito obrigada, tchau",
        "Muito obrigado. Tenha um bom dia!",
        "Muito obrigada. Tenha um bom dia!",
        "Obrigado, tenha um bom dia.",
        "Obrigada, tenha um bom dia.",
        "Obrigado, até mais tarde.",
        "Obrigada, até mais tarde.",
        "Obrigado. Tchau.",
        "Obrigada. Tchau.",
        "Obrigado pela ajuda, tchau",
        "Obrigada pela ajuda, tchau",
        "Obrigado por ajudar, tchau",
        "Obrigada por ajudar, tchau",
        "Obrigado pela ajuda. Tchau.",
        "Obrigada pela ajuda. Tchau.",
        "Obrigado pela ajuda. Tenha um ótimo dia!!",
        "Obrigada pela ajuda. Tenha um ótimo dia!!",
        "Obrigado, tenha uma boa noite",
        "Obrigada, tenha uma boa noite",
        "Obrigado. Vou encerrar o chat agora.",
        "Obrigada. Vou encerrar o chat agora.",
        "Obrigado. Está tudo bem agora. Tenha um bom dia.",
        "Obrigada. Está tudo bem agora. Tenha um bom dia.",
        "Obrigado. Tchau",
        "Obrigada. Tchau"
      ],
      "dialogId": "new_topic_e347a2395e634a7880736d574ee58956_f56d1a3e522740c78f9fac0939332dbd_goodbye",
      "isTriggeringEnabled": true,
      "id": "new_topic_e347a2395e634a7880736d574ee58956_f56d1a3e522740c78f9fac0939332dbd_goodbye",
      "displayName": "Tchau",
      "description": "Intenção do sistema - Tchau",
      "createdTime": "2019-01-15T00:00:00Z",
      "updatedTime": "2022-12-27T14:20:15.6341286Z",
      "createdUserId": "user0",
      "updatedUserId": "1217587e-94d3-4d46-b9e3-9ad63e50a6a1"
    }
  ],
  "dialogs": [
    {
      "rootNodeId": "3ce2158c-ebd3-4e2f-9e15-74432e415182",
      "dialogType": "System",
      "messageNodes": [
        {
          "botMessageId": "026a85be-8cca-4b87-b39f-3639fcfe3383",
          "nodeType": "BotMessageNode",
          "id": "3ce2158c-ebd3-4e2f-9e15-74432e415182"
        }
      ],
      "id": "new_topic_e347a2395e634a7880736d574ee58956_f56d1a3e522740c78f9fac0939332dbd_goodbye",
      "displayName": "Caixa de diálogo Tchau",
      "createdTime": "2019-01-15T00:00:00Z",
      "updatedTime": "2022-12-27T14:20:15.6341286Z",
      "createdUserId": "user0",
      "updatedUserId": "1217587e-94d3-4d46-b9e3-9ad63e50a6a1"
    }
  ],
  "botMessages": [
    {
      "channelContent": {
        "web": {
          "contentFormat": "Markdown",
          "content": "Obrigado por conversar comigo. Até logo!"
        }
      },
      "id": "026a85be-8cca-4b87-b39f-3639fcfe3383",
      "createdTime": "2019-01-15T00:00:00Z",
      "updatedTime": "2019-01-15T00:00:00Z",
      "createdUserId": "user0",
      "updatedUserId": "user0"
    }
  ]
}