{
  "intents": [
    {
      "triggerQueries": [
        "Describe the process of creating a team?"
      ],
      "dialogId": "new_topic_c3612286c0424eae9bbad73b90f6cc8c",
      "isTriggeringEnabled": true,
      "id": "new_topic_c3612286c0424eae9bbad73b90f6cc8c",
      "displayName": "Describe the process of creating a team?",
      "description": "https://adoptbotv2kb.blob.core.windows.net/%24web/AdoptBot2021-English.docx",
      "createdTime": "2021-01-21T11:36:41.843367Z",
      "updatedTime": "2021-01-21T11:40:22.3004614Z",
      "createdUserId": "aaefd11d-4a6f-43de-b8d1-f4d839285950",
      "updatedUserId": "aaefd11d-4a6f-43de-b8d1-f4d839285950"
    }
  ],
  "dialogs": [
    {
      "rootNodeId": "f258731a-1ba8-40ee-a53a-5f291f5a6c62",
      "messageNodes": [
        {
          "botMessageId": "caf2e609-5776-482a-80f1-65fc23fc6eeb",
          "nodeType": "BotMessageNode",
          "id": "f258731a-1ba8-40ee-a53a-5f291f5a6c62",
          "defaultTargetNodeId": "b62c203e-b8fb-4fba-bb30-2078757328b9"
        }
      ],
      "dialogChangeNodes": [
        {
          "targetDialogId": "new_topic_a96de8db0acd41edb5a2e60fb0d93441_aeabea4d071f415c8c107e1cb7af5424_assumedsuccess",
          "nodeType": "DialogChangeNode",
          "id": "b62c203e-b8fb-4fba-bb30-2078757328b9"
        }
      ],
      "id": "new_topic_c3612286c0424eae9bbad73b90f6cc8c",
      "displayName": "Dialog for Describe the process of creating a team?",
      "createdTime": "2021-01-21T11:36:41.843367Z",
      "updatedTime": "2021-01-21T11:36:41.843367Z",
      "createdUserId": "aaefd11d-4a6f-43de-b8d1-f4d839285950",
      "updatedUserId": "aaefd11d-4a6f-43de-b8d1-f4d839285950"
    }
  ],
  "botMessages": [
    {
      "channelContent": {
        "web": {
          "contentFormat": "Markdown",
          "content": "There are two options: [Create a team from scratch](https://support.microsoft.com/en-us/office/skapa-ett-team-fr%C3%A5n-grunden-174adf5f-846b-4780-b765-de1a0a737e2b) or from a template/existing team.\r\n\r\nTo create a Team:\r\n\r\nIn theTeams sidebar,  click Team (at the bottom of the list), click  \"Join or create a team\" and then click Create a new team.\r\n\r\nFrom scratch:\r\n\r\nYou can create a new team with the following settings:\r\n\r\n-Private: Owners need to invite colleagues to join the team\r\n\r\n-Public: All colleagues have the option to join\r\n\r\nOnly for admins: Org-wide team: All colleagues are automatically added to the team.\r\n\r\nFrom a group or team:\r\n\r\nYou can reuse the existing structure and settings for a new team. Choose an existing team or a Microsoft 365 group. Adjust what you wish to replicate.\r\n\r\nAfter you have created your team,  you can invite people. You can add individual users, groups, and even entire contact groups  (distribution lists).\r\n\r\nTip: Don't forget that you should be at least two team owners in each team."
        }
      },
      "id": "caf2e609-5776-482a-80f1-65fc23fc6eeb",
      "createdTime": "2021-01-21T11:36:41.843367Z",
      "updatedTime": "2021-01-21T11:36:41.843367Z",
      "createdUserId": "aaefd11d-4a6f-43de-b8d1-f4d839285950",
      "updatedUserId": "aaefd11d-4a6f-43de-b8d1-f4d839285950"
    }
  ],
  "createdUtc": "0001-01-01T00:00:00Z"
}