{
  "intents": [
    {
      "triggerQueries": [
        "Is there any restriction on files stored in Teams?"
      ],
      "dialogId": "new_topic_850cee93036b4415866433591e4e7313",
      "isTriggeringEnabled": true,
      "id": "new_topic_850cee93036b4415866433591e4e7313",
      "displayName": "Is there any restriction on files stored in Teams?",
      "description": "https://hickweb.blob.core.windows.net/$web/AdoptBot/AdoptBot2022-English.docx",
      "createdTime": "2022-03-02T14:57:19.3356723Z",
      "updatedTime": "2022-03-02T15:00:46.0927897Z",
      "createdUserId": "3e27f02e-042d-4f0e-be03-083d03c89917",
      "updatedUserId": "3e27f02e-042d-4f0e-be03-083d03c89917"
    }
  ],
  "dialogs": [
    {
      "rootNodeId": "89789c90-7103-41b7-bbd6-f71a07e028a0",
      "messageNodes": [
        {
          "botMessageId": "d7319826-64d2-4f8c-9525-fe3ede264b17",
          "nodeType": "BotMessageNode",
          "id": "89789c90-7103-41b7-bbd6-f71a07e028a0",
          "defaultTargetNodeId": "1194a46f-d869-488e-92ba-06ef8a97a387"
        }
      ],
      "dialogChangeNodes": [
        {
          "targetDialogId": "new_topic_f3954ff416624052b3434952b36c18d0_aeabea4d071f415c8c107e1cb7af5424_assumedsuccess",
          "nodeType": "DialogChangeNode",
          "id": "1194a46f-d869-488e-92ba-06ef8a97a387"
        }
      ],
      "id": "new_topic_850cee93036b4415866433591e4e7313",
      "displayName": "Is there any restriction on files stored in Teams?",
      "createdTime": "2022-03-02T14:57:08.4602637Z",
      "createdUserId": "3e27f02e-042d-4f0e-be03-083d03c89917"
    }
  ],
  "botMessages": [
    {
      "channelContent": {
        "web": {
          "contentFormat": "Markdown",
          "content": "File upload limit is 250 GB per file. Because Teams runs on a SharePoint online backend for file sharing, SharePoint limitations apply to the Files section within a team."
        }
      },
      "id": "d7319826-64d2-4f8c-9525-fe3ede264b17"
    }
  ]
}