{
  "intents": [
    {
      "triggerQueries": [
        "I'm switching from Skype for Business?"
      ],
      "dialogId": "new_topic_11b6cf619409423da97c6f258fec5f23",
      "isTriggeringEnabled": true,
      "id": "new_topic_11b6cf619409423da97c6f258fec5f23",
      "displayName": "I'm switching from Skype for Business?",
      "description": "https://hickweb.blob.core.windows.net/$web/AdoptBot/AdoptBot2022-English.docx",
      "createdTime": "2022-03-02T14:57:19.3356723Z",
      "updatedTime": "2022-03-02T14:59:55.3937051Z",
      "createdUserId": "3e27f02e-042d-4f0e-be03-083d03c89917",
      "updatedUserId": "3e27f02e-042d-4f0e-be03-083d03c89917"
    }
  ],
  "dialogs": [
    {
      "rootNodeId": "7806d6c2-6f83-462f-bbec-ceb8e64306a9",
      "messageNodes": [
        {
          "botMessageId": "546f89d0-6b0a-4fed-ab05-23f72614aaac",
          "nodeType": "BotMessageNode",
          "id": "7806d6c2-6f83-462f-bbec-ceb8e64306a9",
          "defaultTargetNodeId": "866c5978-815f-4a81-86a7-2f181f6d75e0"
        }
      ],
      "dialogChangeNodes": [
        {
          "targetDialogId": "new_topic_f3954ff416624052b3434952b36c18d0_aeabea4d071f415c8c107e1cb7af5424_assumedsuccess",
          "nodeType": "DialogChangeNode",
          "id": "866c5978-815f-4a81-86a7-2f181f6d75e0"
        }
      ],
      "id": "new_topic_11b6cf619409423da97c6f258fec5f23",
      "displayName": "I'm switching from Skype for Business?",
      "createdTime": "2022-03-02T14:57:08.5383724Z",
      "createdUserId": "3e27f02e-042d-4f0e-be03-083d03c89917"
    }
  ],
  "botMessages": [
    {
      "channelContent": {
        "web": {
          "contentFormat": "Markdown",
          "content": "You'll find a lot of familiar features as you make the switch from Skype for Business to Microsoft Teams, plus some new things we hope you'll  enjoy!\r\n\r\nTeams  also offers:\r\n\r\n- [Teams and channels for](https://support.microsoft.com/en-us/office/learn-about-teams-and-channels-5e4fd702-85f5-48d7-ae14-98821a1f90d3) projects, conversations, files, and meetings in one place\r\n- [Integration of Office apps](https://support.microsoft.com/en-us/office/five-things-to-know-about-apps-in-microsoft-teams-747492ee-7cdd-4115-a993-8c7e7f98a3d0)\r\n- Customizable [apps and](https://support.microsoft.com/en-us/office/five-things-to-know-about-apps-in-microsoft-teams-747492ee-7cdd-4115-a993-8c7e7f98a3d0)[bots](https://support.microsoft.com/en-us/office/five-things-to-know-about-apps-in-microsoft-teams-747492ee-7cdd-4115-a993-8c7e7f98a3d0)\r\n- @mentions to[get someone's attention](https://support.microsoft.com/en-us/office/use-mentions-to-get-someone-s-attention-in-teams-eb4f059d-320e-454e-b111-03361d4d6855)\r\n\r\n\r\nIf you found this helpful, there’s a whole guide for [making the transition to Teams from Skype for Business.](https://support.microsoft.com/en-us/office/switch-to-teams-from-skype-for-business-6295a0ae-4e8e-4bba-a100-64cc951cc964)"
        }
      },
      "id": "546f89d0-6b0a-4fed-ab05-23f72614aaac"
    }
  ]
}