{
  "intents": [
    {
      "intentType": "Regular",
      "triggerQueries": [
        "How do I create a new team?"
      ],
      "dialogId": "new_topic_1d67e22b18474c0fa03affe8c36c6fa0",
      "isTriggeringEnabled": true,
      "id": "new_topic_1d67e22b18474c0fa03affe8c36c6fa0",
      "displayName": "How do I create a new team?",
      "description": "https://adoptbotv2kb.blob.core.windows.net/%24web/AdoptBot2021-English.docx",
      "createdTime": "2021-01-21T11:36:41.8423699Z",
      "updatedTime": "2021-01-21T11:43:23.2984262Z",
      "createdUserId": "aaefd11d-4a6f-43de-b8d1-f4d839285950",
      "updatedUserId": "aaefd11d-4a6f-43de-b8d1-f4d839285950"
    }
  ],
  "dialogs": [
    {
      "rootNodeId": "97eb5d91-cf4e-417b-a1cb-5fbb2158641a",
      "messageNodes": [
        {
          "botMessageId": "b1e364ec-154f-43d0-9ce1-a8228f90b529",
          "nodeType": "BotMessageNode",
          "id": "97eb5d91-cf4e-417b-a1cb-5fbb2158641a",
          "defaultTargetNodeId": "9dbe0f8e-3eff-4881-913d-9fd1f8c189fa"
        }
      ],
      "dialogChangeNodes": [
        {
          "targetDialogId": "new_topic_a96de8db0acd41edb5a2e60fb0d93441_aeabea4d071f415c8c107e1cb7af5424_assumedsuccess",
          "nodeType": "DialogChangeNode",
          "id": "9dbe0f8e-3eff-4881-913d-9fd1f8c189fa"
        }
      ],
      "id": "new_topic_1d67e22b18474c0fa03affe8c36c6fa0",
      "displayName": "Dialog for How do I create a new team?",
      "createdTime": "2021-01-21T11:36:41.8423699Z",
      "updatedTime": "2021-01-21T11:36:41.8423699Z",
      "createdUserId": "aaefd11d-4a6f-43de-b8d1-f4d839285950",
      "updatedUserId": "aaefd11d-4a6f-43de-b8d1-f4d839285950"
    }
  ],
  "botMessages": [
    {
      "channelContent": {
        "web": {
          "contentFormat": "Markdown",
          "content": "Click the Teams button on the left side of the app, then click Join or create a team at the bottom of your teams list. Click on Create a Team . From there, you can invite people or even entire contact groups (also known as  “distribution lists\") to join your team.\r\n\r\nNow that you have a new team, you can [add a new channel](https://support.microsoft.com/en-us/office/create-a-channel-in-teams-fda0b75e-5b90-4fb8-8857-7e102b014525) (only if it serves a purpose). Or perhaps [invite guests](https://support.microsoft.com/en-us/office/add-guests-to-a-team-in-teams-fccb4fa6-f864-4508-bdde-256e7384a14f) from outside of your organization to help with a project.\r\n\r\nPlease note! Your employer may have adjusted these options."
        }
      },
      "id": "b1e364ec-154f-43d0-9ce1-a8228f90b529",
      "createdTime": "2021-01-21T11:36:41.8423699Z",
      "updatedTime": "2021-01-21T11:36:41.8423699Z",
      "createdUserId": "aaefd11d-4a6f-43de-b8d1-f4d839285950",
      "updatedUserId": "aaefd11d-4a6f-43de-b8d1-f4d839285950"
    }
  ]
}