{
  "intents": [
    {
      "triggerQueries": [
        "What are the benefits of phone conferences (audio conferencing)?"
      ],
      "dialogId": "new_topic_944f8eef4be7419693e6c82db56393a7",
      "isTriggeringEnabled": true,
      "id": "new_topic_944f8eef4be7419693e6c82db56393a7",
      "displayName": "What are the benefits of phone conferences (audio conferencing)?",
      "description": "https://adoptbotv2kb.blob.core.windows.net/%24web/AdoptBot2021-English.docx",
      "createdTime": "2021-01-21T11:36:41.843367Z",
      "updatedTime": "2021-01-21T11:39:45.5883039Z",
      "createdUserId": "aaefd11d-4a6f-43de-b8d1-f4d839285950",
      "updatedUserId": "aaefd11d-4a6f-43de-b8d1-f4d839285950"
    }
  ],
  "dialogs": [
    {
      "rootNodeId": "063b1764-8bf2-41f5-afdc-910748f2c7db",
      "messageNodes": [
        {
          "botMessageId": "396f3b2d-13ca-4da3-9fb9-89b95b237bb5",
          "nodeType": "BotMessageNode",
          "id": "063b1764-8bf2-41f5-afdc-910748f2c7db",
          "defaultTargetNodeId": "55d1b6dc-1274-45ac-bbb3-c1eae9086a6a"
        }
      ],
      "dialogChangeNodes": [
        {
          "targetDialogId": "new_topic_a96de8db0acd41edb5a2e60fb0d93441_aeabea4d071f415c8c107e1cb7af5424_assumedsuccess",
          "nodeType": "DialogChangeNode",
          "id": "55d1b6dc-1274-45ac-bbb3-c1eae9086a6a"
        }
      ],
      "id": "new_topic_944f8eef4be7419693e6c82db56393a7",
      "displayName": "Dialog for What are the benefits of phone conferences (audio conferencing)?",
      "createdTime": "2021-01-21T11:36:41.843367Z",
      "updatedTime": "2021-01-21T11:36:41.843367Z",
      "createdUserId": "aaefd11d-4a6f-43de-b8d1-f4d839285950",
      "updatedUserId": "aaefd11d-4a6f-43de-b8d1-f4d839285950"
    }
  ],
  "botMessages": [
    {
      "channelContent": {
        "web": {
          "contentFormat": "Markdown",
          "content": "Calling in to meetings is very useful when people are on the road, for example, and cannot attend a meeting using the Microsoft Teams app on their laptop or mobile devices.\r\n\r\nBut there are other scenarios in which using a phone to attend a Microsoft Teams meeting can be a better option than using an app on a computer: Internet connectivity is limited, a meeting is audio only, the call quality is better if they dial in, and people can join a meeting hands free using Bluetooth devices.\r\n\r\nSome people may find it is easier and more convenient for their situation."
        }
      },
      "id": "396f3b2d-13ca-4da3-9fb9-89b95b237bb5",
      "createdTime": "2021-01-21T11:36:41.843367Z",
      "updatedTime": "2021-01-21T11:36:41.843367Z",
      "createdUserId": "aaefd11d-4a6f-43de-b8d1-f4d839285950",
      "updatedUserId": "aaefd11d-4a6f-43de-b8d1-f4d839285950"
    }
  ],
  "createdUtc": "0001-01-01T00:00:00Z"
}