{
  "intents": [
    {
      "triggerQueries": [
        "How do I create a new team?"
      ],
      "dialogId": "new_topic_f2fb9a818c824bd3b5dbce90d499ca1e",
      "isTriggeringEnabled": true,
      "id": "new_topic_f2fb9a818c824bd3b5dbce90d499ca1e",
      "displayName": "How do I create a new team?",
      "description": "https://hickweb.blob.core.windows.net/$web/AdoptBot/AdoptBot2022-English.docx",
      "createdTime": "2022-03-02T14:57:19.3356723Z",
      "updatedTime": "2022-03-02T14:59:57.0735323Z",
      "createdUserId": "3e27f02e-042d-4f0e-be03-083d03c89917",
      "updatedUserId": "3e27f02e-042d-4f0e-be03-083d03c89917"
    }
  ],
  "dialogs": [
    {
      "rootNodeId": "7c848284-b8ed-4ae7-8191-ef6b097aed88",
      "messageNodes": [
        {
          "botMessageId": "c71c91ef-b8df-4f20-98b6-eb7a6d104bea",
          "nodeType": "BotMessageNode",
          "id": "7c848284-b8ed-4ae7-8191-ef6b097aed88",
          "defaultTargetNodeId": "b65beee6-6556-45f4-8509-a9aaba24c9e2"
        }
      ],
      "dialogChangeNodes": [
        {
          "targetDialogId": "new_topic_f3954ff416624052b3434952b36c18d0_aeabea4d071f415c8c107e1cb7af5424_assumedsuccess",
          "nodeType": "DialogChangeNode",
          "id": "b65beee6-6556-45f4-8509-a9aaba24c9e2"
        }
      ],
      "id": "new_topic_f2fb9a818c824bd3b5dbce90d499ca1e",
      "displayName": "How do I create a new team?",
      "createdTime": "2022-03-02T14:57:08.5383724Z",
      "createdUserId": "3e27f02e-042d-4f0e-be03-083d03c89917"
    }
  ],
  "botMessages": [
    {
      "channelContent": {
        "web": {
          "contentFormat": "Markdown",
          "content": "Click the Teams button on the left side of the app, then click Join or create a team at the bottom of your teams list. Click on Create a Team . From there, you can invite people or even entire contact groups (also known as  “distribution lists\") to join your team.\r\n\r\nNow that you have a new team, you can [add a new channel](https://support.microsoft.com/en-us/office/create-a-channel-in-teams-fda0b75e-5b90-4fb8-8857-7e102b014525) (only if it serves a purpose). Or perhaps [invite guests](https://support.microsoft.com/en-us/office/add-guests-to-a-team-in-teams-fccb4fa6-f864-4508-bdde-256e7384a14f) from outside of your organization to help with a project.\r\n\r\nPlease note! Your employer may have adjusted these options."
        }
      },
      "id": "c71c91ef-b8df-4f20-98b6-eb7a6d104bea"
    }
  ]
}