{
  "intents": [
    {
      "triggerQueries": [
        "Como publicar um anúncio?",
        "Como criar um anuncio?",
        "O que são os anúncios nos canais?",
        "Como posso anunciar numa equipa?",
        "Como fazer um anúncio?"
      ],
      "dialogId": "new_topic_8791a33083b24f85b86395e783b46d02",
      "isTriggeringEnabled": true,
      "id": "new_topic_8791a33083b24f85b86395e783b46d02",
      "displayName": "Como fazer um anúncio?",
      "createdTime": "2023-01-03T12:01:48.7914316Z",
      "updatedTime": "2023-01-03T12:01:48.7914316Z",
      "createdUserId": "1217587e-94d3-4d46-b9e3-9ad63e50a6a1",
      "updatedUserId": "1217587e-94d3-4d46-b9e3-9ad63e50a6a1"
    }
  ],
  "dialogs": [
    {
      "rootNodeId": "06423ee0-42dd-47eb-bb44-e288eececcd3",
      "messageNodes": [
        {
          "botMessageId": "ac2a3721-8930-4cf2-b257-170c39efabe7",
          "nodeType": "BotMessageNode",
          "id": "06423ee0-42dd-47eb-bb44-e288eececcd3",
          "defaultTargetNodeId": "02322bc2-03f3-4601-b8f6-5d361ac135b8"
        }
      ],
      "dialogChangeNodes": [
        {
          "targetDialogId": "new_topic_e347a2395e634a7880736d574ee58956_aeabea4d071f415c8c107e1cb7af5424_assumedsuccess",
          "nodeType": "DialogChangeNode",
          "id": "02322bc2-03f3-4601-b8f6-5d361ac135b8"
        }
      ],
      "id": "new_topic_8791a33083b24f85b86395e783b46d02",
      "displayName": "Untitled",
      "createdTime": "2023-01-03T12:01:48.7914316Z",
      "updatedTime": "2023-01-03T12:01:48.7914316Z",
      "createdUserId": "1217587e-94d3-4d46-b9e3-9ad63e50a6a1",
      "updatedUserId": "1217587e-94d3-4d46-b9e3-9ad63e50a6a1"
    }
  ],
  "botMessages": [
    {
      "channelContent": {
        "web": {
          "contentFormat": "Markdown",
          "content": "Pode fazer um anúncio que se destaca do resto das conversas e ser realmente visto.\n\nPara criar um anúncio, carregue em Nova Conversa, selecione o botão de formatação (parece um A com uma caneta) e carregue no seletor Nova Conversa e escolha Anúncio.\n\nSelecione/escolha uma imagem de fundo para ter impacto."
        }
      },
      "id": "ac2a3721-8930-4cf2-b257-170c39efabe7",
      "createdTime": "2023-01-03T11:54:53.859Z",
      "updatedTime": "2023-01-03T11:54:53.859Z"
    }
  ]
}