{
  "intents": [
    {
      "triggerQueries": [
        "What kind of information protection does Teams offer?"
      ],
      "dialogId": "new_topic_4027be32c4f1495699d5590dfb9f26f4",
      "isTriggeringEnabled": true,
      "id": "new_topic_4027be32c4f1495699d5590dfb9f26f4",
      "displayName": "What kind of information protection does Teams offer?",
      "description": "https://hickweb.blob.core.windows.net/$web/AdoptBot/AdoptBot2022-English.docx",
      "createdTime": "2022-03-02T14:57:19.3356723Z",
      "updatedTime": "2022-03-02T15:00:21.2263976Z",
      "createdUserId": "3e27f02e-042d-4f0e-be03-083d03c89917",
      "updatedUserId": "3e27f02e-042d-4f0e-be03-083d03c89917"
    }
  ],
  "dialogs": [
    {
      "rootNodeId": "95035bea-b63b-4d5a-b66d-df8657fde8fe",
      "messageNodes": [
        {
          "botMessageId": "db7fc444-042d-48e1-b773-94639b2891ef",
          "nodeType": "BotMessageNode",
          "id": "95035bea-b63b-4d5a-b66d-df8657fde8fe",
          "defaultTargetNodeId": "1599a243-2e53-4caa-bb38-cea9f0ce2e12"
        }
      ],
      "dialogChangeNodes": [
        {
          "targetDialogId": "new_topic_f3954ff416624052b3434952b36c18d0_aeabea4d071f415c8c107e1cb7af5424_assumedsuccess",
          "nodeType": "DialogChangeNode",
          "id": "1599a243-2e53-4caa-bb38-cea9f0ce2e12"
        }
      ],
      "id": "new_topic_4027be32c4f1495699d5590dfb9f26f4",
      "displayName": "What kind of information protection does Teams offer?",
      "createdTime": "2022-03-02T14:57:08.4602637Z",
      "createdUserId": "3e27f02e-042d-4f0e-be03-083d03c89917"
    }
  ],
  "botMessages": [
    {
      "channelContent": {
        "web": {
          "contentFormat": "Markdown",
          "content": "To meet your legal, regulatory and content security needs, Teams offers the following information protection capabilities through the [Microsoft 365 Security & Compliance Center](https://support.microsoft.com/en-us/office/7e696a40-b86b-4a20-afcc-559218b7b1b8)\r\n\r\nArchive:\r\n\r\nAny content stored in any Teams-related workload needs to be preserved immutably according to the enterprise corporate policy.\r\n\r\nCompliance content search:\r\n\r\nAny content stored in any workload can be searched through rich filtering capabilities. All content can be exported to a specific container for compliance and litigation support.\r\n\r\neDiscovery:\r\n\r\nRich eDiscovery in-place capabilities, including case management, preservation, search, analysis, and export are available to help our customers simplify the eDiscovery process and quickly identify relevant data while decreasing cost and risk.\r\n\r\nLegal hold:\r\n\r\nWhen any team or individual is put on in-place hold or litigation hold, the hold is placed on both the primary and the archived messages (not including edits or deletes).\r\n\r\nAudit log search:\r\n\r\nAll team activities and business events must be captured and available for customer search and export.\r\n\r\nExchange online protection:\r\n\r\nEmail messages that are sent to a channel are filtered for spam, malware, malicious links, spoofing, and phishing via Exchange Online Protection and Advanced Threat Protection for Microsoft 365.\r\n\r\nConditional access:\r\n\r\nWe ensure that access to Teams is restricted to devices that are compliant with your IT admin or corporate organization set policies and security rules. This includes MDM and MAM support with Intune for iOS and Android.\r\n\r\nFor more information about these compliance features, see [Overview of security and compliance in Microsoft 365](https://support.microsoft.com/en-us/office/dcb83b2c-ac66-4ced-925d-50eb9698a0b2) .\r\n\r\nFor more details about content searches and Teams, see the Teams section of [Run a Content Search in the Microsoft 365 Security & Compliance Center](https://support.microsoft.com/en-us/office/61852fd9-fe8a-4880-a339-cb19ed3bff4a) ."
        }
      },
      "id": "db7fc444-042d-48e1-b773-94639b2891ef"
    }
  ]
}