{
  "intents": [
    {
      "triggerQueries": [
        "Submit Feedback",
        "Leave review",
        "Leave feedback",
        "Can I provide Feedback",
        "csat",
        "rate",
        "review",
        "feedback"
      ],
      "dialogId": "new_topic_9c3cb6d71034482c875deaeec4fdd74b",
      "isTriggeringEnabled": true,
      "id": "new_topic_9c3cb6d71034482c875deaeec4fdd74b",
      "displayName": "Feedback",
      "description": "Provide feedback to the team",
      "createdTime": "2021-05-19T16:12:29.8547685Z",
      "updatedTime": "2022-03-02T14:40:18.5227652Z",
      "createdUserId": "18457cfb-3efb-4ef5-8782-7aa2e6538a0f",
      "updatedUserId": "3e27f02e-042d-4f0e-be03-083d03c89917"
    }
  ],
  "dialogs": [
    {
      "rootNodeId": "a45eec32-3f9a-4695-b591-a44cda74e91c",
      "dialogChangeNodes": [
        {
          "targetDialogId": "new_topic_f3954ff416624052b3434952b36c18d0_db1f76b081dc43389df9dd2df7518737_confirmedsuccess",
          "nodeType": "DialogChangeNode",
          "id": "a45eec32-3f9a-4695-b591-a44cda74e91c"
        }
      ],
      "id": "new_topic_9c3cb6d71034482c875deaeec4fdd74b",
      "displayName": "Dialog for Feedback",
      "createdTime": "2021-05-19T16:12:29.8547685Z",
      "updatedTime": "2022-03-02T14:40:18.5227652Z",
      "createdUserId": "18457cfb-3efb-4ef5-8782-7aa2e6538a0f",
      "updatedUserId": "3e27f02e-042d-4f0e-be03-083d03c89917"
    }
  ]
}