{
  "intents": [
    {
      "intentType": "Regular",
      "triggerQueries": [
        "Can we optimize our network for Microsoft Teams?"
      ],
      "dialogId": "new_topic_333137e3ef9b44e88887e41d7657fbeb",
      "isTriggeringEnabled": true,
      "id": "new_topic_333137e3ef9b44e88887e41d7657fbeb",
      "displayName": "Can we optimize our network for Microsoft Teams?",
      "description": "https://adoptbotv2kb.blob.core.windows.net/%24web/AdoptBot2021-English.docx",
      "createdTime": "2021-01-21T11:36:41.843367Z",
      "updatedTime": "2021-01-21T11:43:04.8384254Z",
      "createdUserId": "aaefd11d-4a6f-43de-b8d1-f4d839285950",
      "updatedUserId": "aaefd11d-4a6f-43de-b8d1-f4d839285950"
    }
  ],
  "dialogs": [
    {
      "rootNodeId": "753000d0-fbd8-445a-801e-54fb468af3fd",
      "messageNodes": [
        {
          "botMessageId": "2b401aec-8311-4396-8c63-78460d974e82",
          "nodeType": "BotMessageNode",
          "id": "753000d0-fbd8-445a-801e-54fb468af3fd",
          "defaultTargetNodeId": "4a93bb3e-d874-46be-98e9-3f2e2f6b6eae"
        }
      ],
      "dialogChangeNodes": [
        {
          "targetDialogId": "new_topic_a96de8db0acd41edb5a2e60fb0d93441_aeabea4d071f415c8c107e1cb7af5424_assumedsuccess",
          "nodeType": "DialogChangeNode",
          "id": "4a93bb3e-d874-46be-98e9-3f2e2f6b6eae"
        }
      ],
      "id": "new_topic_333137e3ef9b44e88887e41d7657fbeb",
      "displayName": "Dialog for Can we optimize our network for Microsoft Teams?",
      "createdTime": "2021-01-21T11:36:41.843367Z",
      "updatedTime": "2021-01-21T11:36:41.843367Z",
      "createdUserId": "aaefd11d-4a6f-43de-b8d1-f4d839285950",
      "updatedUserId": "aaefd11d-4a6f-43de-b8d1-f4d839285950"
    }
  ],
  "botMessages": [
    {
      "channelContent": {
        "web": {
          "contentFormat": "Markdown",
          "content": "[Follow this guide to prepare and optimize your organization’s network for Teams](https://docs.microsoft.com/en-us/microsoftteams/prepare-network) .\r\n\r\nIt’s important to optimize the performance, especially if many in your organization work remotely. For administrators, there’s a [short course about optimizing your network on Microsoft Learn](https://docs.microsoft.com/en-us/learn/modules/m365-teams-rooms-optimize-network/) ."
        }
      },
      "id": "2b401aec-8311-4396-8c63-78460d974e82",
      "createdTime": "2021-01-21T11:36:41.843367Z",
      "updatedTime": "2021-01-21T11:36:41.843367Z",
      "createdUserId": "aaefd11d-4a6f-43de-b8d1-f4d839285950",
      "updatedUserId": "aaefd11d-4a6f-43de-b8d1-f4d839285950"
    }
  ]
}