{
  "intents": [
    {
      "triggerQueries": [
        "Tens sugestões para melhorar as reuniÕes no Teams?",
        "Como posso ter melhores reuniões no Teams?",
        "Tens dicas simples para melhores reuniões de Teams?"
      ],
      "dialogId": "new_topic_42348139c28c4ff5a5c64e798941323f",
      "isTriggeringEnabled": true,
      "id": "new_topic_42348139c28c4ff5a5c64e798941323f",
      "displayName": "Dicas simples para melhores reuniões de equipas?",
      "createdTime": "2022-12-30T14:08:59.2241926Z",
      "updatedTime": "2022-12-30T14:08:59.2241926Z",
      "createdUserId": "1217587e-94d3-4d46-b9e3-9ad63e50a6a1",
      "updatedUserId": "1217587e-94d3-4d46-b9e3-9ad63e50a6a1"
    }
  ],
  "dialogs": [
    {
      "rootNodeId": "cf029216-dc9e-4069-9eb4-a8c2092a44d0",
      "messageNodes": [
        {
          "botMessageId": "95fff1d9-649a-499c-a610-67bb3467e482",
          "nodeType": "BotMessageNode",
          "id": "cf029216-dc9e-4069-9eb4-a8c2092a44d0",
          "defaultTargetNodeId": "5b2517c6-8b07-434b-b193-9ba7e9449f33"
        }
      ],
      "dialogChangeNodes": [
        {
          "targetDialogId": "new_topic_e347a2395e634a7880736d574ee58956_aeabea4d071f415c8c107e1cb7af5424_assumedsuccess",
          "nodeType": "DialogChangeNode",
          "id": "5b2517c6-8b07-434b-b193-9ba7e9449f33"
        }
      ],
      "id": "new_topic_42348139c28c4ff5a5c64e798941323f",
      "displayName": "Untitled",
      "createdTime": "2022-12-30T14:08:59.2241926Z",
      "updatedTime": "2022-12-30T14:08:59.2241926Z",
      "createdUserId": "1217587e-94d3-4d46-b9e3-9ad63e50a6a1",
      "updatedUserId": "1217587e-94d3-4d46-b9e3-9ad63e50a6a1"
    }
  ],
  "botMessages": [
    {
      "channelContent": {
        "web": {
          "contentFormat": "Markdown",
          "content": "Aqui estão [algumas dicas](https://support.microsoft.com/en-us/office/tips-f%C3%B6r-b%C3%A4ttre-m%C3%B6ten-80640ac4-b009-42ea-abcb-660e729e63e5) simples para melhores reuniões com o Microsoft Teams (com legendas)."
        }
      },
      "id": "95fff1d9-649a-499c-a610-67bb3467e482",
      "createdTime": "2022-12-30T14:08:13.34Z",
      "updatedTime": "2022-12-30T14:08:13.34Z"
    }
  ]
}