{
  "intents": [
    {
      "triggerQueries": [
        "Posso marcar reuniões direto no Teams?",
        "É possível marcar uma reunião diretamente no Teams?",
        "Posso marcar uma reunião diretamente a partir do Microsoft Teams?"
      ],
      "dialogId": "new_topic_9fd84ddf9806406b84304bcc2ad30a30",
      "isTriggeringEnabled": true,
      "id": "new_topic_9fd84ddf9806406b84304bcc2ad30a30",
      "displayName": "Posso marcar uma reunião diretamente a partir do Microsoft Teams?",
      "createdTime": "2022-12-30T16:27:38.8834878Z",
      "updatedTime": "2022-12-30T16:27:38.8834878Z",
      "createdUserId": "1217587e-94d3-4d46-b9e3-9ad63e50a6a1",
      "updatedUserId": "1217587e-94d3-4d46-b9e3-9ad63e50a6a1"
    }
  ],
  "dialogs": [
    {
      "rootNodeId": "ea1d4872-c779-4d46-ad5f-de7fd72ac790",
      "messageNodes": [
        {
          "botMessageId": "a994a396-9a17-4a36-9290-844c50ffab8b",
          "nodeType": "BotMessageNode",
          "id": "ea1d4872-c779-4d46-ad5f-de7fd72ac790",
          "defaultTargetNodeId": "5a32a9d6-fba6-4e6d-a699-b931d039e17d"
        }
      ],
      "dialogChangeNodes": [
        {
          "targetDialogId": "new_topic_e347a2395e634a7880736d574ee58956_aeabea4d071f415c8c107e1cb7af5424_assumedsuccess",
          "nodeType": "DialogChangeNode",
          "id": "5a32a9d6-fba6-4e6d-a699-b931d039e17d"
        }
      ],
      "id": "new_topic_9fd84ddf9806406b84304bcc2ad30a30",
      "displayName": "Untitled",
      "createdTime": "2022-12-30T16:27:38.8834878Z",
      "updatedTime": "2022-12-30T16:27:38.8834878Z",
      "createdUserId": "1217587e-94d3-4d46-b9e3-9ad63e50a6a1",
      "updatedUserId": "1217587e-94d3-4d46-b9e3-9ad63e50a6a1"
    }
  ],
  "botMessages": [
    {
      "channelContent": {
        "web": {
          "contentFormat": "Markdown",
          "content": "As reuniões podem ser configuradas através do Microsoft Teams ou do Outlook. A reunião será vista da mesma forma.\n\nPara agendar uma reunião diretamente no Microsoft Teams:\n\n*   No Teams, vá ao **Calendário** e clique em Nova **reunião.**\n*   Selecione as pessoas e/ou canal que deseja convidar.\n*   Use o Assistente de Agenda para encontrar um tempo que se adeque à maioria das pessoas.\n*   Se necessário, escolha a frequência com que deseja que a reunião se repita.\n\nPara agendar uma reunião do Outlook:\n\n*   No separador 'Novo' no Outlook, selecione Teams Meeting\n*   Insira os detalhes da reunião e utilize o Assistente de Agenda para encontrar uma hora apropriada.\n*   Inclua uma sala de conferências, se for relevante."
        }
      },
      "id": "a994a396-9a17-4a36-9290-844c50ffab8b",
      "createdTime": "2022-12-30T16:26:57.127Z",
      "updatedTime": "2022-12-30T16:26:57.127Z"
    }
  ]
}