{
  "intents": [
    {
      "triggerQueries": [
        "Where can I find the latest news about Teams?"
      ],
      "dialogId": "new_topic_57fbdbdeae5a4b51a67549e74920764e",
      "isTriggeringEnabled": true,
      "id": "new_topic_57fbdbdeae5a4b51a67549e74920764e",
      "displayName": "Where can I find the latest news about Teams?",
      "description": "https://adoptbotv2kb.blob.core.windows.net/%24web/AdoptBot2021-English.docx",
      "createdTime": "2021-01-21T11:36:41.843367Z",
      "updatedTime": "2021-01-21T11:42:34.0519334Z",
      "createdUserId": "aaefd11d-4a6f-43de-b8d1-f4d839285950",
      "updatedUserId": "aaefd11d-4a6f-43de-b8d1-f4d839285950"
    }
  ],
  "dialogs": [
    {
      "rootNodeId": "5e05c1f1-7b75-4494-862b-53ec8b0b0a82",
      "messageNodes": [
        {
          "botMessageId": "09a1068f-bb2e-4da9-b675-ae2c3318cdd8",
          "nodeType": "BotMessageNode",
          "id": "5e05c1f1-7b75-4494-862b-53ec8b0b0a82",
          "defaultTargetNodeId": "55d2b09e-36fe-40b4-837e-57cfdc9313fc"
        }
      ],
      "dialogChangeNodes": [
        {
          "targetDialogId": "new_topic_a96de8db0acd41edb5a2e60fb0d93441_aeabea4d071f415c8c107e1cb7af5424_assumedsuccess",
          "nodeType": "DialogChangeNode",
          "id": "55d2b09e-36fe-40b4-837e-57cfdc9313fc"
        }
      ],
      "id": "new_topic_57fbdbdeae5a4b51a67549e74920764e",
      "displayName": "Dialog for Where can I find the latest news about Teams?",
      "createdTime": "2021-01-21T11:36:41.843367Z",
      "updatedTime": "2021-01-21T11:36:41.843367Z",
      "createdUserId": "aaefd11d-4a6f-43de-b8d1-f4d839285950",
      "updatedUserId": "aaefd11d-4a6f-43de-b8d1-f4d839285950"
    }
  ],
  "botMessages": [
    {
      "channelContent": {
        "web": {
          "contentFormat": "Markdown",
          "content": "Glad you're curious. Just type \" /News \" in the Teams search box!\r\n\r\nYou can also click the Help button in Teams and select “What's new”.\r\n\r\nPlease note! Your organization may have chosen to disable some features.\r\n\r\n[All new enabled features are also published continuously](https://support.microsoft.com/en-us/office/nyheter-i-microsoft-teams-d7092a6d-c896-424c-b362-a472d5f105de) [here](https://support.microsoft.com/en-us/office/nyheter-i-microsoft-teams-d7092a6d-c896-424c-b362-a472d5f105de) on the web\r\n\r\nChoose which device you want to see news for."
        }
      },
      "id": "09a1068f-bb2e-4da9-b675-ae2c3318cdd8",
      "createdTime": "2021-01-21T11:36:41.843367Z",
      "updatedTime": "2021-01-21T11:36:41.843367Z",
      "createdUserId": "aaefd11d-4a6f-43de-b8d1-f4d839285950",
      "updatedUserId": "aaefd11d-4a6f-43de-b8d1-f4d839285950"
    }
  ],
  "createdUtc": "0001-01-01T00:00:00Z"
}