{
  "intents": [
    {
      "triggerQueries": [
        "How do I @mention a channel?"
      ],
      "dialogId": "new_topic_c27547b47967414b880bc4e36486dafe",
      "isTriggeringEnabled": true,
      "id": "new_topic_c27547b47967414b880bc4e36486dafe",
      "displayName": "How do I @mention a channel?",
      "description": "https://hickweb.blob.core.windows.net/$web/AdoptBot/AdoptBot2022-English.docx",
      "createdTime": "2022-03-02T14:57:19.3513008Z",
      "updatedTime": "2022-03-02T14:58:28.8943319Z",
      "createdUserId": "3e27f02e-042d-4f0e-be03-083d03c89917",
      "updatedUserId": "3e27f02e-042d-4f0e-be03-083d03c89917"
    }
  ],
  "dialogs": [
    {
      "rootNodeId": "bb50f560-3819-4ed3-9ac4-32ffd6a8d6a2",
      "messageNodes": [
        {
          "botMessageId": "806594be-06f2-4b18-b646-b79675e6bbdf",
          "nodeType": "BotMessageNode",
          "id": "bb50f560-3819-4ed3-9ac4-32ffd6a8d6a2",
          "defaultTargetNodeId": "bc936b8a-dbb8-4b38-8110-185aae81c4ff"
        }
      ],
      "dialogChangeNodes": [
        {
          "targetDialogId": "new_topic_f3954ff416624052b3434952b36c18d0_aeabea4d071f415c8c107e1cb7af5424_assumedsuccess",
          "nodeType": "DialogChangeNode",
          "id": "bc936b8a-dbb8-4b38-8110-185aae81c4ff"
        }
      ],
      "id": "new_topic_c27547b47967414b880bc4e36486dafe",
      "displayName": "How do I @mention a channel?",
      "createdTime": "2022-03-02T14:57:08.4602637Z",
      "createdUserId": "3e27f02e-042d-4f0e-be03-083d03c89917"
    }
  ],
  "botMessages": [
    {
      "channelContent": {
        "web": {
          "contentFormat": "Markdown",
          "content": "To get everyone’s attention in a channel, @mention  the channel.\r\n\r\nJust type @ before the channel name, and then select the channel from the menu that appears. By using @channel name,  each member showing the channel receives a notification.\r\n\r\nThe type of notification depends on each individual’s settings. Use this option sparingly because it’s like using “reply all” in e-mail."
        }
      },
      "id": "806594be-06f2-4b18-b646-b79675e6bbdf"
    }
  ]
}