{
  "intents": [
    {
      "triggerQueries": [
        "Para que usar os Canais do Teams?",
        "Para que servem os canais nas equipas de Teams?",
        "O que é um canal numa equipa do Microsoft Teams?"
      ],
      "dialogId": "new_topic_7576ad6e2a0a431386eb388039d2cb6c",
      "isTriggeringEnabled": true,
      "id": "new_topic_7576ad6e2a0a431386eb388039d2cb6c",
      "displayName": "O que é um canal numa equipa do Microsoft Teams?",
      "createdTime": "2022-12-30T16:32:24.4456982Z",
      "updatedTime": "2022-12-30T16:32:24.4456982Z",
      "createdUserId": "1217587e-94d3-4d46-b9e3-9ad63e50a6a1",
      "updatedUserId": "1217587e-94d3-4d46-b9e3-9ad63e50a6a1"
    }
  ],
  "dialogs": [
    {
      "rootNodeId": "57bc6ffc-aa18-4cee-a4e4-6ee8a2e7f183",
      "messageNodes": [
        {
          "botMessageId": "14e07396-9a87-4c9c-b611-899fb2d4249a",
          "nodeType": "BotMessageNode",
          "id": "57bc6ffc-aa18-4cee-a4e4-6ee8a2e7f183",
          "defaultTargetNodeId": "25c3ceeb-d600-4f54-8cdf-e43f1805ead1"
        }
      ],
      "dialogChangeNodes": [
        {
          "targetDialogId": "new_topic_e347a2395e634a7880736d574ee58956_aeabea4d071f415c8c107e1cb7af5424_assumedsuccess",
          "nodeType": "DialogChangeNode",
          "id": "25c3ceeb-d600-4f54-8cdf-e43f1805ead1"
        }
      ],
      "id": "new_topic_7576ad6e2a0a431386eb388039d2cb6c",
      "displayName": "Untitled",
      "createdTime": "2022-12-30T16:32:24.4456982Z",
      "updatedTime": "2022-12-30T16:32:24.4456982Z",
      "createdUserId": "1217587e-94d3-4d46-b9e3-9ad63e50a6a1",
      "updatedUserId": "1217587e-94d3-4d46-b9e3-9ad63e50a6a1"
    }
  ],
  "botMessages": [
    {
      "channelContent": {
        "web": {
          "contentFormat": "Markdown",
          "content": "Os canais são espaços de colaboração dentro de uma equipa onde o trabalho é organizado e realizado. Os canais são secções dedicadas dentro de uma equipa para manter conversas organizadas por tópicos específicos, projetos, disciplinas, o que funcionar para a sua equipa! Um canal é o local onde todos na sua equipa podem ter conversas abertamente."
        }
      },
      "id": "14e07396-9a87-4c9c-b611-899fb2d4249a",
      "createdTime": "2022-12-30T16:31:52.193Z",
      "updatedTime": "2022-12-30T16:31:52.193Z"
    }
  ]
}