{
  "intents": [
    {
      "triggerQueries": [
        "How do I Pin a chat or channel?"
      ],
      "dialogId": "new_topic_12218d7ce7164cf3b5a9d1ef086939b6",
      "isTriggeringEnabled": true,
      "id": "new_topic_12218d7ce7164cf3b5a9d1ef086939b6",
      "displayName": "How do I Pin a chat or channel?",
      "description": "https://adoptbotv2kb.blob.core.windows.net/%24web/AdoptBot2021-English.docx",
      "createdTime": "2021-01-21T11:36:41.843367Z",
      "updatedTime": "2021-01-21T11:42:27.4907008Z",
      "createdUserId": "aaefd11d-4a6f-43de-b8d1-f4d839285950",
      "updatedUserId": "aaefd11d-4a6f-43de-b8d1-f4d839285950"
    }
  ],
  "dialogs": [
    {
      "rootNodeId": "8af92d7e-4c85-4bb1-86f9-3197fceec679",
      "messageNodes": [
        {
          "botMessageId": "441f3867-5524-46ff-97ef-7f7b23b9e777",
          "nodeType": "BotMessageNode",
          "id": "8af92d7e-4c85-4bb1-86f9-3197fceec679",
          "defaultTargetNodeId": "f8beefb4-a006-4486-a516-b248176637ae"
        }
      ],
      "dialogChangeNodes": [
        {
          "targetDialogId": "new_topic_a96de8db0acd41edb5a2e60fb0d93441_aeabea4d071f415c8c107e1cb7af5424_assumedsuccess",
          "nodeType": "DialogChangeNode",
          "id": "f8beefb4-a006-4486-a516-b248176637ae"
        }
      ],
      "id": "new_topic_12218d7ce7164cf3b5a9d1ef086939b6",
      "displayName": "Dialog for How do I Pin a chat or channel?",
      "createdTime": "2021-01-21T11:36:41.843367Z",
      "updatedTime": "2021-01-21T11:36:41.843367Z",
      "createdUserId": "aaefd11d-4a6f-43de-b8d1-f4d839285950",
      "updatedUserId": "aaefd11d-4a6f-43de-b8d1-f4d839285950"
    }
  ],
  "botMessages": [
    {
      "channelContent": {
        "web": {
          "contentFormat": "Markdown",
          "content": "You can pin chats  or channels to the top of your chat or list of teams.\r\n\r\nSelect Chat or Teams.  Find the name of the conversation or channel you want to pin.\r\n\r\nThen select More options \"...\" &gt; Pin .\r\n\r\nThis ensures that the chat or channel stays at the top of your list.\r\n\r\nIf you change your mind, just select it again from your Pinned list and selectUnpin ."
        }
      },
      "id": "441f3867-5524-46ff-97ef-7f7b23b9e777",
      "createdTime": "2021-01-21T11:36:41.843367Z",
      "updatedTime": "2021-01-21T11:36:41.843367Z",
      "createdUserId": "aaefd11d-4a6f-43de-b8d1-f4d839285950",
      "updatedUserId": "aaefd11d-4a6f-43de-b8d1-f4d839285950"
    }
  ],
  "createdUtc": "0001-01-01T00:00:00Z"
}