{
  "intents": [
    {
      "triggerQueries": [
        "Quantos ficheiros posso ter no Teams?",
        "Quais os limites para os ficheiros no Teams?",
        "Existe alguma restrição para os ficheiros armazenados no Teams?"
      ],
      "dialogId": "new_topic_0f299fc8584144b494dc364cbefd9c6e",
      "isTriggeringEnabled": true,
      "id": "new_topic_0f299fc8584144b494dc364cbefd9c6e",
      "displayName": "Existe alguma restrição para os ficheiros armazenados no Teams?",
      "createdTime": "2022-12-30T13:45:08.5516444Z",
      "updatedTime": "2022-12-30T13:45:11.6142094Z",
      "createdUserId": "1217587e-94d3-4d46-b9e3-9ad63e50a6a1",
      "updatedUserId": "1217587e-94d3-4d46-b9e3-9ad63e50a6a1"
    }
  ],
  "dialogs": [
    {
      "rootNodeId": "e01c5b35-afe8-42df-b9bd-5a7aa25cf7b9",
      "messageNodes": [
        {
          "botMessageId": "8a2925df-49b3-48d7-b53d-04fa9fecef2d",
          "nodeType": "BotMessageNode",
          "id": "e01c5b35-afe8-42df-b9bd-5a7aa25cf7b9",
          "defaultTargetNodeId": "cf5a2972-1bbb-4218-a016-96abbb215a84"
        }
      ],
      "dialogChangeNodes": [
        {
          "targetDialogId": "new_topic_e347a2395e634a7880736d574ee58956_aeabea4d071f415c8c107e1cb7af5424_assumedsuccess",
          "nodeType": "DialogChangeNode",
          "id": "cf5a2972-1bbb-4218-a016-96abbb215a84"
        }
      ],
      "id": "new_topic_0f299fc8584144b494dc364cbefd9c6e",
      "displayName": "Untitled",
      "createdTime": "2022-12-30T13:45:08.5516444Z",
      "updatedTime": "2022-12-30T13:45:11.6142094Z",
      "createdUserId": "1217587e-94d3-4d46-b9e3-9ad63e50a6a1",
      "updatedUserId": "1217587e-94d3-4d46-b9e3-9ad63e50a6a1"
    }
  ],
  "botMessages": [
    {
      "channelContent": {
        "web": {
          "contentFormat": "Markdown",
          "content": "O upload limite é de 100 GB, por ficheiro. Como as Equipas são asseguradas num backend online SharePoint para partilha de ficheiros, as limitações do SharePoint aplicam-se à secção Ficheiros dentro de uma equipa."
        }
      },
      "id": "8a2925df-49b3-48d7-b53d-04fa9fecef2d",
      "createdTime": "2022-12-30T13:44:07.547Z",
      "updatedTime": "2022-12-30T13:44:07.547Z"
    }
  ]
}