{
  "intents": [
    {
      "triggerQueries": [
        "Como posso mandar uma mensagem para um equipa?",
        "Como crio um Post em uma equipa?",
        "Como início uma conversa numa equipa?"
      ],
      "dialogId": "new_topic_84c8349b7f0f40f4899eec4207b01762",
      "isTriggeringEnabled": true,
      "id": "new_topic_84c8349b7f0f40f4899eec4207b01762",
      "displayName": "Como início uma conversa numa equipa?",
      "createdTime": "2022-12-30T16:31:45.280773Z",
      "updatedTime": "2022-12-30T16:31:45.280773Z",
      "createdUserId": "1217587e-94d3-4d46-b9e3-9ad63e50a6a1",
      "updatedUserId": "1217587e-94d3-4d46-b9e3-9ad63e50a6a1"
    }
  ],
  "dialogs": [
    {
      "rootNodeId": "ae62c424-0842-4a7a-a442-122ad94342e5",
      "messageNodes": [
        {
          "botMessageId": "f3441707-b635-4019-ac64-df0f1dfd023f",
          "nodeType": "BotMessageNode",
          "id": "ae62c424-0842-4a7a-a442-122ad94342e5",
          "defaultTargetNodeId": "77993096-ade4-4976-b49d-252c7a811c13"
        }
      ],
      "dialogChangeNodes": [
        {
          "targetDialogId": "new_topic_e347a2395e634a7880736d574ee58956_aeabea4d071f415c8c107e1cb7af5424_assumedsuccess",
          "nodeType": "DialogChangeNode",
          "id": "77993096-ade4-4976-b49d-252c7a811c13"
        }
      ],
      "id": "new_topic_84c8349b7f0f40f4899eec4207b01762",
      "displayName": "Untitled",
      "createdTime": "2022-12-30T16:31:45.280773Z",
      "updatedTime": "2022-12-30T16:31:45.280773Z",
      "createdUserId": "1217587e-94d3-4d46-b9e3-9ad63e50a6a1",
      "updatedUserId": "1217587e-94d3-4d46-b9e3-9ad63e50a6a1"
    }
  ],
  "botMessages": [
    {
      "channelContent": {
        "web": {
          "contentFormat": "Markdown",
          "content": "Em todos os canais das equipas no Microsoft Teams, o primeiro separador é \"Posts\". Pense nisto como uma grande conversa de grupo. Todos os que têm acesso à equipa podem ver mensagens no **separador Posts.** \n\n[Siga os passos para enviar uma mensagem a todos no](https://support.microsoft.com/en-us/office/skicka-ett-meddelande-till-en-kanal-i-teams-5c8131ce-eaad-4798-bc73-e33f4652a9c4) canal:\n\n*   Primeiro, selecione o canal em que pretende partilhar a sua mensagem.\n*   Em seguida, clique em \"Responder\" para responder à conversa existente ou prima o botão \"Nova conversação\" para iniciar uma nova. \n*   Digite a sua mensagem na caixa e selecione Enviar.\n\nVoila! A sua mensagem está agora em direto no canal.\n\n**Dica:** Se quiser falar apenas com uma pessoa ou um grupo pequeno, inicie uma [conversa](https://support.microsoft.com/en-us/office/starta-en-chatt-i-teams-0c71b32b-c050-4930-a887-5afbe742b3d8)."
        }
      },
      "id": "f3441707-b635-4019-ac64-df0f1dfd023f",
      "createdTime": "2022-12-30T16:31:15.693Z",
      "updatedTime": "2022-12-30T16:31:15.693Z"
    }
  ]
}