{
  "intents": [
    {
      "triggerQueries": [
        "Como promover um membro a proprietário da equipa?",
        "Como ter mias de um proprietário na minha equipa?",
        "Como adicionar outro propritário a equipa?",
        "Como adiciono mais proprietários às equipas?"
      ],
      "dialogId": "new_topic_b05980d9978f4e109e22388f33946c13",
      "isTriggeringEnabled": true,
      "id": "new_topic_b05980d9978f4e109e22388f33946c13",
      "displayName": "Como adiciono mais proprietários às equipas?",
      "createdTime": "2022-12-30T16:36:32.0447151Z",
      "updatedTime": "2022-12-30T16:36:32.0447151Z",
      "createdUserId": "1217587e-94d3-4d46-b9e3-9ad63e50a6a1",
      "updatedUserId": "1217587e-94d3-4d46-b9e3-9ad63e50a6a1"
    }
  ],
  "dialogs": [
    {
      "rootNodeId": "763ee9b3-3972-435c-a9fe-6ce4c3806b6f",
      "messageNodes": [
        {
          "botMessageId": "ca8aae2e-56f1-4650-b658-e0caa38195d1",
          "nodeType": "BotMessageNode",
          "id": "763ee9b3-3972-435c-a9fe-6ce4c3806b6f",
          "defaultTargetNodeId": "020449d1-fe50-455f-ab23-0c4294438d59"
        }
      ],
      "dialogChangeNodes": [
        {
          "targetDialogId": "new_topic_e347a2395e634a7880736d574ee58956_aeabea4d071f415c8c107e1cb7af5424_assumedsuccess",
          "nodeType": "DialogChangeNode",
          "id": "020449d1-fe50-455f-ab23-0c4294438d59"
        }
      ],
      "id": "new_topic_b05980d9978f4e109e22388f33946c13",
      "displayName": "Untitled",
      "createdTime": "2022-12-30T16:36:32.0447151Z",
      "updatedTime": "2022-12-30T16:36:32.0447151Z",
      "createdUserId": "1217587e-94d3-4d46-b9e3-9ad63e50a6a1",
      "updatedUserId": "1217587e-94d3-4d46-b9e3-9ad63e50a6a1"
    }
  ],
  "botMessages": [
    {
      "channelContent": {
        "web": {
          "contentFormat": "Markdown",
          "content": "Encontre a equipa que criou, clique em Mais opções > Gerir Equipa.\n\nLogo de seguida, vá ao separador **membro**. Encontre as pessoas que deseja designar como proprietário(a) da equipa. Em Função, clique em Proprietário.\n\nDica: Certifique-se de ter pelo menos dois proprietários por equipa. Isto garante um contacto de backup no caso de um dos proprietários não estar disponível."
        }
      },
      "id": "ca8aae2e-56f1-4650-b658-e0caa38195d1",
      "createdTime": "2022-12-30T16:35:43.907Z",
      "updatedTime": "2022-12-30T16:35:43.907Z"
    }
  ]
}