{
  "intents": [
    {
      "triggerQueries": [
        "O que é um convidado externo no Teams?",
        "O que é um guest no Teams?",
        "O que é um convidado no Teams?"
      ],
      "dialogId": "new_topic_eb37a946194746e0b99d8c423ab2e686",
      "isTriggeringEnabled": true,
      "id": "new_topic_eb37a946194746e0b99d8c423ab2e686",
      "displayName": "O que é um convidado no Teams?",
      "createdTime": "2023-01-03T12:07:44.8966985Z",
      "updatedTime": "2023-01-03T12:07:44.8966985Z",
      "createdUserId": "1217587e-94d3-4d46-b9e3-9ad63e50a6a1",
      "updatedUserId": "1217587e-94d3-4d46-b9e3-9ad63e50a6a1"
    }
  ],
  "dialogs": [
    {
      "rootNodeId": "a182d791-22e7-4bed-b281-92890221f900",
      "messageNodes": [
        {
          "botMessageId": "450677ab-3e50-4663-a7cf-0decea5fbbe3",
          "nodeType": "BotMessageNode",
          "id": "a182d791-22e7-4bed-b281-92890221f900",
          "defaultTargetNodeId": "5be4a4f1-3a60-4e72-8fb2-d9aa326ea535"
        }
      ],
      "dialogChangeNodes": [
        {
          "targetDialogId": "new_topic_e347a2395e634a7880736d574ee58956_aeabea4d071f415c8c107e1cb7af5424_assumedsuccess",
          "nodeType": "DialogChangeNode",
          "id": "5be4a4f1-3a60-4e72-8fb2-d9aa326ea535"
        }
      ],
      "id": "new_topic_eb37a946194746e0b99d8c423ab2e686",
      "displayName": "Untitled",
      "createdTime": "2023-01-03T12:07:44.8966985Z",
      "updatedTime": "2023-01-03T12:07:44.8966985Z",
      "createdUserId": "1217587e-94d3-4d46-b9e3-9ad63e50a6a1",
      "updatedUserId": "1217587e-94d3-4d46-b9e3-9ad63e50a6a1"
    }
  ],
  "botMessages": [
    {
      "channelContent": {
        "web": {
          "contentFormat": "Markdown",
          "content": "O acesso ao hóspede permite que as equipas da sua organização colaborem com pessoas fora da sua organização, dando-lhes acesso às equipas e canais existentes nas Equipas.\n\nQualquer pessoa que tenha uma conta de e-mail empresarial ou regular, como o Outlook, o Gmail, ou outros, pode [ser convidada como convidado noTeams, e](https://support.microsoft.com/en-us/office/l%C3%A4gga-till-g%C3%A4ster-till-ett-team-i-teams-fccb4fa6-f864-4508-bdde-256e7384a14f) participar [de](https://support.microsoft.com/en-us/office/l%C3%A4gga-till-g%C3%A4ster-till-ett-team-i-teams-fccb4fa6-f864-4508-bdde-256e7384a14f) conversas de equipa, reuniões e interagir com ficheiros."
        }
      },
      "id": "450677ab-3e50-4663-a7cf-0decea5fbbe3",
      "createdTime": "2023-01-03T12:05:55.489Z",
      "updatedTime": "2023-01-03T12:05:55.489Z"
    }
  ]
}