{
  "intents": [
    {
      "triggerQueries": [
        "How can I title my posts?"
      ],
      "dialogId": "new_topic_2c38d784eb454deeb561f8991bb790cd",
      "isTriggeringEnabled": true,
      "id": "new_topic_2c38d784eb454deeb561f8991bb790cd",
      "displayName": "How can I title my posts?",
      "description": "https://adoptbotv2kb.blob.core.windows.net/%24web/AdoptBot2021-English.docx",
      "createdTime": "2021-01-21T11:36:41.843367Z",
      "updatedTime": "2021-01-21T11:41:28.0396505Z",
      "createdUserId": "aaefd11d-4a6f-43de-b8d1-f4d839285950",
      "updatedUserId": "aaefd11d-4a6f-43de-b8d1-f4d839285950"
    }
  ],
  "dialogs": [
    {
      "rootNodeId": "90880d0b-ecb2-4b4d-9882-8db29959193f",
      "messageNodes": [
        {
          "botMessageId": "1250dc0e-8b12-43d0-ab64-d272606804d9",
          "nodeType": "BotMessageNode",
          "id": "90880d0b-ecb2-4b4d-9882-8db29959193f",
          "defaultTargetNodeId": "aee0d577-7923-4629-8d8c-b7a9f86c9633"
        }
      ],
      "dialogChangeNodes": [
        {
          "targetDialogId": "new_topic_a96de8db0acd41edb5a2e60fb0d93441_aeabea4d071f415c8c107e1cb7af5424_assumedsuccess",
          "nodeType": "DialogChangeNode",
          "id": "aee0d577-7923-4629-8d8c-b7a9f86c9633"
        }
      ],
      "id": "new_topic_2c38d784eb454deeb561f8991bb790cd",
      "displayName": "Dialog for How can I title my posts?",
      "createdTime": "2021-01-21T11:36:41.843367Z",
      "updatedTime": "2021-01-21T11:36:41.843367Z",
      "createdUserId": "aaefd11d-4a6f-43de-b8d1-f4d839285950",
      "updatedUserId": "aaefd11d-4a6f-43de-b8d1-f4d839285950"
    }
  ],
  "botMessages": [
    {
      "channelContent": {
        "web": {
          "contentFormat": "Markdown",
          "content": "You can use  a title and subtitle to make your topic stand out.  It will help you search for it later. To add  this, select the formatting button (looks like an A with a pen) and add a title."
        }
      },
      "id": "1250dc0e-8b12-43d0-ab64-d272606804d9",
      "createdTime": "2021-01-21T11:36:41.843367Z",
      "updatedTime": "2021-01-21T11:36:41.843367Z",
      "createdUserId": "aaefd11d-4a6f-43de-b8d1-f4d839285950",
      "updatedUserId": "aaefd11d-4a6f-43de-b8d1-f4d839285950"
    }
  ],
  "createdUtc": "0001-01-01T00:00:00Z"
}