{
  "intents": [
    {
      "intentType": "Regular",
      "triggerQueries": [
        "I'm switching from Skype for Business?"
      ],
      "dialogId": "new_topic_e6ef85184516488f8d3db1f75182dc5b",
      "isTriggeringEnabled": true,
      "id": "new_topic_e6ef85184516488f8d3db1f75182dc5b",
      "displayName": "I'm switching from Skype for Business?",
      "description": "https://adoptbotv2kb.blob.core.windows.net/%24web/AdoptBot2021-English.docx",
      "createdTime": "2021-01-21T11:36:41.8423699Z",
      "updatedTime": "2021-01-21T11:43:06.9982675Z",
      "createdUserId": "aaefd11d-4a6f-43de-b8d1-f4d839285950",
      "updatedUserId": "aaefd11d-4a6f-43de-b8d1-f4d839285950"
    }
  ],
  "dialogs": [
    {
      "rootNodeId": "3fa764cc-89f6-43b7-801f-27936d166605",
      "messageNodes": [
        {
          "botMessageId": "7d63026a-b048-4ca9-9a8b-c3a4e628fd79",
          "nodeType": "BotMessageNode",
          "id": "3fa764cc-89f6-43b7-801f-27936d166605",
          "defaultTargetNodeId": "5860f698-f836-48c4-bf1e-9fdebd79b5da"
        }
      ],
      "dialogChangeNodes": [
        {
          "targetDialogId": "new_topic_a96de8db0acd41edb5a2e60fb0d93441_aeabea4d071f415c8c107e1cb7af5424_assumedsuccess",
          "nodeType": "DialogChangeNode",
          "id": "5860f698-f836-48c4-bf1e-9fdebd79b5da"
        }
      ],
      "id": "new_topic_e6ef85184516488f8d3db1f75182dc5b",
      "displayName": "Dialog for I'm switching from Skype for Business?",
      "createdTime": "2021-01-21T11:36:41.8423699Z",
      "updatedTime": "2021-01-21T11:36:41.8423699Z",
      "createdUserId": "aaefd11d-4a6f-43de-b8d1-f4d839285950",
      "updatedUserId": "aaefd11d-4a6f-43de-b8d1-f4d839285950"
    }
  ],
  "botMessages": [
    {
      "channelContent": {
        "web": {
          "contentFormat": "Markdown",
          "content": "You'll find a lot of familiar features as you make the switch from Skype for Business to Microsoft Teams, plus some new things we hope you'll  enjoy!\r\n\r\nTeams  also offers:\r\n\r\n- [Teams and channels for](https://support.microsoft.com/en-us/office/learn-about-teams-and-channels-5e4fd702-85f5-48d7-ae14-98821a1f90d3) projects, conversations, files, and meetings in one place\r\n- [Integration of Office apps](https://support.microsoft.com/en-us/office/five-things-to-know-about-apps-in-microsoft-teams-747492ee-7cdd-4115-a993-8c7e7f98a3d0)\r\n- Customizable [apps and](https://support.microsoft.com/en-us/office/five-things-to-know-about-apps-in-microsoft-teams-747492ee-7cdd-4115-a993-8c7e7f98a3d0)[bots](https://support.microsoft.com/en-us/office/five-things-to-know-about-apps-in-microsoft-teams-747492ee-7cdd-4115-a993-8c7e7f98a3d0)\r\n- @mentions to[get someone's attention](https://support.microsoft.com/en-us/office/use-mentions-to-get-someone-s-attention-in-teams-eb4f059d-320e-454e-b111-03361d4d6855)\r\n\r\n\r\nIf you\r\n\r\nfound this helpful, there’s a whole guide for [making the transition to Teams from Skype for Business.](https://support.microsoft.com/en-us/office/switch-to-teams-from-skype-for-business-6295a0ae-4e8e-4bba-a100-64cc951cc964)"
        }
      },
      "id": "7d63026a-b048-4ca9-9a8b-c3a4e628fd79",
      "createdTime": "2021-01-21T11:36:41.8423699Z",
      "updatedTime": "2021-01-21T11:36:41.8423699Z",
      "createdUserId": "aaefd11d-4a6f-43de-b8d1-f4d839285950",
      "updatedUserId": "aaefd11d-4a6f-43de-b8d1-f4d839285950"
    }
  ]
}