{
  "intents": [
    {
      "triggerQueries": [
        "Can I restore a deleted team or channel?"
      ],
      "dialogId": "new_topic_33bb226acad749c9b25316719eb8fb5b",
      "isTriggeringEnabled": true,
      "id": "new_topic_33bb226acad749c9b25316719eb8fb5b",
      "displayName": "Can I restore a deleted team or channel?",
      "description": "https://hickweb.blob.core.windows.net/$web/AdoptBot/AdoptBot2022-English.docx",
      "createdTime": "2022-03-02T14:57:19.3356723Z",
      "updatedTime": "2022-03-02T15:00:19.3545124Z",
      "createdUserId": "3e27f02e-042d-4f0e-be03-083d03c89917",
      "updatedUserId": "3e27f02e-042d-4f0e-be03-083d03c89917"
    }
  ],
  "dialogs": [
    {
      "rootNodeId": "46f1ff67-88c6-4848-8310-ba0ca02519b0",
      "messageNodes": [
        {
          "botMessageId": "852c0be0-aa34-47aa-bc51-577e5997200e",
          "nodeType": "BotMessageNode",
          "id": "46f1ff67-88c6-4848-8310-ba0ca02519b0",
          "defaultTargetNodeId": "da376894-2c40-4668-aae7-89f2d61f9f4b"
        }
      ],
      "dialogChangeNodes": [
        {
          "targetDialogId": "new_topic_f3954ff416624052b3434952b36c18d0_aeabea4d071f415c8c107e1cb7af5424_assumedsuccess",
          "nodeType": "DialogChangeNode",
          "id": "da376894-2c40-4668-aae7-89f2d61f9f4b"
        }
      ],
      "id": "new_topic_33bb226acad749c9b25316719eb8fb5b",
      "displayName": "Can I restore a deleted team or channel?",
      "createdTime": "2022-03-02T14:57:08.4602637Z",
      "createdUserId": "3e27f02e-042d-4f0e-be03-083d03c89917"
    }
  ],
  "botMessages": [
    {
      "channelContent": {
        "web": {
          "contentFormat": "Markdown",
          "content": "To restore a deleted team, talk to your IT administrator. You can share [this blog post](https://www.thewindowsclub.com/how-to-restore-deleted-teams-and-channels-in-microsoft-teams) if they need instructions.\r\n\r\nTo restore a deleted channel, go to the team  name and click Moreoptions , and then click Manageteam . Go to the Channels  tab .  Find the channel in the Deleted  section and click Restore . All channel conversations, files, and tabs will be restored."
        }
      },
      "id": "852c0be0-aa34-47aa-bc51-577e5997200e"
    }
  ]
}