{
  "intents": [
    {
      "triggerQueries": [
        "How can I get OneNote?"
      ],
      "dialogId": "new_topic_04dced054c8749ff88f14326cbca403a",
      "isTriggeringEnabled": true,
      "id": "new_topic_04dced054c8749ff88f14326cbca403a",
      "displayName": "How can I get OneNote?",
      "description": "https://hickweb.blob.core.windows.net/$web/AdoptBot/AdoptBot2022-English.docx",
      "createdTime": "2022-03-02T14:57:19.3356723Z",
      "updatedTime": "2022-03-02T15:01:21.7181393Z",
      "createdUserId": "3e27f02e-042d-4f0e-be03-083d03c89917",
      "updatedUserId": "3e27f02e-042d-4f0e-be03-083d03c89917"
    }
  ],
  "dialogs": [
    {
      "rootNodeId": "e055b8cd-c647-44e8-9e03-414221997af8",
      "messageNodes": [
        {
          "botMessageId": "c6e05e04-a4d6-4170-a6ee-5919ffaa80ae",
          "nodeType": "BotMessageNode",
          "id": "e055b8cd-c647-44e8-9e03-414221997af8",
          "defaultTargetNodeId": "0a2ea885-f3a9-40c0-ad51-76b72ba471ac"
        }
      ],
      "dialogChangeNodes": [
        {
          "targetDialogId": "new_topic_f3954ff416624052b3434952b36c18d0_aeabea4d071f415c8c107e1cb7af5424_assumedsuccess",
          "nodeType": "DialogChangeNode",
          "id": "0a2ea885-f3a9-40c0-ad51-76b72ba471ac"
        }
      ],
      "id": "new_topic_04dced054c8749ff88f14326cbca403a",
      "displayName": "How can I get OneNote?",
      "createdTime": "2022-03-02T14:57:08.4602637Z",
      "createdUserId": "3e27f02e-042d-4f0e-be03-083d03c89917"
    }
  ],
  "botMessages": [
    {
      "channelContent": {
        "web": {
          "contentFormat": "Markdown",
          "content": "Depending on which device you use, [there’s a OneNote to fit your needs](https://support.microsoft.com/en-us/office/what-s-the-difference-between-the-onenote-versions-a624e692-b78b-4c09-b07f-46181958118f) .\r\n\r\n- OneNote (formerly called “OneNote 2016”) is a free desktop app and part of Office 2019 and Microsoft 365.\r\n- OneNote for Windows 10 , is pre-installed on all editions of Windows 10, and can be downloaded for free in the [Microsoft Store](https://www.microsoft.com/store/productId/9WZDNCRFHVJL)"
        }
      },
      "id": "c6e05e04-a4d6-4170-a6ee-5919ffaa80ae"
    }
  ]
}