{
  "intents": [
    {
      "triggerQueries": [
        "How do I join a meeting in Teams from my phone?"
      ],
      "dialogId": "new_topic_c9621bf227ef42d6a4ebbc3174b1d8ce",
      "isTriggeringEnabled": true,
      "id": "new_topic_c9621bf227ef42d6a4ebbc3174b1d8ce",
      "displayName": "How do I join a meeting in Teams from my phone?",
      "description": "https://adoptbotv2kb.blob.core.windows.net/%24web/AdoptBot2021-English.docx",
      "createdTime": "2021-01-21T11:36:41.843367Z",
      "updatedTime": "2021-01-21T11:40:06.7307481Z",
      "createdUserId": "aaefd11d-4a6f-43de-b8d1-f4d839285950",
      "updatedUserId": "aaefd11d-4a6f-43de-b8d1-f4d839285950"
    }
  ],
  "dialogs": [
    {
      "rootNodeId": "e7b06d80-1ffa-4805-97e6-ddfb81abd5f2",
      "messageNodes": [
        {
          "botMessageId": "f6f00dfa-c814-45f2-b942-9621b6c61b44",
          "nodeType": "BotMessageNode",
          "id": "e7b06d80-1ffa-4805-97e6-ddfb81abd5f2",
          "defaultTargetNodeId": "ce2a3419-1f4e-41c4-a56f-b3fe0f8295cd"
        }
      ],
      "dialogChangeNodes": [
        {
          "targetDialogId": "new_topic_a96de8db0acd41edb5a2e60fb0d93441_aeabea4d071f415c8c107e1cb7af5424_assumedsuccess",
          "nodeType": "DialogChangeNode",
          "id": "ce2a3419-1f4e-41c4-a56f-b3fe0f8295cd"
        }
      ],
      "id": "new_topic_c9621bf227ef42d6a4ebbc3174b1d8ce",
      "displayName": "Dialog for How do I join a meeting in Teams from my phone?",
      "createdTime": "2021-01-21T11:36:41.843367Z",
      "updatedTime": "2021-01-21T11:36:41.843367Z",
      "createdUserId": "aaefd11d-4a6f-43de-b8d1-f4d839285950",
      "updatedUserId": "aaefd11d-4a6f-43de-b8d1-f4d839285950"
    }
  ],
  "botMessages": [
    {
      "channelContent": {
        "web": {
          "contentFormat": "Markdown",
          "content": "From your mobile device, open the Teams app and tap the Calendar. Then click the Join button for the  desired meeting.  [See this link for more options](https://support.microsoft.com/en-us/office/ansluta-till-ett-m%C3%B6te-i-teams-1613bb53-f3fa-431e-85a9-d6a91e3468c9)"
        }
      },
      "id": "f6f00dfa-c814-45f2-b942-9621b6c61b44",
      "createdTime": "2021-01-21T11:36:41.843367Z",
      "updatedTime": "2021-01-21T11:36:41.843367Z",
      "createdUserId": "aaefd11d-4a6f-43de-b8d1-f4d839285950",
      "updatedUserId": "aaefd11d-4a6f-43de-b8d1-f4d839285950"
    }
  ],
  "createdUtc": "0001-01-01T00:00:00Z"
}