{
  "intents": [
    {
      "triggerQueries": [
        "How do I make beautiful posts?"
      ],
      "dialogId": "new_topic_b8ec3877375140dab98de6856dd19a86",
      "isTriggeringEnabled": true,
      "id": "new_topic_b8ec3877375140dab98de6856dd19a86",
      "displayName": "How do I make beautiful posts?",
      "description": "https://hickweb.blob.core.windows.net/$web/AdoptBot/AdoptBot2022-English.docx",
      "createdTime": "2022-03-02T14:57:19.3513008Z",
      "updatedTime": "2022-03-02T14:58:34.9823166Z",
      "createdUserId": "3e27f02e-042d-4f0e-be03-083d03c89917",
      "updatedUserId": "3e27f02e-042d-4f0e-be03-083d03c89917"
    }
  ],
  "dialogs": [
    {
      "rootNodeId": "31ff6f59-97cd-4e1a-8aff-a0e1136ed394",
      "messageNodes": [
        {
          "botMessageId": "4085595c-abf9-42b6-a576-a431f8ec2e0e",
          "nodeType": "BotMessageNode",
          "id": "31ff6f59-97cd-4e1a-8aff-a0e1136ed394",
          "defaultTargetNodeId": "bcbc215f-9acd-4559-8a98-f6ee1926a286"
        }
      ],
      "dialogChangeNodes": [
        {
          "targetDialogId": "new_topic_f3954ff416624052b3434952b36c18d0_aeabea4d071f415c8c107e1cb7af5424_assumedsuccess",
          "nodeType": "DialogChangeNode",
          "id": "bcbc215f-9acd-4559-8a98-f6ee1926a286"
        }
      ],
      "id": "new_topic_b8ec3877375140dab98de6856dd19a86",
      "displayName": "How do I make beautiful posts?",
      "createdTime": "2022-03-02T14:57:08.4602637Z",
      "createdUserId": "3e27f02e-042d-4f0e-be03-083d03c89917"
    }
  ],
  "botMessages": [
    {
      "channelContent": {
        "web": {
          "contentFormat": "Markdown",
          "content": "You can add pictures, emojis, animated GIFs, stickers and more.\r\n\r\nYou can use a title to make your post stand out.  It will help you find it later."
        }
      },
      "id": "4085595c-abf9-42b6-a576-a431f8ec2e0e"
    }
  ]
}