{
  "intents": [
    {
      "intentType": "Regular",
      "triggerQueries": [
        "Can I use Planner in Teams?"
      ],
      "dialogId": "new_topic_efbcb8faa0434fe18b8b4a6ff7094cf8",
      "isTriggeringEnabled": true,
      "id": "new_topic_efbcb8faa0434fe18b8b4a6ff7094cf8",
      "displayName": "Can I use Planner in Teams?",
      "description": "https://adoptbotv2kb.blob.core.windows.net/%24web/AdoptBot2021-English.docx",
      "createdTime": "2021-01-21T11:36:41.8423699Z",
      "updatedTime": "2021-01-21T11:43:59.2994302Z",
      "createdUserId": "aaefd11d-4a6f-43de-b8d1-f4d839285950",
      "updatedUserId": "aaefd11d-4a6f-43de-b8d1-f4d839285950"
    }
  ],
  "dialogs": [
    {
      "rootNodeId": "aec4002c-9bb6-4697-9d28-3f9643751207",
      "messageNodes": [
        {
          "botMessageId": "cdc91323-3503-4513-a872-cbf2d1ce4514",
          "nodeType": "BotMessageNode",
          "id": "aec4002c-9bb6-4697-9d28-3f9643751207",
          "defaultTargetNodeId": "0d29179f-30f5-43b8-8a57-e8904cd5345e"
        }
      ],
      "dialogChangeNodes": [
        {
          "targetDialogId": "new_topic_a96de8db0acd41edb5a2e60fb0d93441_aeabea4d071f415c8c107e1cb7af5424_assumedsuccess",
          "nodeType": "DialogChangeNode",
          "id": "0d29179f-30f5-43b8-8a57-e8904cd5345e"
        }
      ],
      "id": "new_topic_efbcb8faa0434fe18b8b4a6ff7094cf8",
      "displayName": "Dialog for Can I use Planner in Teams?",
      "createdTime": "2021-01-21T11:36:41.8423699Z",
      "updatedTime": "2021-01-21T11:36:41.8423699Z",
      "createdUserId": "aaefd11d-4a6f-43de-b8d1-f4d839285950",
      "updatedUserId": "aaefd11d-4a6f-43de-b8d1-f4d839285950"
    }
  ],
  "botMessages": [
    {
      "channelContent": {
        "web": {
          "contentFormat": "Markdown",
          "content": "Good news for fans of organization and collaboration, Teams and Planner go hand in hand!\r\n\r\nTo start using them together, add a Planner tab to Teams. Just click Add a tab next to your tabs at the top of a channel. Select Planner , then do one of the following:\r\n\r\n- Click Create a New Plan and type a name for the new Planner board.\r\n- Click Use an Existing Plan and select an existing Planner board from the menu.\r\n\r\n\r\nIf you want to delve deeper into the details to manage your Planner tasks in\r\n\r\nTeams, see [Microsoft Teams: Using Planner to stay organized.](https://support.microsoft.com/en-us/office/anv%C3%A4nda-planner-i-microsoft-teams-62798a9f-e8f7-4722-a700-27dd28a06ee0)"
        }
      },
      "id": "cdc91323-3503-4513-a872-cbf2d1ce4514",
      "createdTime": "2021-01-21T11:36:41.8423699Z",
      "updatedTime": "2021-01-21T11:36:41.8423699Z",
      "createdUserId": "aaefd11d-4a6f-43de-b8d1-f4d839285950",
      "updatedUserId": "aaefd11d-4a6f-43de-b8d1-f4d839285950"
    }
  ]
}