{
  "intents": [
    {
      "triggerQueries": [
        "How do I change guest permissions?"
      ],
      "dialogId": "new_topic_b251093cb1de4e85ad2412330b517716",
      "isTriggeringEnabled": true,
      "id": "new_topic_b251093cb1de4e85ad2412330b517716",
      "displayName": "How do I change guest permissions?",
      "description": "https://adoptbotv2kb.blob.core.windows.net/%24web/AdoptBot2021-English.docx",
      "createdTime": "2021-01-21T11:36:41.8423699Z",
      "updatedTime": "2021-01-21T11:43:53.9494413Z",
      "createdUserId": "aaefd11d-4a6f-43de-b8d1-f4d839285950",
      "updatedUserId": "aaefd11d-4a6f-43de-b8d1-f4d839285950"
    }
  ],
  "dialogs": [
    {
      "rootNodeId": "ecc4e589-05d5-40e3-bd2b-61d6d2ff9f4f",
      "messageNodes": [
        {
          "botMessageId": "9ad25f8c-94bf-46d7-bbd8-b75bc3f4755d",
          "nodeType": "BotMessageNode",
          "id": "ecc4e589-05d5-40e3-bd2b-61d6d2ff9f4f",
          "defaultTargetNodeId": "66595d79-2a44-4a8e-9770-72e79adcd0ad"
        }
      ],
      "dialogChangeNodes": [
        {
          "targetDialogId": "new_topic_a96de8db0acd41edb5a2e60fb0d93441_aeabea4d071f415c8c107e1cb7af5424_assumedsuccess",
          "nodeType": "DialogChangeNode",
          "id": "66595d79-2a44-4a8e-9770-72e79adcd0ad"
        }
      ],
      "id": "new_topic_b251093cb1de4e85ad2412330b517716",
      "displayName": "Dialog for How do I change guest permissions?",
      "createdTime": "2021-01-21T11:36:41.8423699Z",
      "updatedTime": "2021-01-21T11:36:41.8423699Z",
      "createdUserId": "aaefd11d-4a6f-43de-b8d1-f4d839285950",
      "updatedUserId": "aaefd11d-4a6f-43de-b8d1-f4d839285950"
    }
  ],
  "botMessages": [
    {
      "channelContent": {
        "web": {
          "contentFormat": "Markdown",
          "content": "If you're a team owner, you can change guest permission settings by going to the team name and clicking More options,  and then click Manageteam .\r\n\r\nOn the Settings tab ,  click Guest permissions .\r\n\r\nIf you're curious, here's a rundown of [what guests can do in Teams.](https://support.microsoft.com/en-us/office/team-owner-member-and-guest-capabilities-in-teams-d03fdf5b-1a6e-48e4-8e07-b13e1350ec7b)"
        }
      },
      "id": "9ad25f8c-94bf-46d7-bbd8-b75bc3f4755d",
      "createdTime": "2021-01-21T11:36:41.8423699Z",
      "updatedTime": "2021-01-21T11:36:41.8423699Z",
      "createdUserId": "aaefd11d-4a6f-43de-b8d1-f4d839285950",
      "updatedUserId": "aaefd11d-4a6f-43de-b8d1-f4d839285950"
    }
  ],
  "createdUtc": "0001-01-01T00:00:00Z"
}