{
  "intents": [
    {
      "triggerQueries": [
        "How do I add guests to a team?"
      ],
      "dialogId": "new_topic_08fa38551af84c0ba65b1936fd0cc87c",
      "isTriggeringEnabled": true,
      "id": "new_topic_08fa38551af84c0ba65b1936fd0cc87c",
      "displayName": "How do I add guests to a team?",
      "description": "https://adoptbotv2kb.blob.core.windows.net/%24web/AdoptBot2021-English.docx",
      "createdTime": "2021-01-21T11:36:41.8423699Z",
      "updatedTime": "2021-01-21T11:43:53.0319815Z",
      "createdUserId": "aaefd11d-4a6f-43de-b8d1-f4d839285950",
      "updatedUserId": "aaefd11d-4a6f-43de-b8d1-f4d839285950"
    }
  ],
  "dialogs": [
    {
      "rootNodeId": "506e1fab-e3d2-4d31-8ccb-cc8dfbff0625",
      "messageNodes": [
        {
          "botMessageId": "74ac694e-4058-4dcd-9d55-05a3c6fd3f31",
          "nodeType": "BotMessageNode",
          "id": "506e1fab-e3d2-4d31-8ccb-cc8dfbff0625",
          "defaultTargetNodeId": "0c167c3e-a45e-4302-86c4-dd1d631efb29"
        }
      ],
      "dialogChangeNodes": [
        {
          "targetDialogId": "new_topic_a96de8db0acd41edb5a2e60fb0d93441_aeabea4d071f415c8c107e1cb7af5424_assumedsuccess",
          "nodeType": "DialogChangeNode",
          "id": "0c167c3e-a45e-4302-86c4-dd1d631efb29"
        }
      ],
      "id": "new_topic_08fa38551af84c0ba65b1936fd0cc87c",
      "displayName": "Dialog for How do I add guests to a team?",
      "createdTime": "2021-01-21T11:36:41.8423699Z",
      "updatedTime": "2021-01-21T11:36:41.8423699Z",
      "createdUserId": "aaefd11d-4a6f-43de-b8d1-f4d839285950",
      "updatedUserId": "aaefd11d-4a6f-43de-b8d1-f4d839285950"
    }
  ],
  "botMessages": [
    {
      "channelContent": {
        "web": {
          "contentFormat": "Markdown",
          "content": "If you're a team owner, you can invite guests outside your organization to your team.\r\n\r\nGo to the team name, click More options,  and then click AddMembers.\r\n\r\nE nter the guest's email address.\r\n\r\nPlease note:\r\n\r\n- Guests only need a valid email address.\r\n- If  you get a permission error, your organization does not allow guests. Contact your IT administrator for more info.\r\n\r\n\r\nNow that you have guests on your team, you might be curious to know [what your guest can do](https://support.microsoft.com/en-us/office/team-owner-member-and-guest-capabilities-in-teams-d03fdf5b-1a6e-48e4-8e07-b13e1350ec7b) while they're here or what [settings you can change for your guests](https://support.microsoft.com/en-us/office/set-guest-permissions-for-channels-in-teams-4756c468-2746-4bfd-a582-736d55fcc169) ."
        }
      },
      "id": "74ac694e-4058-4dcd-9d55-05a3c6fd3f31",
      "createdTime": "2021-01-21T11:36:41.8423699Z",
      "updatedTime": "2021-01-21T11:36:41.8423699Z",
      "createdUserId": "aaefd11d-4a6f-43de-b8d1-f4d839285950",
      "updatedUserId": "aaefd11d-4a6f-43de-b8d1-f4d839285950"
    }
  ],
  "createdUtc": "0001-01-01T00:00:00Z"
}