{
  "intents": [
    {
      "triggerQueries": [
        "What is the General Channel?"
      ],
      "dialogId": "new_topic_04eea3bb89e14b27a02051c55e06bd28",
      "isTriggeringEnabled": true,
      "id": "new_topic_04eea3bb89e14b27a02051c55e06bd28",
      "displayName": "What is the General Channel?",
      "description": "https://hickweb.blob.core.windows.net/$web/AdoptBot/AdoptBot2022-English.docx",
      "createdTime": "2022-03-02T14:57:19.3513008Z",
      "updatedTime": "2022-03-02T14:58:16.4786409Z",
      "createdUserId": "3e27f02e-042d-4f0e-be03-083d03c89917",
      "updatedUserId": "3e27f02e-042d-4f0e-be03-083d03c89917"
    }
  ],
  "dialogs": [
    {
      "rootNodeId": "4980b518-8a73-4398-ade9-145dc388bca5",
      "messageNodes": [
        {
          "botMessageId": "aa445a6e-a509-43ba-bddd-9532c43bdcde",
          "nodeType": "BotMessageNode",
          "id": "4980b518-8a73-4398-ade9-145dc388bca5",
          "defaultTargetNodeId": "04addec2-c4ba-4da3-b4da-eb80a3007235"
        }
      ],
      "dialogChangeNodes": [
        {
          "targetDialogId": "new_topic_f3954ff416624052b3434952b36c18d0_aeabea4d071f415c8c107e1cb7af5424_assumedsuccess",
          "nodeType": "DialogChangeNode",
          "id": "04addec2-c4ba-4da3-b4da-eb80a3007235"
        }
      ],
      "id": "new_topic_04eea3bb89e14b27a02051c55e06bd28",
      "displayName": "What is the General Channel?",
      "createdTime": "2022-03-02T14:57:08.4602637Z",
      "createdUserId": "3e27f02e-042d-4f0e-be03-083d03c89917"
    }
  ],
  "botMessages": [
    {
      "channelContent": {
        "web": {
          "contentFormat": "Markdown",
          "content": "By default, the General channel is created for you in each team. There are many useful purposes with the General Channel:\r\n\r\n- Use it to share an overview of what the team wants to achieve.  For example, a project overview or who is who on the team.\r\n- Use it for new team  member onboarding and other general information that a new team member would find useful.\r\n- Use it for announcements.\r\n\r\n\r\nWhen naming channels, remember that the channels will be ordered  alphabetically after the General channel. Currently, you cannot delete the General channel."
        }
      },
      "id": "aa445a6e-a509-43ba-bddd-9532c43bdcde"
    }
  ]
}