{
  "intents": [
    {
      "triggerQueries": [
        "Posso convidar quantas pessoas para uma reunião?",
        "Quantas pessoas posso ter em uma reunião?",
        "Quantas pessoas podem ser convidadas para uma reunião?",
        "Quantas pessoas podem estar em uma reunião?",
        "Qual é o limite para o número de participantes numa reunião?"
      ],
      "dialogId": "new_topic_517c641c72134826870c1ba1bc2380af",
      "isTriggeringEnabled": true,
      "id": "new_topic_517c641c72134826870c1ba1bc2380af",
      "displayName": "Qual é o limite para o número de participantes numa reunião?",
      "createdTime": "2022-12-30T13:48:11.5641581Z",
      "updatedTime": "2022-12-30T13:48:11.5641581Z",
      "createdUserId": "1217587e-94d3-4d46-b9e3-9ad63e50a6a1",
      "updatedUserId": "1217587e-94d3-4d46-b9e3-9ad63e50a6a1"
    }
  ],
  "dialogs": [
    {
      "rootNodeId": "06bb09d7-6180-41a3-bcfc-ccdd91962ab3",
      "messageNodes": [
        {
          "botMessageId": "f9bc612c-146f-4a36-afb1-b5fda47af08e",
          "nodeType": "BotMessageNode",
          "id": "06bb09d7-6180-41a3-bcfc-ccdd91962ab3",
          "defaultTargetNodeId": "553dba19-6ad9-4fc9-ac01-365ba87c544d"
        }
      ],
      "dialogChangeNodes": [
        {
          "targetDialogId": "new_topic_e347a2395e634a7880736d574ee58956_aeabea4d071f415c8c107e1cb7af5424_assumedsuccess",
          "nodeType": "DialogChangeNode",
          "id": "553dba19-6ad9-4fc9-ac01-365ba87c544d"
        }
      ],
      "id": "new_topic_517c641c72134826870c1ba1bc2380af",
      "displayName": "Untitled",
      "createdTime": "2022-12-30T13:48:11.5641581Z",
      "updatedTime": "2022-12-30T13:48:11.5641581Z",
      "createdUserId": "1217587e-94d3-4d46-b9e3-9ad63e50a6a1",
      "updatedUserId": "1217587e-94d3-4d46-b9e3-9ad63e50a6a1"
    }
  ],
  "botMessages": [
    {
      "channelContent": {
        "web": {
          "contentFormat": "Markdown",
          "content": "[O número máximo de pessoas numa reunião de Teams é](https://docs.microsoft.com/en-us/microsoftteams/limits-specifications-teams#meetings-and-calls) atualmente de 300 (início de 2021). Clique sempre no link para as últimas notícias, uma vez que o limite pode ter sido aumentado.\n\n_Em 2021, o limite irá_ _aumentará_  _para_ [_1.000 participantes_](https://www.microsoft.com/en-us/microsoft-365/roadmap?filters=&searchterms=65951) _e até_ [_20.000 espectadores passivos_](https://www.microsoft.com/en-us/microsoft-365/roadmap?filters=&searchterms=65952) na mesma reunião. _Quando o limite para os participantes_ _é_ _atingido,_ _o próximo_ _participante_ recebe automaticamente uma experiência _de visualização._"
        }
      },
      "id": "f9bc612c-146f-4a36-afb1-b5fda47af08e",
      "createdTime": "2022-12-30T13:46:13.371Z",
      "updatedTime": "2022-12-30T13:46:13.371Z"
    }
  ]
}