{
  "intents": [
    {
      "triggerQueries": [
        "Quando vocês fecham?",
        "Quando você fecha?",
        "Quando vocês abrem?",
        "Quando você abre?",
        "Horário da loja",
        "Horário de funcionamento diário"
      ],
      "dialogId": "new_topic_e347a2395e634a7880736d574ee58956_33d5123770ba4daeafae51b361ddc80a",
      "isTriggeringEnabled": false,
      "id": "new_topic_e347a2395e634a7880736d574ee58956_33d5123770ba4daeafae51b361ddc80a",
      "displayName": "Lição 1 - Um tópico simples",
      "description": "Lição 1 - Esta lição mostra como criar um tópico simples com uma ramificação condicional.\n\nNas próximas lições, mostraremos como adicionar e definir variáveis, condições e entidades.\n\nBem-vindo ao Power Virtual Agents!",
      "createdTime": "2019-01-15T00:00:00Z",
      "updatedTime": "2022-12-27T12:15:20.5167879Z",
      "createdUserId": "user0",
      "updatedUserId": "1217587e-94d3-4d46-b9e3-9ad63e50a6a1"
    }
  ],
  "dialogs": [
    {
      "rootNodeId": "e901982c-a22d-4074-b8c7-f7842977a047",
      "messageNodes": [
        {
          "botMessageId": "159e7c92-8871-41a0-a739-9f67085f995f",
          "nodeType": "BotMessageNode",
          "id": "e901982c-a22d-4074-b8c7-f7842977a047",
          "defaultTargetNodeId": "1f6c0946-4d56-4714-96f5-15e2247e953b"
        },
        {
          "botMessageId": "614e2fa3-2cf0-42e3-a2eb-18f9fb274ee6",
          "nodeType": "BotMessageNode",
          "id": "1f6c0946-4d56-4714-96f5-15e2247e953b",
          "defaultTargetNodeId": "6e127cd1-99ff-4c5e-8f3e-9ae93c0d4777"
        }
      ],
      "dialogChangeNodes": [
        {
          "targetDialogId": "new_topic_e347a2395e634a7880736d574ee58956_aeabea4d071f415c8c107e1cb7af5424_assumedsuccess",
          "nodeType": "DialogChangeNode",
          "id": "6e127cd1-99ff-4c5e-8f3e-9ae93c0d4777"
        }
      ],
      "id": "new_topic_e347a2395e634a7880736d574ee58956_33d5123770ba4daeafae51b361ddc80a",
      "displayName": "Diálogo",
      "createdTime": "2019-01-15T00:00:00Z",
      "updatedTime": "2022-12-27T12:11:43.5545662Z",
      "createdUserId": "user0",
      "updatedUserId": "1217587e-94d3-4d46-b9e3-9ad63e50a6a1"
    }
  ],
  "botMessages": [
    {
      "channelContent": {
        "web": {
          "contentFormat": "Markdown",
          "content": "É um prazer ajudar você com o horário da loja."
        }
      },
      "id": "159e7c92-8871-41a0-a739-9f67085f995f",
      "createdTime": "2019-01-15T00:00:00Z",
      "updatedTime": "2022-12-27T12:11:43.5545662Z",
      "createdUserId": "user0",
      "updatedUserId": "1217587e-94d3-4d46-b9e3-9ad63e50a6a1"
    },
    {
      "channelContent": {
        "web": {
          "contentFormat": "Markdown",
          "content": "Os horários de São Paulo são os seguintes:\n\n*   Seg-Sex: 9h00 às 18h00\n*   Sáb: 10h00 às 16h00\n*   Dom: fechada\n\nOs horários de Campinas são os seguintes:\n\n*   Seg-Sex: 9h00 às 18h00\n*   Sáb-Dom: 10h00 às 16h00"
        }
      },
      "id": "614e2fa3-2cf0-42e3-a2eb-18f9fb274ee6",
      "createdTime": "2019-10-24T04:02:13.435Z",
      "updatedTime": "2022-12-27T12:11:43.5545662Z",
      "createdUserId": "user0",
      "updatedUserId": "1217587e-94d3-4d46-b9e3-9ad63e50a6a1"
    }
  ]
}