{
  "intents": [
    {
      "triggerQueries": [
        "Can we limit who can create Teams?"
      ],
      "dialogId": "new_topic_7c03b49c4fad4c148dcd19509bd5ae48",
      "isTriggeringEnabled": true,
      "id": "new_topic_7c03b49c4fad4c148dcd19509bd5ae48",
      "displayName": "Can we limit who can create Teams?",
      "description": "https://adoptbotv2kb.blob.core.windows.net/%24web/AdoptBot2021-English.docx",
      "createdTime": "2021-01-21T11:36:41.843367Z",
      "updatedTime": "2021-01-21T11:42:03.2315378Z",
      "createdUserId": "aaefd11d-4a6f-43de-b8d1-f4d839285950",
      "updatedUserId": "aaefd11d-4a6f-43de-b8d1-f4d839285950"
    }
  ],
  "dialogs": [
    {
      "rootNodeId": "a3c70189-c64a-49c7-830e-73e1ffd1e464",
      "messageNodes": [
        {
          "botMessageId": "ab9af946-009a-48d9-b20e-7939b302b129",
          "nodeType": "BotMessageNode",
          "id": "a3c70189-c64a-49c7-830e-73e1ffd1e464",
          "defaultTargetNodeId": "4896c203-b6ce-4f5f-97be-cb4b6718c99c"
        }
      ],
      "dialogChangeNodes": [
        {
          "targetDialogId": "new_topic_a96de8db0acd41edb5a2e60fb0d93441_aeabea4d071f415c8c107e1cb7af5424_assumedsuccess",
          "nodeType": "DialogChangeNode",
          "id": "4896c203-b6ce-4f5f-97be-cb4b6718c99c"
        }
      ],
      "id": "new_topic_7c03b49c4fad4c148dcd19509bd5ae48",
      "displayName": "Dialog for Can we limit who can create Teams?",
      "createdTime": "2021-01-21T11:36:41.843367Z",
      "updatedTime": "2021-01-21T11:36:41.843367Z",
      "createdUserId": "aaefd11d-4a6f-43de-b8d1-f4d839285950",
      "updatedUserId": "aaefd11d-4a6f-43de-b8d1-f4d839285950"
    }
  ],
  "botMessages": [
    {
      "channelContent": {
        "web": {
          "contentFormat": "Markdown",
          "content": "By default, all users with an Exchange Online mailbox have permission to create Microsoft 365 groups and therefore a team in Microsoft Teams. You can have tighter control and limit the creation of new teams and thus the creation of new Microsoft 365 groups, by delegating group creation and management rights to a set of users.\r\n\r\nFor instructions, see Manage who [can create Microsoft 365](https://docs.microsoft.com/en-us/microsoft-365/solutions/manage-creation-of-groups?view=o365-worldwide) [groups](https://docs.microsoft.com/en-us/microsoft-365/solutions/manage-creation-of-groups?view=o365-worldwide) [.](https://docs.microsoft.com/en-us/microsoft-365/solutions/manage-creation-of-groups?view=o365-worldwide)\r\n\r\nTip: Check out the Teams app  \" Request a Team\"  [Request-a-team - Free app template](https://docs.microsoft.com/en-us/microsoftteams/platform/samples/app-templates)"
        }
      },
      "id": "ab9af946-009a-48d9-b20e-7939b302b129",
      "createdTime": "2021-01-21T11:36:41.843367Z",
      "updatedTime": "2021-01-21T11:36:41.843367Z",
      "createdUserId": "aaefd11d-4a6f-43de-b8d1-f4d839285950",
      "updatedUserId": "aaefd11d-4a6f-43de-b8d1-f4d839285950"
    }
  ],
  "createdUtc": "0001-01-01T00:00:00Z"
}