<botcomponent_workflowset>
  <botcomponent_workflow botcomponentid.schemaname="new_topic_a96de8db0acd41edb5a2e60fb0d93441_954135cafcd647eaae5999ad91fc08cf_talktoagent" workflowid.workflowid="5ece3cb4-e75b-eb11-a812-000d3a1fc975">
    <iscustomizable>1</iscustomizable>
  </botcomponent_workflow>
  <botcomponent_workflow workflowid.workflowid="9ebc44a5-ea5b-eb11-a812-000d3a1fc975" botcomponentid.schemaname="new_topic_a96de8db0acd41edb5a2e60fb0d93441_954135cafcd647eaae5999ad91fc08cf_talktoagent">
    <iscustomizable>1</iscustomizable>
  </botcomponent_workflow>
</botcomponent_workflowset>