{
  "intents": [
    {
      "triggerQueries": [
        "Can inactive teams be automatically deleted after a certain number of days or months?"
      ],
      "dialogId": "new_topic_c640bfc44aee46488c606867fcf4954f",
      "isTriggeringEnabled": true,
      "id": "new_topic_c640bfc44aee46488c606867fcf4954f",
      "displayName": "Can inactive teams be automatically deleted after a certain number of days or months?",
      "description": "https://hickweb.blob.core.windows.net/$web/AdoptBot/AdoptBot2022-English.docx",
      "createdTime": "2022-03-02T14:57:19.3513008Z",
      "updatedTime": "2022-03-02T14:59:01.4512845Z",
      "createdUserId": "3e27f02e-042d-4f0e-be03-083d03c89917",
      "updatedUserId": "3e27f02e-042d-4f0e-be03-083d03c89917"
    }
  ],
  "dialogs": [
    {
      "rootNodeId": "397b5f54-a815-45ae-bce2-dadbefe74e12",
      "messageNodes": [
        {
          "botMessageId": "c780f660-0f0a-4df4-9a63-8c8da99e3156",
          "nodeType": "BotMessageNode",
          "id": "397b5f54-a815-45ae-bce2-dadbefe74e12",
          "defaultTargetNodeId": "990df08c-b51b-4a2f-be2e-30286d2735c2"
        }
      ],
      "dialogChangeNodes": [
        {
          "targetDialogId": "new_topic_f3954ff416624052b3434952b36c18d0_aeabea4d071f415c8c107e1cb7af5424_assumedsuccess",
          "nodeType": "DialogChangeNode",
          "id": "990df08c-b51b-4a2f-be2e-30286d2735c2"
        }
      ],
      "id": "new_topic_c640bfc44aee46488c606867fcf4954f",
      "displayName": "Can inactive teams be automatically deleted after a certain number of days or months?",
      "createdTime": "2022-03-02T14:57:08.4602637Z",
      "createdUserId": "3e27f02e-042d-4f0e-be03-083d03c89917"
    }
  ],
  "botMessages": [
    {
      "channelContent": {
        "web": {
          "contentFormat": "Markdown",
          "content": "Automatic removal of inactive teams can  be managed using Teams’ expiration policy.  It's a great way to clean up inactive teams that aren't in use and it removes clutter\r\n\r\nSee this[article](https://docs.microsoft.com/en-us/microsoftteams/team-expiration-renewal) [about expiration dates](https://docs.microsoft.com/en-us/microsoftteams/team-expiration-renewal) and automatic renewal [of teams](https://docs.microsoft.com/en-us/microsoftteams/team-expiration-renewal)"
        }
      },
      "id": "c780f660-0f0a-4df4-9a63-8c8da99e3156"
    }
  ]
}