{
  "intents": [
    {
      "triggerQueries": [
        "não quero mais receber mensagens de um bot",
        "posso bloquear um bot?",
        "como parar de receber mensagens de um bot?",
        "Como posso bloquear um bot?"
      ],
      "dialogId": "new_topic_5b346a92dfe9451b8e553069b38e9c94",
      "isTriggeringEnabled": true,
      "id": "new_topic_5b346a92dfe9451b8e553069b38e9c94",
      "displayName": "Como posso bloquear um bot?",
      "createdTime": "2022-12-30T13:33:13.7897721Z",
      "updatedTime": "2022-12-30T13:33:13.7897721Z",
      "createdUserId": "1217587e-94d3-4d46-b9e3-9ad63e50a6a1",
      "updatedUserId": "1217587e-94d3-4d46-b9e3-9ad63e50a6a1"
    }
  ],
  "dialogs": [
    {
      "rootNodeId": "6651bb19-455f-47f6-beab-827b254b09ed",
      "messageNodes": [
        {
          "botMessageId": "72b9ff14-9270-4bab-aa5e-f04883c62bb7",
          "nodeType": "BotMessageNode",
          "id": "6651bb19-455f-47f6-beab-827b254b09ed",
          "defaultTargetNodeId": "a9c5b652-f9d3-4e64-923a-2e0385abea69"
        }
      ],
      "dialogChangeNodes": [
        {
          "targetDialogId": "new_topic_e347a2395e634a7880736d574ee58956_aeabea4d071f415c8c107e1cb7af5424_assumedsuccess",
          "nodeType": "DialogChangeNode",
          "id": "a9c5b652-f9d3-4e64-923a-2e0385abea69"
        }
      ],
      "id": "new_topic_5b346a92dfe9451b8e553069b38e9c94",
      "displayName": "Untitled",
      "createdTime": "2022-12-30T13:33:13.7897721Z",
      "updatedTime": "2022-12-30T13:33:13.7897721Z",
      "createdUserId": "1217587e-94d3-4d46-b9e3-9ad63e50a6a1",
      "updatedUserId": "1217587e-94d3-4d46-b9e3-9ad63e50a6a1"
    }
  ],
  "botMessages": [
    {
      "channelContent": {
        "web": {
          "contentFormat": "Markdown",
          "content": "Se não tiver ouvido falar de um Bot... Temos opções.\n\nPara impedir que um Bot fale, procure o título da sua conversa com o bot na lista de conversas, clique em Mais opções e, posteriormente, selecione **Mute**.\n\nSe procura uma solução mais permanente, pode remover um bot de um canal a título definitivo. Aceda ao canal que pretende, clique em Mais **opções** e, de seguida, **Gerir a equipa**.\n\nNo separador Apps, clique em **Desinstalar** ao lado do nome do bot que pretende remover."
        }
      },
      "id": "72b9ff14-9270-4bab-aa5e-f04883c62bb7",
      "createdTime": "2022-12-30T13:26:14.307Z",
      "updatedTime": "2022-12-30T13:26:14.307Z"
    }
  ]
}