{
  "intents": [
    {
      "triggerQueries": [
        "Do my Teams meetings also show up in Outlook?"
      ],
      "dialogId": "new_topic_6b4de8fc18424bd6854dee98cf430bbe",
      "isTriggeringEnabled": true,
      "id": "new_topic_6b4de8fc18424bd6854dee98cf430bbe",
      "displayName": "Do my Teams meetings also show up in Outlook?",
      "description": "https://hickweb.blob.core.windows.net/$web/AdoptBot/AdoptBot2022-English.docx",
      "createdTime": "2022-03-02T14:57:19.3513008Z",
      "updatedTime": "2022-03-02T14:58:07.8859298Z",
      "createdUserId": "3e27f02e-042d-4f0e-be03-083d03c89917",
      "updatedUserId": "3e27f02e-042d-4f0e-be03-083d03c89917"
    }
  ],
  "dialogs": [
    {
      "rootNodeId": "a105226f-7856-4786-9136-ceac14253784",
      "messageNodes": [
        {
          "botMessageId": "6a5b829e-a0aa-42db-aa82-9805c740a321",
          "nodeType": "BotMessageNode",
          "id": "a105226f-7856-4786-9136-ceac14253784",
          "defaultTargetNodeId": "1556f617-74ff-49d3-840f-465e173486f2"
        }
      ],
      "dialogChangeNodes": [
        {
          "targetDialogId": "new_topic_f3954ff416624052b3434952b36c18d0_aeabea4d071f415c8c107e1cb7af5424_assumedsuccess",
          "nodeType": "DialogChangeNode",
          "id": "1556f617-74ff-49d3-840f-465e173486f2"
        }
      ],
      "id": "new_topic_6b4de8fc18424bd6854dee98cf430bbe",
      "displayName": "Do my Teams meetings also show up in Outlook?",
      "createdTime": "2022-03-02T14:57:08.4602637Z",
      "createdUserId": "3e27f02e-042d-4f0e-be03-083d03c89917"
    }
  ],
  "botMessages": [
    {
      "channelContent": {
        "web": {
          "contentFormat": "Markdown",
          "content": "If you schedule a meeting in Teams, it appears under \" Calendar \" in Teams and in your Outlook calendar.\r\n\r\nPlease note: The Outlook calendar is used for both Teams and Outlook"
        }
      },
      "id": "6a5b829e-a0aa-42db-aa82-9805c740a321"
    }
  ]
}