{
  "intents": [
    {
      "triggerQueries": [
        "O que tenho de fazer para ligar o modo Together nas reuniões de Teams?",
        "O que é preciso para ligar o Together Mode nas reuniões de Teams?",
        "Como posso ligar o Together mode nas reuniões?",
        "Como usar o Together mode nas reuniões?",
        "Como é que ligo o modo Together?"
      ],
      "dialogId": "new_topic_446d2830ba0c4802bfcb6f7bf9832956",
      "isTriggeringEnabled": true,
      "id": "new_topic_446d2830ba0c4802bfcb6f7bf9832956",
      "displayName": "Como é que ligo o modo Together?",
      "createdTime": "2023-01-03T12:32:04.370659Z",
      "updatedTime": "2023-01-03T12:32:04.370659Z",
      "createdUserId": "1217587e-94d3-4d46-b9e3-9ad63e50a6a1",
      "updatedUserId": "1217587e-94d3-4d46-b9e3-9ad63e50a6a1"
    }
  ],
  "dialogs": [
    {
      "rootNodeId": "c6e85a3e-1ae9-429d-9989-32e41e736972",
      "messageNodes": [
        {
          "botMessageId": "a76142ce-91f8-46b6-b710-41c83fafefc3",
          "nodeType": "BotMessageNode",
          "id": "c6e85a3e-1ae9-429d-9989-32e41e736972",
          "defaultTargetNodeId": "c16350df-750a-49b8-86de-5c7510f8bcd2"
        }
      ],
      "dialogChangeNodes": [
        {
          "targetDialogId": "new_topic_e347a2395e634a7880736d574ee58956_aeabea4d071f415c8c107e1cb7af5424_assumedsuccess",
          "nodeType": "DialogChangeNode",
          "id": "c16350df-750a-49b8-86de-5c7510f8bcd2"
        }
      ],
      "id": "new_topic_446d2830ba0c4802bfcb6f7bf9832956",
      "displayName": "Untitled",
      "createdTime": "2023-01-03T12:32:04.370659Z",
      "updatedTime": "2023-01-03T12:32:04.370659Z",
      "createdUserId": "1217587e-94d3-4d46-b9e3-9ad63e50a6a1",
      "updatedUserId": "1217587e-94d3-4d46-b9e3-9ad63e50a6a1"
    }
  ],
  "botMessages": [
    {
      "channelContent": {
        "web": {
          "contentFormat": "Markdown",
          "content": "O Together mode aumenta a sensação de estarmos juntos e, de acordo com estudos, reduz a carga cognitiva sobre nós nas reuniões digitais. É provável que esteja menos cansado do que com as opções regulares nas reuniões digitais!\n\nVá às opções de reunião durante a reunião \"...\" e clique em Together mode para ativar esta vista para si (apenas afeta a forma como vê a reunião). Para ser visível no Together mode, tem de ter a câmara ligada.\n\nAtualmente, até 50 pessoas diferentes podem ser vistas no Together mode ao mesmo tempo, dependendo da escolha da cena.\n\n[Saiba mais sobre as suas](https://support.microsoft.com/en-us/office/anv%c3%a4nda-video-i-microsoft-teams-3647fc29-7b92-4c26-8c2d-8a596904cdae?ui=sv-SE&rs=sv-SE&ad=SE) opções de vídeo em Equipas."
        }
      },
      "id": "a76142ce-91f8-46b6-b710-41c83fafefc3",
      "createdTime": "2023-01-03T12:29:56.051Z",
      "updatedTime": "2023-01-03T12:29:56.051Z"
    }
  ]
}