{
  "intents": [
    {
      "triggerQueries": [
        "Can a user get a personal conference ID?"
      ],
      "dialogId": "new_topic_3160589a96c246e89397c1875c58de67",
      "isTriggeringEnabled": true,
      "id": "new_topic_3160589a96c246e89397c1875c58de67",
      "displayName": "Can a user get a personal conference ID?",
      "description": "https://hickweb.blob.core.windows.net/$web/AdoptBot/AdoptBot2022-English.docx",
      "createdTime": "2022-03-02T14:57:19.3356723Z",
      "updatedTime": "2022-03-02T15:01:40.4810672Z",
      "createdUserId": "3e27f02e-042d-4f0e-be03-083d03c89917",
      "updatedUserId": "3e27f02e-042d-4f0e-be03-083d03c89917"
    }
  ],
  "dialogs": [
    {
      "rootNodeId": "f990c183-8f7c-41ba-9c0e-4b6f5e9bc8b7",
      "messageNodes": [
        {
          "botMessageId": "70c766bd-ff03-42da-bfba-0db51ea8df79",
          "nodeType": "BotMessageNode",
          "id": "f990c183-8f7c-41ba-9c0e-4b6f5e9bc8b7",
          "defaultTargetNodeId": "4e86e5a9-fd54-49f8-acdd-75972a89375e"
        }
      ],
      "dialogChangeNodes": [
        {
          "targetDialogId": "new_topic_f3954ff416624052b3434952b36c18d0_aeabea4d071f415c8c107e1cb7af5424_assumedsuccess",
          "nodeType": "DialogChangeNode",
          "id": "4e86e5a9-fd54-49f8-acdd-75972a89375e"
        }
      ],
      "id": "new_topic_3160589a96c246e89397c1875c58de67",
      "displayName": "Can a user get a personal conference ID?",
      "createdTime": "2022-03-02T14:57:08.4602637Z",
      "createdUserId": "3e27f02e-042d-4f0e-be03-083d03c89917"
    }
  ],
  "botMessages": [
    {
      "channelContent": {
        "web": {
          "contentFormat": "Markdown",
          "content": "Microsoft Teams users will be randomly assigned conferencing IDs and cannot reserve or enter a static conference ID that only they can use."
        }
      },
      "id": "70c766bd-ff03-42da-bfba-0db51ea8df79"
    }
  ]
}