{
  "intents": [
    {
      "triggerQueries": [
        "Enable the modern meeting experience?"
      ],
      "dialogId": "new_topic_5c1b016890634f439c77933c6df9cc31",
      "isTriggeringEnabled": true,
      "id": "new_topic_5c1b016890634f439c77933c6df9cc31",
      "displayName": "Enable the modern meeting experience?",
      "description": "https://adoptbotv2kb.blob.core.windows.net/%24web/AdoptBot2021-English.docx",
      "createdTime": "2021-01-21T11:36:41.843367Z",
      "updatedTime": "2021-01-21T11:41:45.7103938Z",
      "createdUserId": "aaefd11d-4a6f-43de-b8d1-f4d839285950",
      "updatedUserId": "aaefd11d-4a6f-43de-b8d1-f4d839285950"
    }
  ],
  "dialogs": [
    {
      "rootNodeId": "62eabaa8-6a13-462f-b62e-bf37d4cc8faa",
      "messageNodes": [
        {
          "botMessageId": "9146d01e-cc42-4d55-bc25-cd747cb76a9d",
          "nodeType": "BotMessageNode",
          "id": "62eabaa8-6a13-462f-b62e-bf37d4cc8faa",
          "defaultTargetNodeId": "02067633-2a78-40aa-ac8c-68142c3c2534"
        }
      ],
      "dialogChangeNodes": [
        {
          "targetDialogId": "new_topic_a96de8db0acd41edb5a2e60fb0d93441_aeabea4d071f415c8c107e1cb7af5424_assumedsuccess",
          "nodeType": "DialogChangeNode",
          "id": "02067633-2a78-40aa-ac8c-68142c3c2534"
        }
      ],
      "id": "new_topic_5c1b016890634f439c77933c6df9cc31",
      "displayName": "Dialog for Enable the modern meeting experience?",
      "createdTime": "2021-01-21T11:36:41.843367Z",
      "updatedTime": "2021-01-21T11:36:41.843367Z",
      "createdUserId": "aaefd11d-4a6f-43de-b8d1-f4d839285950",
      "updatedUserId": "aaefd11d-4a6f-43de-b8d1-f4d839285950"
    }
  ],
  "botMessages": [
    {
      "channelContent": {
        "web": {
          "contentFormat": "Markdown",
          "content": "Open settings in Teams.\r\n\r\nClick General Settings.\r\n\r\nSelect Turn on new meeting experience .\r\n\r\nRestart Teams by right clicking its icon and selecting Quit.\r\n\r\nThis choice  will/has become the standard going forward and does not need to be made."
        }
      },
      "id": "9146d01e-cc42-4d55-bc25-cd747cb76a9d",
      "createdTime": "2021-01-21T11:36:41.843367Z",
      "updatedTime": "2021-01-21T11:36:41.843367Z",
      "createdUserId": "aaefd11d-4a6f-43de-b8d1-f4d839285950",
      "updatedUserId": "aaefd11d-4a6f-43de-b8d1-f4d839285950"
    }
  ],
  "createdUtc": "0001-01-01T00:00:00Z"
}