{
  "intents": [
    {
      "intentType": "Regular",
      "triggerQueries": [
        "Are my saved documents in OneDrive also available offline?"
      ],
      "dialogId": "new_topic_434eb528751f4597ba60e360f655f238",
      "isTriggeringEnabled": true,
      "id": "new_topic_434eb528751f4597ba60e360f655f238",
      "displayName": "Are my saved documents in OneDrive also available offline?",
      "description": "https://adoptbotv2kb.blob.core.windows.net/%24web/AdoptBot2021-English.docx",
      "createdTime": "2021-01-21T11:36:41.843367Z",
      "updatedTime": "2021-01-21T11:39:36.1652971Z",
      "createdUserId": "aaefd11d-4a6f-43de-b8d1-f4d839285950",
      "updatedUserId": "aaefd11d-4a6f-43de-b8d1-f4d839285950"
    }
  ],
  "dialogs": [
    {
      "rootNodeId": "12db427c-93fc-4e7b-b073-43610b854991",
      "messageNodes": [
        {
          "botMessageId": "83b33eb1-19f2-457c-acc7-6609c0fdb369",
          "nodeType": "BotMessageNode",
          "id": "12db427c-93fc-4e7b-b073-43610b854991",
          "defaultTargetNodeId": "732dbfec-c00e-4278-8704-ae4be684e927"
        }
      ],
      "dialogChangeNodes": [
        {
          "targetDialogId": "new_topic_a96de8db0acd41edb5a2e60fb0d93441_aeabea4d071f415c8c107e1cb7af5424_assumedsuccess",
          "nodeType": "DialogChangeNode",
          "id": "732dbfec-c00e-4278-8704-ae4be684e927"
        }
      ],
      "id": "new_topic_434eb528751f4597ba60e360f655f238",
      "displayName": "Dialog for Are my saved documents in OneDrive also available offline?",
      "createdTime": "2021-01-21T11:36:41.843367Z",
      "updatedTime": "2021-01-21T11:36:41.843367Z",
      "createdUserId": "aaefd11d-4a6f-43de-b8d1-f4d839285950",
      "updatedUserId": "aaefd11d-4a6f-43de-b8d1-f4d839285950"
    }
  ],
  "botMessages": [
    {
      "channelContent": {
        "web": {
          "contentFormat": "Markdown",
          "content": "If you are using Windows 10, OneDrive is preinstalled. To access your documents when you are not connected to the Internet, open File Explorer on your PC and go to the OneDrive folder. When you reconnect, OneDrive updates the online versions with changes you made offline.\r\n\r\nVisit [OneDrive for Windows 10](https://go.microsoft.com/fwlink/p/?LinkID=717896)  for more details."
        }
      },
      "id": "83b33eb1-19f2-457c-acc7-6609c0fdb369",
      "createdTime": "2021-01-21T11:36:41.843367Z",
      "updatedTime": "2021-01-21T11:36:41.843367Z",
      "createdUserId": "aaefd11d-4a6f-43de-b8d1-f4d839285950",
      "updatedUserId": "aaefd11d-4a6f-43de-b8d1-f4d839285950"
    }
  ]
}