{
  "intents": [
    {
      "triggerQueries": [
        "How do I add more team owners?"
      ],
      "dialogId": "new_topic_71389f5d539b4e3f9f430fc6d7569708",
      "isTriggeringEnabled": true,
      "id": "new_topic_71389f5d539b4e3f9f430fc6d7569708",
      "displayName": "How do I add more team owners?",
      "description": "https://hickweb.blob.core.windows.net/$web/AdoptBot/AdoptBot2022-English.docx",
      "createdTime": "2022-03-02T14:57:19.3513008Z",
      "updatedTime": "2022-03-02T14:58:27.6828134Z",
      "createdUserId": "3e27f02e-042d-4f0e-be03-083d03c89917",
      "updatedUserId": "3e27f02e-042d-4f0e-be03-083d03c89917"
    }
  ],
  "dialogs": [
    {
      "rootNodeId": "3e9eccdc-0101-41dc-8366-4eceffe6d16f",
      "messageNodes": [
        {
          "botMessageId": "e5838fad-7511-41df-9437-0119026f66d4",
          "nodeType": "BotMessageNode",
          "id": "3e9eccdc-0101-41dc-8366-4eceffe6d16f",
          "defaultTargetNodeId": "e1adbf44-f0e0-42e9-b270-2274b1fff6d3"
        }
      ],
      "dialogChangeNodes": [
        {
          "targetDialogId": "new_topic_f3954ff416624052b3434952b36c18d0_aeabea4d071f415c8c107e1cb7af5424_assumedsuccess",
          "nodeType": "DialogChangeNode",
          "id": "e1adbf44-f0e0-42e9-b270-2274b1fff6d3"
        }
      ],
      "id": "new_topic_71389f5d539b4e3f9f430fc6d7569708",
      "displayName": "How do I add more team owners?",
      "createdTime": "2022-03-02T14:57:08.4602637Z",
      "createdUserId": "3e27f02e-042d-4f0e-be03-083d03c89917"
    }
  ],
  "botMessages": [
    {
      "channelContent": {
        "web": {
          "contentFormat": "Markdown",
          "content": "Find the team you've created, click More options &gt; Manage Team.\r\n\r\nThen go to the Members tab. Find the people you want to designate as team owners. Under Role, click Owner.\r\n\r\nTip: Be sure to have at least two owners per  team. This ensures a backup contact in case one of the owners are unavailable."
        }
      },
      "id": "e5838fad-7511-41df-9437-0119026f66d4"
    }
  ]
}