{
  "intents": [
    {
      "triggerQueries": [
        "How do I view or follow a channel?"
      ],
      "dialogId": "new_topic_57546c20f5a3424cbff1439f94f82738",
      "isTriggeringEnabled": true,
      "id": "new_topic_57546c20f5a3424cbff1439f94f82738",
      "displayName": "How do I view or follow a channel?",
      "description": "https://hickweb.blob.core.windows.net/$web/AdoptBot/AdoptBot2022-English.docx",
      "createdTime": "2022-03-02T14:57:19.3356723Z",
      "updatedTime": "2022-03-02T15:00:48.7960069Z",
      "createdUserId": "3e27f02e-042d-4f0e-be03-083d03c89917",
      "updatedUserId": "3e27f02e-042d-4f0e-be03-083d03c89917"
    }
  ],
  "dialogs": [
    {
      "rootNodeId": "65d2d744-d7a9-45d6-a14d-7ac8fc5c956a",
      "messageNodes": [
        {
          "botMessageId": "552a3f68-412e-48ec-9be8-414c274ce155",
          "nodeType": "BotMessageNode",
          "id": "65d2d744-d7a9-45d6-a14d-7ac8fc5c956a",
          "defaultTargetNodeId": "a28cb787-6a83-42a0-8511-82b757eedac5"
        }
      ],
      "dialogChangeNodes": [
        {
          "targetDialogId": "new_topic_f3954ff416624052b3434952b36c18d0_aeabea4d071f415c8c107e1cb7af5424_assumedsuccess",
          "nodeType": "DialogChangeNode",
          "id": "a28cb787-6a83-42a0-8511-82b757eedac5"
        }
      ],
      "id": "new_topic_57546c20f5a3424cbff1439f94f82738",
      "displayName": "How do I view or follow a channel?",
      "createdTime": "2022-03-02T14:57:08.4602637Z",
      "createdUserId": "3e27f02e-042d-4f0e-be03-083d03c89917"
    }
  ],
  "botMessages": [
    {
      "channelContent": {
        "web": {
          "contentFormat": "Markdown",
          "content": "In a Channel, click More options &gt; Show."
        }
      },
      "id": "552a3f68-412e-48ec-9be8-414c274ce155"
    }
  ]
}