{
  "intents": [
    {
      "triggerQueries": [
        "Pra que serve o Microsoft 365?",
        "O que é o Microsoft 365?"
      ],
      "dialogId": "new_topic_4a0ce5af87174431a3e31bdd8d528f38",
      "isTriggeringEnabled": true,
      "id": "new_topic_4a0ce5af87174431a3e31bdd8d528f38",
      "displayName": "O que é o Microsoft 365?",
      "createdTime": "2022-12-30T13:59:28.0099521Z",
      "updatedTime": "2022-12-30T13:59:28.0099521Z",
      "createdUserId": "1217587e-94d3-4d46-b9e3-9ad63e50a6a1",
      "updatedUserId": "1217587e-94d3-4d46-b9e3-9ad63e50a6a1"
    }
  ],
  "dialogs": [
    {
      "rootNodeId": "6b0ee3e1-b345-4e05-8230-b7f385e1ed36",
      "messageNodes": [
        {
          "botMessageId": "11cd5610-777f-4fa9-be5a-819cb53b3200",
          "nodeType": "BotMessageNode",
          "id": "6b0ee3e1-b345-4e05-8230-b7f385e1ed36",
          "defaultTargetNodeId": "fde689a9-f959-4b8a-9626-19f23caac7b1"
        }
      ],
      "dialogChangeNodes": [
        {
          "targetDialogId": "new_topic_e347a2395e634a7880736d574ee58956_aeabea4d071f415c8c107e1cb7af5424_assumedsuccess",
          "nodeType": "DialogChangeNode",
          "id": "fde689a9-f959-4b8a-9626-19f23caac7b1"
        }
      ],
      "id": "new_topic_4a0ce5af87174431a3e31bdd8d528f38",
      "displayName": "Untitled",
      "createdTime": "2022-12-30T13:59:28.0099521Z",
      "updatedTime": "2022-12-30T13:59:28.0099521Z",
      "createdUserId": "1217587e-94d3-4d46-b9e3-9ad63e50a6a1",
      "updatedUserId": "1217587e-94d3-4d46-b9e3-9ad63e50a6a1"
    }
  ],
  "botMessages": [
    {
      "channelContent": {
        "web": {
          "contentFormat": "Markdown",
          "content": "O Microsoft 365 é o conjunto de ferramentas universal para colaboração. [Saiba mais aqui!](https://www.microsoft.com/en-us/microsoft-365)"
        }
      },
      "id": "11cd5610-777f-4fa9-be5a-819cb53b3200",
      "createdTime": "2022-12-30T13:59:02.29Z",
      "updatedTime": "2022-12-30T13:59:02.29Z"
    }
  ]
}