{
  "intents": [
    {
      "triggerQueries": [
        "How do I search in Teams?"
      ],
      "dialogId": "new_topic_4478a9f4b11f4fb289f10403c27e0738",
      "isTriggeringEnabled": true,
      "id": "new_topic_4478a9f4b11f4fb289f10403c27e0738",
      "displayName": "How do I search in Teams?",
      "description": "https://hickweb.blob.core.windows.net/$web/AdoptBot/AdoptBot2022-English.docx",
      "createdTime": "2022-03-02T14:57:19.3513008Z",
      "updatedTime": "2022-03-02T14:58:44.0701639Z",
      "createdUserId": "3e27f02e-042d-4f0e-be03-083d03c89917",
      "updatedUserId": "3e27f02e-042d-4f0e-be03-083d03c89917"
    }
  ],
  "dialogs": [
    {
      "rootNodeId": "884f8113-f90d-4f46-8b86-2b8cb333ee92",
      "messageNodes": [
        {
          "botMessageId": "633032c9-6194-49f9-9d4b-2fd4c8ad4763",
          "nodeType": "BotMessageNode",
          "id": "884f8113-f90d-4f46-8b86-2b8cb333ee92",
          "defaultTargetNodeId": "1e5c364b-9ff3-43b9-99eb-7c2119c42057"
        }
      ],
      "dialogChangeNodes": [
        {
          "targetDialogId": "new_topic_f3954ff416624052b3434952b36c18d0_aeabea4d071f415c8c107e1cb7af5424_assumedsuccess",
          "nodeType": "DialogChangeNode",
          "id": "1e5c364b-9ff3-43b9-99eb-7c2119c42057"
        }
      ],
      "id": "new_topic_4478a9f4b11f4fb289f10403c27e0738",
      "displayName": "How do I search in Teams?",
      "createdTime": "2022-03-02T14:57:08.4602637Z",
      "createdUserId": "3e27f02e-042d-4f0e-be03-083d03c89917"
    }
  ],
  "botMessages": [
    {
      "channelContent": {
        "web": {
          "contentFormat": "Markdown",
          "content": "You've got a few search and filtering options to help you find messages, people, files, and other information shared in Teams. Start a  search from the search box at the top of the app. When you type a word or name, Teams will start coming up with suggestions. Either click one of the suggested items, or press Enter to get a complete list of results. You'll be taken to a search results page. Select one of the items to get a complete view on it or use additional filters.\r\n\r\nTip: Use CTRL+F (CMD+F on macOS) to find messages when you’re in a specific chat or channel in Teams.  [Search for messages and more in Teams](https://support.microsoft.com/en-us/office/search-for-messages-and-more-in-teams-4a351520-33f4-42ab-a5ee-5fc0ab88b263)"
        }
      },
      "id": "633032c9-6194-49f9-9d4b-2fd4c8ad4763"
    }
  ]
}