{
  "intents": [
    {
      "triggerQueries": [
        "Is it possible to get individual user’s attention in a channel?"
      ],
      "dialogId": "new_topic_15f36b2078204f0ba9272ed8fe6bdd92",
      "isTriggeringEnabled": true,
      "id": "new_topic_15f36b2078204f0ba9272ed8fe6bdd92",
      "displayName": "Is it possible to get individual user’s attention in a channel?",
      "description": "https://hickweb.blob.core.windows.net/$web/AdoptBot/AdoptBot2022-English.docx",
      "createdTime": "2022-03-02T14:57:19.3513008Z",
      "updatedTime": "2022-03-02T14:58:29.5217161Z",
      "createdUserId": "3e27f02e-042d-4f0e-be03-083d03c89917",
      "updatedUserId": "3e27f02e-042d-4f0e-be03-083d03c89917"
    }
  ],
  "dialogs": [
    {
      "rootNodeId": "6bb63760-df2c-4d2e-ae1c-828986fc80a6",
      "messageNodes": [
        {
          "botMessageId": "9f365b5c-9756-4ebd-a240-62f8dec32884",
          "nodeType": "BotMessageNode",
          "id": "6bb63760-df2c-4d2e-ae1c-828986fc80a6",
          "defaultTargetNodeId": "e8f5232e-4929-4be4-943c-f3e60f040961"
        }
      ],
      "dialogChangeNodes": [
        {
          "targetDialogId": "new_topic_f3954ff416624052b3434952b36c18d0_aeabea4d071f415c8c107e1cb7af5424_assumedsuccess",
          "nodeType": "DialogChangeNode",
          "id": "e8f5232e-4929-4be4-943c-f3e60f040961"
        }
      ],
      "id": "new_topic_15f36b2078204f0ba9272ed8fe6bdd92",
      "displayName": "Is it possible to get individual user’s attention in a channel?",
      "createdTime": "2022-03-02T14:57:08.4602637Z",
      "createdUserId": "3e27f02e-042d-4f0e-be03-083d03c89917"
    }
  ],
  "botMessages": [
    {
      "channelContent": {
        "web": {
          "contentFormat": "Markdown",
          "content": "To get someone's attention in a channel conversation or a chat, @mention them.\r\n\r\nJust type @ before their name and select them from the list that appears. By using @team in a conversation, each member of the team receives an alert. The type of notification depends on each individual's settings.\r\n\r\nTip: You can also mention someone simply by typing their name and choosing their alias. Start by typing the first name and as you continue typing, the person or a list of matching people will be displayed. Choose the person you want to @mention."
        }
      },
      "id": "9f365b5c-9756-4ebd-a240-62f8dec32884"
    }
  ]
}