{
  "intents": [
    {
      "triggerQueries": [
        "Live Event system requirements?"
      ],
      "dialogId": "new_topic_1f348930097f47e9b04a9c94d5aa0648",
      "isTriggeringEnabled": true,
      "id": "new_topic_1f348930097f47e9b04a9c94d5aa0648",
      "displayName": "Live Event system requirements?",
      "description": "https://adoptbotv2kb.blob.core.windows.net/%24web/AdoptBot2021-English.docx",
      "createdTime": "2021-01-21T11:36:41.843367Z",
      "updatedTime": "2021-01-21T11:42:26.4296307Z",
      "createdUserId": "aaefd11d-4a6f-43de-b8d1-f4d839285950",
      "updatedUserId": "aaefd11d-4a6f-43de-b8d1-f4d839285950"
    }
  ],
  "dialogs": [
    {
      "rootNodeId": "acfc154e-f1bf-4f4c-b421-45e97e6c0874",
      "messageNodes": [
        {
          "botMessageId": "60b76187-3cbf-4896-8956-48c27b88056d",
          "nodeType": "BotMessageNode",
          "id": "acfc154e-f1bf-4f4c-b421-45e97e6c0874",
          "defaultTargetNodeId": "af28c402-363b-4a6f-8035-f0eff3d74c3a"
        }
      ],
      "dialogChangeNodes": [
        {
          "targetDialogId": "new_topic_a96de8db0acd41edb5a2e60fb0d93441_aeabea4d071f415c8c107e1cb7af5424_assumedsuccess",
          "nodeType": "DialogChangeNode",
          "id": "af28c402-363b-4a6f-8035-f0eff3d74c3a"
        }
      ],
      "id": "new_topic_1f348930097f47e9b04a9c94d5aa0648",
      "displayName": "Dialog for Live Event system requirements?",
      "createdTime": "2021-01-21T11:36:41.843367Z",
      "updatedTime": "2021-01-21T11:36:41.843367Z",
      "createdUserId": "aaefd11d-4a6f-43de-b8d1-f4d839285950",
      "updatedUserId": "aaefd11d-4a6f-43de-b8d1-f4d839285950"
    }
  ],
  "botMessages": [
    {
      "channelContent": {
        "web": {
          "contentFormat": "Markdown",
          "content": "Supported operating systems:\r\n\r\nWindows 7 and later (32-bit and 64-bit), macOS 10.10 and  later.\r\n\r\nSupported mobile operating systems:\r\n\r\nAndroid 4.4 and later, iOS 10 and later\r\n\r\nSupported Browsers:\r\n\r\nMicrosoft Edge RS2 and later, Chrome (latest  3 versions), Firefox (latest 3 versions ), Internet Explorer 11, Safari."
        }
      },
      "id": "60b76187-3cbf-4896-8956-48c27b88056d",
      "createdTime": "2021-01-21T11:36:41.843367Z",
      "updatedTime": "2021-01-21T11:36:41.843367Z",
      "createdUserId": "aaefd11d-4a6f-43de-b8d1-f4d839285950",
      "updatedUserId": "aaefd11d-4a6f-43de-b8d1-f4d839285950"
    }
  ],
  "createdUtc": "0001-01-01T00:00:00Z"
}