{
  "intents": [
    {
      "triggerQueries": [
        "Chamar a atenção dos utilizadores de um canal",
        "Como chamar a atenção de cada utilizador de um canal",
        "É possível chamar a atenção de cada utilizador num canal?"
      ],
      "dialogId": "new_topic_7b502e41371a4e309dcc5cb16a6f287b",
      "isTriggeringEnabled": true,
      "id": "new_topic_7b502e41371a4e309dcc5cb16a6f287b",
      "displayName": "É possível chamar a atenção de cada utilizador num canal?",
      "createdTime": "2022-12-30T16:37:53.4268999Z",
      "updatedTime": "2022-12-30T16:37:53.4268999Z",
      "createdUserId": "1217587e-94d3-4d46-b9e3-9ad63e50a6a1",
      "updatedUserId": "1217587e-94d3-4d46-b9e3-9ad63e50a6a1"
    }
  ],
  "dialogs": [
    {
      "rootNodeId": "74e5d15d-5bc1-49dd-a638-cd9e90add642",
      "messageNodes": [
        {
          "botMessageId": "3b6b9a9c-eb49-4540-b469-372afc77e6dd",
          "nodeType": "BotMessageNode",
          "id": "74e5d15d-5bc1-49dd-a638-cd9e90add642",
          "defaultTargetNodeId": "b1127fa0-37ad-4d41-a721-e3cef93f7016"
        }
      ],
      "dialogChangeNodes": [
        {
          "targetDialogId": "new_topic_e347a2395e634a7880736d574ee58956_aeabea4d071f415c8c107e1cb7af5424_assumedsuccess",
          "nodeType": "DialogChangeNode",
          "id": "b1127fa0-37ad-4d41-a721-e3cef93f7016"
        }
      ],
      "id": "new_topic_7b502e41371a4e309dcc5cb16a6f287b",
      "displayName": "Untitled",
      "createdTime": "2022-12-30T16:37:53.4268999Z",
      "updatedTime": "2022-12-30T16:37:53.4268999Z",
      "createdUserId": "1217587e-94d3-4d46-b9e3-9ad63e50a6a1",
      "updatedUserId": "1217587e-94d3-4d46-b9e3-9ad63e50a6a1"
    }
  ],
  "botMessages": [
    {
      "channelContent": {
        "web": {
          "contentFormat": "Markdown",
          "content": "Para chamar a atenção de alguém numa conversa de canal ou numa conversa, @mencione-os. Basta escrever @ antes do nome e selecioná-los na lista que aparece. Ao utilizar **@equipa** numa conversa, cada membro da equipa recebe um alerta. O tipo de notificação depende da configuração de cada indivíduo.\n\nDica: Também pode mencionar alguém simplesmente digitando o seu nome e escolhendo o seu pseudónimo. Comece por escrever o primeiro nome e, à medida que continuar a escrever, será exibida a pessoa ou uma lista de pessoas correspondentes. Escolha a pessoa que quer @mencionar."
        }
      },
      "id": "3b6b9a9c-eb49-4540-b469-372afc77e6dd",
      "createdTime": "2022-12-30T16:37:17.428Z",
      "updatedTime": "2022-12-30T16:37:17.428Z"
    }
  ]
}