{
  "intents": [
    {
      "triggerQueries": [
        "Quantas pessoas posso adicionar a uma equipa?",
        "Quantos membros pode ter uma equipa?",
        "Qual é o número máximo de membros que posso ter numa equipa?"
      ],
      "dialogId": "new_topic_8ad6af66c8dd4e298eae3e4fea28b33e",
      "isTriggeringEnabled": true,
      "id": "new_topic_8ad6af66c8dd4e298eae3e4fea28b33e",
      "displayName": "Qual é o número máximo de membros que posso ter numa equipa?",
      "createdTime": "2022-12-30T13:49:08.7953969Z",
      "updatedTime": "2022-12-30T13:49:08.7953969Z",
      "createdUserId": "1217587e-94d3-4d46-b9e3-9ad63e50a6a1",
      "updatedUserId": "1217587e-94d3-4d46-b9e3-9ad63e50a6a1"
    }
  ],
  "dialogs": [
    {
      "rootNodeId": "2e10fec2-3fdd-4cd9-a591-bde4f992aa53",
      "messageNodes": [
        {
          "botMessageId": "6d1b25eb-8d52-45f8-b763-0b0f6f55c06a",
          "nodeType": "BotMessageNode",
          "id": "2e10fec2-3fdd-4cd9-a591-bde4f992aa53",
          "defaultTargetNodeId": "aea3d9af-5be8-4255-8eb7-486e6cb3508e"
        }
      ],
      "dialogChangeNodes": [
        {
          "targetDialogId": "new_topic_e347a2395e634a7880736d574ee58956_aeabea4d071f415c8c107e1cb7af5424_assumedsuccess",
          "nodeType": "DialogChangeNode",
          "id": "aea3d9af-5be8-4255-8eb7-486e6cb3508e"
        }
      ],
      "id": "new_topic_8ad6af66c8dd4e298eae3e4fea28b33e",
      "displayName": "Untitled",
      "createdTime": "2022-12-30T13:49:08.7953969Z",
      "updatedTime": "2022-12-30T13:49:08.7953969Z",
      "createdUserId": "1217587e-94d3-4d46-b9e3-9ad63e50a6a1",
      "updatedUserId": "1217587e-94d3-4d46-b9e3-9ad63e50a6a1"
    }
  ],
  "botMessages": [
    {
      "channelContent": {
        "web": {
          "contentFormat": "Markdown",
          "content": "[O número máximo de membros de uma equipa é](https://docs.microsoft.com/en-us/microsoftteams/limits-specifications-teams#teams-and-channels) atualmente de 10.000 pessoas (início de 2021). Clique sempre no link para as últimas notícias, uma vez que o limite pode ter sido aumentado.\n\n_Em 2021,_ o limite _vai aumentar para_ [_25.000 pessoas por equipa_](https://www.microsoft.com/en-us/microsoft-365/roadmap?filters=&searchterms=68723)."
        }
      },
      "id": "6d1b25eb-8d52-45f8-b763-0b0f6f55c06a",
      "createdTime": "2022-12-30T13:48:22.031Z",
      "updatedTime": "2022-12-30T13:48:22.031Z"
    }
  ]
}