{
  "intents": [
    {
      "triggerQueries": [
        "Obter relatório de presenças das reuniões",
        "Como posso saber quem esteve presente nas minhas reuniões?",
        "Posso extrair um relatório de presenças das reuniões?",
        "Posso ter um relatório de presença das reuniões?"
      ],
      "dialogId": "new_topic_2d4f0d131a5e4b7cbb622ce424c33508",
      "isTriggeringEnabled": true,
      "id": "new_topic_2d4f0d131a5e4b7cbb622ce424c33508",
      "displayName": "Posso ter um relatório de presença das reuniões?  ",
      "createdTime": "2023-01-03T12:12:02.5886037Z",
      "updatedTime": "2023-01-03T12:12:10.1975651Z",
      "createdUserId": "1217587e-94d3-4d46-b9e3-9ad63e50a6a1",
      "updatedUserId": "1217587e-94d3-4d46-b9e3-9ad63e50a6a1"
    }
  ],
  "dialogs": [
    {
      "rootNodeId": "6660cccd-f050-46dd-8344-9c62b9934984",
      "messageNodes": [
        {
          "botMessageId": "231828be-a7a6-46ad-ba5b-ae661e2ac6dd",
          "nodeType": "BotMessageNode",
          "id": "6660cccd-f050-46dd-8344-9c62b9934984",
          "defaultTargetNodeId": "bc51aa6d-290c-4b18-be96-37f3af431c53"
        }
      ],
      "dialogChangeNodes": [
        {
          "targetDialogId": "new_topic_e347a2395e634a7880736d574ee58956_aeabea4d071f415c8c107e1cb7af5424_assumedsuccess",
          "nodeType": "DialogChangeNode",
          "id": "bc51aa6d-290c-4b18-be96-37f3af431c53"
        }
      ],
      "id": "new_topic_2d4f0d131a5e4b7cbb622ce424c33508",
      "displayName": "Untitled",
      "createdTime": "2023-01-03T12:12:02.5886037Z",
      "updatedTime": "2023-01-03T12:12:10.1975651Z",
      "createdUserId": "1217587e-94d3-4d46-b9e3-9ad63e50a6a1",
      "updatedUserId": "1217587e-94d3-4d46-b9e3-9ad63e50a6a1"
    }
  ],
  "botMessages": [
    {
      "channelContent": {
        "web": {
          "contentFormat": "Markdown",
          "content": "Os organizadores da reunião podem ver e fazer o download de um relatório de presença de reunião. Encontre este relatório no painel de participantes da reunião, clicando na seta de descarregamento como mostrado abaixo. Pode fazer o download do relatório em .CSV (pode ser aberto no Excel).\n\nConsulte este artigo para mais detalhes: [Relatório de presença de reuniões da Microsoft Teams](https://docs.microsoft.com/en-us/microsoftteams/teams-analytics-and-reports/meeting-attendance-report)"
        }
      },
      "id": "231828be-a7a6-46ad-ba5b-ae661e2ac6dd",
      "createdTime": "2023-01-03T12:11:11.753Z",
      "updatedTime": "2023-01-03T12:11:11.753Z"
    }
  ]
}