{
  "intents": [
    {
      "triggerQueries": [
        "Where can I find digital training on Teams?"
      ],
      "dialogId": "new_topic_6d0c24a045d4438c812a9fb72ddabb23",
      "isTriggeringEnabled": true,
      "id": "new_topic_6d0c24a045d4438c812a9fb72ddabb23",
      "displayName": "Where can I find digital training on Teams?",
      "description": "https://adoptbotv2kb.blob.core.windows.net/%24web/AdoptBot2021-English.docx",
      "createdTime": "2021-01-21T11:36:41.843367Z",
      "updatedTime": "2021-01-21T11:42:33.2619525Z",
      "createdUserId": "aaefd11d-4a6f-43de-b8d1-f4d839285950",
      "updatedUserId": "aaefd11d-4a6f-43de-b8d1-f4d839285950"
    }
  ],
  "dialogs": [
    {
      "rootNodeId": "96840005-bfaf-4048-b235-4500b11ad63b",
      "messageNodes": [
        {
          "botMessageId": "2cbff473-de36-419b-bc7c-9671aaa0307d",
          "nodeType": "BotMessageNode",
          "id": "96840005-bfaf-4048-b235-4500b11ad63b",
          "defaultTargetNodeId": "f6e2547b-b03f-4e5f-b5d2-4552184c4e61"
        }
      ],
      "dialogChangeNodes": [
        {
          "targetDialogId": "new_topic_a96de8db0acd41edb5a2e60fb0d93441_aeabea4d071f415c8c107e1cb7af5424_assumedsuccess",
          "nodeType": "DialogChangeNode",
          "id": "f6e2547b-b03f-4e5f-b5d2-4552184c4e61"
        }
      ],
      "id": "new_topic_6d0c24a045d4438c812a9fb72ddabb23",
      "displayName": "Dialog for Where can I find digital training on Teams?",
      "createdTime": "2021-01-21T11:36:41.843367Z",
      "updatedTime": "2021-01-21T11:36:41.843367Z",
      "createdUserId": "aaefd11d-4a6f-43de-b8d1-f4d839285950",
      "updatedUserId": "aaefd11d-4a6f-43de-b8d1-f4d839285950"
    }
  ],
  "botMessages": [
    {
      "channelContent": {
        "web": {
          "contentFormat": "Markdown",
          "content": "Here you can take advantage of:\r\n\r\n[Video Training for Microsoft Teams](https://support.microsoft.com/en-us/office/microsoft-teams-video-training-4f108e54-240b-4351-8084-b1089f0d21d7?ui=en-US&rs=en-US&ad=US)"
        }
      },
      "id": "2cbff473-de36-419b-bc7c-9671aaa0307d",
      "createdTime": "2021-01-21T11:36:41.843367Z",
      "updatedTime": "2021-01-21T11:36:41.843367Z",
      "createdUserId": "aaefd11d-4a6f-43de-b8d1-f4d839285950",
      "updatedUserId": "aaefd11d-4a6f-43de-b8d1-f4d839285950"
    }
  ],
  "createdUtc": "0001-01-01T00:00:00Z"
}