{
  "intents": [
    {
      "triggerQueries": [
        "Como posso adicionar convidados uma equipa?",
        "Como é que os parceiros externos se juntam a uma equipa?",
        "Como é que os convidados externos se juntam a uma equipa?",
        "Como é que os guests se juntam a uma equipa?",
        "Como é que os convidados se juntam a uma equipa?"
      ],
      "dialogId": "new_topic_735aba6aab354fc9ae7d27281924e52c",
      "isTriggeringEnabled": true,
      "id": "new_topic_735aba6aab354fc9ae7d27281924e52c",
      "displayName": "Como posso adicionar convidados uma equipa?",
      "createdTime": "2023-01-03T12:05:12.5287305Z",
      "updatedTime": "2023-01-03T12:05:33.7789768Z",
      "createdUserId": "1217587e-94d3-4d46-b9e3-9ad63e50a6a1",
      "updatedUserId": "1217587e-94d3-4d46-b9e3-9ad63e50a6a1"
    }
  ],
  "dialogs": [
    {
      "rootNodeId": "de709dfe-9556-4d2c-9eae-e5393de72182",
      "messageNodes": [
        {
          "botMessageId": "dbd0785f-2fcb-41db-90b5-c3049dd94962",
          "nodeType": "BotMessageNode",
          "id": "de709dfe-9556-4d2c-9eae-e5393de72182",
          "defaultTargetNodeId": "2cccac8d-d4e0-48f5-8386-f321dd9193b4"
        }
      ],
      "dialogChangeNodes": [
        {
          "targetDialogId": "new_topic_e347a2395e634a7880736d574ee58956_aeabea4d071f415c8c107e1cb7af5424_assumedsuccess",
          "nodeType": "DialogChangeNode",
          "id": "2cccac8d-d4e0-48f5-8386-f321dd9193b4"
        }
      ],
      "id": "new_topic_735aba6aab354fc9ae7d27281924e52c",
      "displayName": "Untitled",
      "createdTime": "2023-01-03T12:05:12.5287305Z",
      "updatedTime": "2023-01-03T12:05:33.7789768Z",
      "createdUserId": "1217587e-94d3-4d46-b9e3-9ad63e50a6a1",
      "updatedUserId": "1217587e-94d3-4d46-b9e3-9ad63e50a6a1"
    }
  ],
  "botMessages": [
    {
      "channelContent": {
        "web": {
          "contentFormat": "Markdown",
          "content": "Para adicionar um convidado à sua equipa em Equipas:\n\nSelecione Equipas e vá para a equipa na sua lista de equipas. Escolha **Mais opções** > **Adicione membro.** Insira o endereço de e-mail do convidado externo (Guest).\n\nNota: Esta funcionalidade pode estar limitada na sua organização. Em Caso de dúvidas contacte o seu departamento de IT."
        }
      },
      "id": "dbd0785f-2fcb-41db-90b5-c3049dd94962",
      "createdTime": "2023-01-03T12:02:58.885Z",
      "updatedTime": "2023-01-03T12:02:58.885Z"
    }
  ]
}