{
  "intents": [
    {
      "triggerQueries": [
        "Can inactive teams be automatically deleted after a certain number of days or months?"
      ],
      "dialogId": "new_topic_00522cb3c628403d881dcdb67ed4eb02",
      "isTriggeringEnabled": true,
      "id": "new_topic_00522cb3c628403d881dcdb67ed4eb02",
      "displayName": "Can inactive teams be automatically deleted after a certain number of days or months?",
      "description": "https://adoptbotv2kb.blob.core.windows.net/%24web/AdoptBot2021-English.docx",
      "createdTime": "2021-01-21T11:36:41.843367Z",
      "updatedTime": "2021-01-21T11:42:02.2737114Z",
      "createdUserId": "aaefd11d-4a6f-43de-b8d1-f4d839285950",
      "updatedUserId": "aaefd11d-4a6f-43de-b8d1-f4d839285950"
    }
  ],
  "dialogs": [
    {
      "rootNodeId": "8d0bb70e-aa7d-4daa-9c76-13535c7d6cae",
      "messageNodes": [
        {
          "botMessageId": "d597f2a9-6b28-4592-b880-31a8f97d67ed",
          "nodeType": "BotMessageNode",
          "id": "8d0bb70e-aa7d-4daa-9c76-13535c7d6cae",
          "defaultTargetNodeId": "7b9ef29a-25af-45ff-a956-943fe19c6b90"
        }
      ],
      "dialogChangeNodes": [
        {
          "targetDialogId": "new_topic_a96de8db0acd41edb5a2e60fb0d93441_aeabea4d071f415c8c107e1cb7af5424_assumedsuccess",
          "nodeType": "DialogChangeNode",
          "id": "7b9ef29a-25af-45ff-a956-943fe19c6b90"
        }
      ],
      "id": "new_topic_00522cb3c628403d881dcdb67ed4eb02",
      "displayName": "Dialog for Can inactive teams be automatically deleted after a certain number of days or months?",
      "createdTime": "2021-01-21T11:36:41.843367Z",
      "updatedTime": "2021-01-21T11:36:41.843367Z",
      "createdUserId": "aaefd11d-4a6f-43de-b8d1-f4d839285950",
      "updatedUserId": "aaefd11d-4a6f-43de-b8d1-f4d839285950"
    }
  ],
  "botMessages": [
    {
      "channelContent": {
        "web": {
          "contentFormat": "Markdown",
          "content": "Automatic removal of inactive teams can  be managed using Teams’ expiration policy.  It's a great way to clean up inactive teams that aren't in use and it removes clutter\r\n\r\nSee this[article](https://docs.microsoft.com/en-us/microsoftteams/team-expiration-renewal) [about expiration dates](https://docs.microsoft.com/en-us/microsoftteams/team-expiration-renewal) and automatic renewal [of teams](https://docs.microsoft.com/en-us/microsoftteams/team-expiration-renewal)"
        }
      },
      "id": "d597f2a9-6b28-4592-b880-31a8f97d67ed",
      "createdTime": "2021-01-21T11:36:41.843367Z",
      "updatedTime": "2021-01-21T11:36:41.843367Z",
      "createdUserId": "aaefd11d-4a6f-43de-b8d1-f4d839285950",
      "updatedUserId": "aaefd11d-4a6f-43de-b8d1-f4d839285950"
    }
  ],
  "createdUtc": "0001-01-01T00:00:00Z"
}