{
  "intents": [
    {
      "triggerQueries": [
        "How do I view a hidden channel?"
      ],
      "dialogId": "new_topic_981f5091c05a4e9ebc9186aea04769df",
      "isTriggeringEnabled": true,
      "id": "new_topic_981f5091c05a4e9ebc9186aea04769df",
      "displayName": "How do I view a hidden channel?",
      "description": "https://hickweb.blob.core.windows.net/$web/AdoptBot/AdoptBot2022-English.docx",
      "createdTime": "2022-03-02T14:57:19.3356723Z",
      "updatedTime": "2022-03-02T15:00:51.574709Z",
      "createdUserId": "3e27f02e-042d-4f0e-be03-083d03c89917",
      "updatedUserId": "3e27f02e-042d-4f0e-be03-083d03c89917"
    }
  ],
  "dialogs": [
    {
      "rootNodeId": "7b2cac48-be9c-4c83-9b9a-b8004456fdb8",
      "messageNodes": [
        {
          "botMessageId": "3464a255-cd87-4738-9d5f-f47c3adcd778",
          "nodeType": "BotMessageNode",
          "id": "7b2cac48-be9c-4c83-9b9a-b8004456fdb8",
          "defaultTargetNodeId": "5c7436b5-e428-4180-aa49-2d4f3b10acfa"
        }
      ],
      "dialogChangeNodes": [
        {
          "targetDialogId": "new_topic_f3954ff416624052b3434952b36c18d0_aeabea4d071f415c8c107e1cb7af5424_assumedsuccess",
          "nodeType": "DialogChangeNode",
          "id": "5c7436b5-e428-4180-aa49-2d4f3b10acfa"
        }
      ],
      "id": "new_topic_981f5091c05a4e9ebc9186aea04769df",
      "displayName": "How do I view a hidden channel?",
      "createdTime": "2022-03-02T14:57:08.4602637Z",
      "createdUserId": "3e27f02e-042d-4f0e-be03-083d03c89917"
    }
  ],
  "botMessages": [
    {
      "channelContent": {
        "web": {
          "contentFormat": "Markdown",
          "content": "Go to your team’s name and click Hidden Channels. Select Show on any channel you want to see in your channel list."
        }
      },
      "id": "3464a255-cd87-4738-9d5f-f47c3adcd778"
    }
  ]
}