{
  "intents": [
    {
      "triggerQueries": [
        "Os ficheiros do OneDrive podem ser vistos offline?",
        "Posso aceder aos meus ficheiros do OneDrive offline?",
        "Os meus documentos guardados no OneDrive também estão disponíveis offline?"
      ],
      "dialogId": "new_topic_2ad5eab6b39a448e92d1ae386bf992c8",
      "isTriggeringEnabled": true,
      "id": "new_topic_2ad5eab6b39a448e92d1ae386bf992c8",
      "displayName": "Os meus documentos guardados no OneDrive também estão disponíveis offline?",
      "createdTime": "2022-12-30T14:04:46.6412971Z",
      "updatedTime": "2022-12-30T14:04:46.6412971Z",
      "createdUserId": "1217587e-94d3-4d46-b9e3-9ad63e50a6a1",
      "updatedUserId": "1217587e-94d3-4d46-b9e3-9ad63e50a6a1"
    }
  ],
  "dialogs": [
    {
      "rootNodeId": "8404f926-33ba-4484-9713-808012f411d4",
      "messageNodes": [
        {
          "botMessageId": "14da179e-aeb7-470d-816c-08844e679692",
          "nodeType": "BotMessageNode",
          "id": "8404f926-33ba-4484-9713-808012f411d4",
          "defaultTargetNodeId": "6a25b19a-25d8-483b-afc5-ca6ba0402b0a"
        }
      ],
      "dialogChangeNodes": [
        {
          "targetDialogId": "new_topic_e347a2395e634a7880736d574ee58956_aeabea4d071f415c8c107e1cb7af5424_assumedsuccess",
          "nodeType": "DialogChangeNode",
          "id": "6a25b19a-25d8-483b-afc5-ca6ba0402b0a"
        }
      ],
      "id": "new_topic_2ad5eab6b39a448e92d1ae386bf992c8",
      "displayName": "Untitled",
      "createdTime": "2022-12-30T14:04:46.6412971Z",
      "updatedTime": "2022-12-30T14:04:46.6412971Z",
      "createdUserId": "1217587e-94d3-4d46-b9e3-9ad63e50a6a1",
      "updatedUserId": "1217587e-94d3-4d46-b9e3-9ad63e50a6a1"
    }
  ],
  "botMessages": [
    {
      "channelContent": {
        "web": {
          "contentFormat": "Markdown",
          "content": "Se estiver a utilizar o Windows 10, o OneDrive está pré-instalado. Para aceder aos seus documentos quando não estiver ligado à Internet, abra o File Explorer no seu PC e aceda à pasta OneDrive. Quando reconecta, o OneDrive atualiza as versões online com as alterações que fez offline.\n\nVisite [o OneDrive para obter](https://go.microsoft.com/fwlink/p/?LinkID=717896) mais detalhes."
        }
      },
      "id": "14da179e-aeb7-470d-816c-08844e679692",
      "createdTime": "2022-12-30T14:04:13.209Z",
      "updatedTime": "2022-12-30T14:04:13.209Z"
    }
  ]
}