{
  "intents": [
    {
      "triggerQueries": [
        "Como procurar informação no Teams?",
        "Como pesquisar informação no Teams?",
        "Como encontrar informação no Teams?",
        "Como pesquisar no Teams?",
        "Como faço pesquisas no Teams?"
      ],
      "dialogId": "new_topic_62cd0410346b4ecb8908e0481e7be4d8",
      "isTriggeringEnabled": true,
      "id": "new_topic_62cd0410346b4ecb8908e0481e7be4d8",
      "displayName": "Como faço pesquisas no Teams?  ",
      "createdTime": "2023-01-03T12:08:57.1030315Z",
      "updatedTime": "2023-01-03T12:08:57.1030315Z",
      "createdUserId": "1217587e-94d3-4d46-b9e3-9ad63e50a6a1",
      "updatedUserId": "1217587e-94d3-4d46-b9e3-9ad63e50a6a1"
    }
  ],
  "dialogs": [
    {
      "rootNodeId": "971f209c-dfd2-4e5c-b543-d2e83a8cc7a1",
      "messageNodes": [
        {
          "botMessageId": "26b1dc96-b517-4a30-a167-40bcd93fea21",
          "nodeType": "BotMessageNode",
          "id": "971f209c-dfd2-4e5c-b543-d2e83a8cc7a1",
          "defaultTargetNodeId": "178b9a01-1acf-4ef5-9563-aa4c2284bc6f"
        }
      ],
      "dialogChangeNodes": [
        {
          "targetDialogId": "new_topic_e347a2395e634a7880736d574ee58956_aeabea4d071f415c8c107e1cb7af5424_assumedsuccess",
          "nodeType": "DialogChangeNode",
          "id": "178b9a01-1acf-4ef5-9563-aa4c2284bc6f"
        }
      ],
      "id": "new_topic_62cd0410346b4ecb8908e0481e7be4d8",
      "displayName": "Untitled",
      "createdTime": "2023-01-03T12:08:57.1030315Z",
      "updatedTime": "2023-01-03T12:08:57.1030315Z",
      "createdUserId": "1217587e-94d3-4d46-b9e3-9ad63e50a6a1",
      "updatedUserId": "1217587e-94d3-4d46-b9e3-9ad63e50a6a1"
    }
  ],
  "botMessages": [
    {
      "channelContent": {
        "web": {
          "contentFormat": "Markdown",
          "content": "Existem algumas opções de pesquisa e filtragem para ajudá-lo a encontrar mensagens, pessoas, ficheiros e outras informações partilhadas no Teams. Inicie uma pesquisa na caixa de pesquisa no topo da aplicação. Quando escrever uma palavra ou nome, o Teams começará a apresentar sugestões. Clique num dos itens sugeridos ou prima Enter para obter uma lista completa de  resultados. Será conduzido para uma página de resultados de pesquisa. Selecione um dos itens para obter uma visão completa ou use filtros adicionais.\n\nDica: Utilize CTRL+F (CMD+F no macOS) para encontrar mensagens quando estiver em um canal ou chat específico. [Pesquisa de mensagens e muito mais no](https://support.microsoft.com/en-us/office/search-for-messages-and-more-in-teams-4a351520-33f4-42ab-a5ee-5fc0ab88b263) Teams"
        }
      },
      "id": "26b1dc96-b517-4a30-a167-40bcd93fea21",
      "createdTime": "2023-01-03T12:07:52.762Z",
      "updatedTime": "2023-01-03T12:07:52.762Z"
    }
  ]
}