{
  "intents": [
    {
      "intentType": "Regular",
      "triggerQueries": [
        "How do I @mention a channel?"
      ],
      "dialogId": "new_topic_1cce72e659894c27bed802eb0fba2632",
      "isTriggeringEnabled": true,
      "id": "new_topic_1cce72e659894c27bed802eb0fba2632",
      "displayName": "How do I @mention a channel?",
      "description": "https://adoptbotv2kb.blob.core.windows.net/%24web/AdoptBot2021-English.docx",
      "createdTime": "2021-01-21T11:36:41.843367Z",
      "updatedTime": "2021-01-21T11:40:34.7386448Z",
      "createdUserId": "aaefd11d-4a6f-43de-b8d1-f4d839285950",
      "updatedUserId": "aaefd11d-4a6f-43de-b8d1-f4d839285950"
    }
  ],
  "dialogs": [
    {
      "rootNodeId": "f4a38ebc-3986-42e8-9fc3-e5e0c1aaf45b",
      "messageNodes": [
        {
          "botMessageId": "c1a9d227-0fa3-4e51-9826-e6ae0808c3ac",
          "nodeType": "BotMessageNode",
          "id": "f4a38ebc-3986-42e8-9fc3-e5e0c1aaf45b",
          "defaultTargetNodeId": "a86a202d-ab87-435d-b7c7-a2db1acc326e"
        }
      ],
      "dialogChangeNodes": [
        {
          "targetDialogId": "new_topic_a96de8db0acd41edb5a2e60fb0d93441_aeabea4d071f415c8c107e1cb7af5424_assumedsuccess",
          "nodeType": "DialogChangeNode",
          "id": "a86a202d-ab87-435d-b7c7-a2db1acc326e"
        }
      ],
      "id": "new_topic_1cce72e659894c27bed802eb0fba2632",
      "displayName": "Dialog for How do I @mention a channel?",
      "createdTime": "2021-01-21T11:36:41.843367Z",
      "updatedTime": "2021-01-21T11:36:41.843367Z",
      "createdUserId": "aaefd11d-4a6f-43de-b8d1-f4d839285950",
      "updatedUserId": "aaefd11d-4a6f-43de-b8d1-f4d839285950"
    }
  ],
  "botMessages": [
    {
      "channelContent": {
        "web": {
          "contentFormat": "Markdown",
          "content": "To get everyone’s attention in a channel, @mention  the channel.\r\n\r\nJust type @ before the channel name, and then select the channel from the menu that appears. By using @channel name,  each member showing the channel receives a notification.\r\n\r\nThe type of notification depends on each individual’s settings. Use this option sparingly because it’s like using “reply all” in e-mail."
        }
      },
      "id": "c1a9d227-0fa3-4e51-9826-e6ae0808c3ac",
      "createdTime": "2021-01-21T11:36:41.843367Z",
      "updatedTime": "2021-01-21T11:36:41.843367Z",
      "createdUserId": "aaefd11d-4a6f-43de-b8d1-f4d839285950",
      "updatedUserId": "aaefd11d-4a6f-43de-b8d1-f4d839285950"
    }
  ]
}