{
  "intents": [
    {
      "triggerQueries": [
        "Use spotlight to draw the attention of someone during a meeting?"
      ],
      "dialogId": "new_topic_9b9af58c39604f1dbeeee9ab9d144b52",
      "isTriggeringEnabled": true,
      "id": "new_topic_9b9af58c39604f1dbeeee9ab9d144b52",
      "displayName": "Use spotlight to draw the attention of someone during a meeting?",
      "description": "https://adoptbotv2kb.blob.core.windows.net/%24web/AdoptBot2021-English.docx",
      "createdTime": "2021-01-21T11:36:41.843367Z",
      "updatedTime": "2021-01-21T11:42:09.2105959Z",
      "createdUserId": "aaefd11d-4a6f-43de-b8d1-f4d839285950",
      "updatedUserId": "aaefd11d-4a6f-43de-b8d1-f4d839285950"
    }
  ],
  "dialogs": [
    {
      "rootNodeId": "8dfa9d1e-c7bd-4f1e-8974-2cea45dd7669",
      "messageNodes": [
        {
          "botMessageId": "8cf62d9b-9128-4c6e-8685-b6d3e7fadd60",
          "nodeType": "BotMessageNode",
          "id": "8dfa9d1e-c7bd-4f1e-8974-2cea45dd7669",
          "defaultTargetNodeId": "2ee94ae7-15bb-4788-8bce-5fee89268084"
        }
      ],
      "dialogChangeNodes": [
        {
          "targetDialogId": "new_topic_a96de8db0acd41edb5a2e60fb0d93441_aeabea4d071f415c8c107e1cb7af5424_assumedsuccess",
          "nodeType": "DialogChangeNode",
          "id": "2ee94ae7-15bb-4788-8bce-5fee89268084"
        }
      ],
      "id": "new_topic_9b9af58c39604f1dbeeee9ab9d144b52",
      "displayName": "Dialog for Use spotlight to draw the attention of someone during a meeting?",
      "createdTime": "2021-01-21T11:36:41.843367Z",
      "updatedTime": "2021-01-21T11:36:41.843367Z",
      "createdUserId": "aaefd11d-4a6f-43de-b8d1-f4d839285950",
      "updatedUserId": "aaefd11d-4a6f-43de-b8d1-f4d839285950"
    }
  ],
  "botMessages": [
    {
      "channelContent": {
        "web": {
          "contentFormat": "Markdown",
          "content": "Spotlighting someone’s video is like pinning it for everyone in the  meeting.\r\n\r\nIf you're an organizer or presenter, you can choose that all users' video (including your own) should be the main video that participants see.\r\n\r\nThere are two  ways:\r\n\r\n- Right-click the person's video and choose Spotlight from the menu.\r\n- You can also find the name of the person you want to spotlight in the participants pane. Right-click or touch the participant's  name and select Spotlight . When you're ready to exit the spotlight, right-click again and select Exit spotlight ."
        }
      },
      "id": "8cf62d9b-9128-4c6e-8685-b6d3e7fadd60",
      "createdTime": "2021-01-21T11:36:41.843367Z",
      "updatedTime": "2021-01-21T11:36:41.843367Z",
      "createdUserId": "aaefd11d-4a6f-43de-b8d1-f4d839285950",
      "updatedUserId": "aaefd11d-4a6f-43de-b8d1-f4d839285950"
    }
  ],
  "createdUtc": "0001-01-01T00:00:00Z"
}