{
  "intents": [
    {
      "triggerQueries": [
        "Qualquer um pode criar eventos ao vivo?",
        "Qualquer um pode criar live events?",
        "O que é preciso para criar eventos ao vivo?",
        "O que é preciso para criar live events?",
        "Quem pode criar live events?",
        "Quem pode criar eventos ao vivo?"
      ],
      "dialogId": "new_topic_4bc612feff814f238e40af5de89449b3",
      "isTriggeringEnabled": true,
      "id": "new_topic_4bc612feff814f238e40af5de89449b3",
      "displayName": "Quem pode criar eventos ao vivo?",
      "createdTime": "2023-01-03T12:23:18.8778739Z",
      "updatedTime": "2023-01-03T12:23:18.8778739Z",
      "createdUserId": "1217587e-94d3-4d46-b9e3-9ad63e50a6a1",
      "updatedUserId": "1217587e-94d3-4d46-b9e3-9ad63e50a6a1"
    }
  ],
  "dialogs": [
    {
      "rootNodeId": "66d1f45d-f552-4903-a08d-a518a19cbbed",
      "messageNodes": [
        {
          "botMessageId": "90561f90-c4ad-4cc9-9d4b-7112bee04efa",
          "nodeType": "BotMessageNode",
          "id": "66d1f45d-f552-4903-a08d-a518a19cbbed",
          "defaultTargetNodeId": "86a81b26-829d-43ac-bc77-f17db32212ed"
        }
      ],
      "dialogChangeNodes": [
        {
          "targetDialogId": "new_topic_e347a2395e634a7880736d574ee58956_aeabea4d071f415c8c107e1cb7af5424_assumedsuccess",
          "nodeType": "DialogChangeNode",
          "id": "86a81b26-829d-43ac-bc77-f17db32212ed"
        }
      ],
      "id": "new_topic_4bc612feff814f238e40af5de89449b3",
      "displayName": "Untitled",
      "createdTime": "2023-01-03T12:23:18.8778739Z",
      "updatedTime": "2023-01-03T12:23:18.8778739Z",
      "createdUserId": "1217587e-94d3-4d46-b9e3-9ad63e50a6a1",
      "updatedUserId": "1217587e-94d3-4d46-b9e3-9ad63e50a6a1"
    }
  ],
  "botMessages": [
    {
      "channelContent": {
        "web": {
          "contentFormat": "Markdown",
          "content": "**Para criar um evento ao** vivo, uma pessoa precisa de ter o seguinte: Uma licença Microsoft/Office 365 Enterprise E3/A3, ou E5/A5. \n\n_(O seu administrador de TI pode fornecer mais informações)_\n\n**Em seguida, é necessário o seguinte:**\n\n*   Permissão para criar eventos ao vivo nas Equipas da Microsoft no Centro de Administração.\n*   Permissão para criar eventos ao vivo no Microsoft Stream (para eventos produzidos com uma aplicação ou equipamento de transmissão externa).\n*   Membro completo da equipa na organização (não pode ser hóspede ou de outra org).\n*   Agendamento de reuniões privadas, partilha de ecrãs e partilha de vídeos IP, ligado na política de reuniões de equipas.\n\nMais detalhes podem ser encontrados aqui: [Começar com eventos ao vivo da Microsoft Teams](https://support.microsoft.com/en-us/office/get-started-with-microsoft-teams-live-events-d077fec2-a058-483e-9ab5-1494afda578a)"
        }
      },
      "id": "90561f90-c4ad-4cc9-9d4b-7112bee04efa",
      "createdTime": "2023-01-03T12:21:52.884Z",
      "updatedTime": "2023-01-03T12:21:52.884Z"
    }
  ]
}