{
  "intents": [
    {
      "triggerQueries": [
        "Como mudar as configuração de notificação do Teams?",
        "Como posso alterar as notificações do Teams?"
      ],
      "dialogId": "new_topic_70a180b20efa457fa68b6d3ebbf37986",
      "isTriggeringEnabled": true,
      "id": "new_topic_70a180b20efa457fa68b6d3ebbf37986",
      "displayName": "Como posso alterar as notificações do Teams?",
      "createdTime": "2022-12-30T16:42:03.173483Z",
      "updatedTime": "2022-12-30T16:42:03.173483Z",
      "createdUserId": "1217587e-94d3-4d46-b9e3-9ad63e50a6a1",
      "updatedUserId": "1217587e-94d3-4d46-b9e3-9ad63e50a6a1"
    }
  ],
  "dialogs": [
    {
      "rootNodeId": "41614db1-9280-487c-a811-1e0af37b0eae",
      "messageNodes": [
        {
          "botMessageId": "0e6bf7c1-eda5-4754-bc87-b03d2cd41597",
          "nodeType": "BotMessageNode",
          "id": "41614db1-9280-487c-a811-1e0af37b0eae",
          "defaultTargetNodeId": "80381495-e958-4ec6-a7ee-97d615342e48"
        }
      ],
      "dialogChangeNodes": [
        {
          "targetDialogId": "new_topic_e347a2395e634a7880736d574ee58956_aeabea4d071f415c8c107e1cb7af5424_assumedsuccess",
          "nodeType": "DialogChangeNode",
          "id": "80381495-e958-4ec6-a7ee-97d615342e48"
        }
      ],
      "id": "new_topic_70a180b20efa457fa68b6d3ebbf37986",
      "displayName": "Untitled",
      "createdTime": "2022-12-30T16:42:03.173483Z",
      "updatedTime": "2022-12-30T16:42:03.173483Z",
      "createdUserId": "1217587e-94d3-4d46-b9e3-9ad63e50a6a1",
      "updatedUserId": "1217587e-94d3-4d46-b9e3-9ad63e50a6a1"
    }
  ],
  "botMessages": [
    {
      "channelContent": {
        "web": {
          "contentFormat": "Markdown",
          "content": "O Microsoft Teams oferece diferentes formas de aceder, receber e gerir notificações.\n\nEstas definições incluem como, quando e onde as suas notificações aparecem, configurações personalizadas para canais e chat, aparência e sons, desligando mensagens específicas, e assim por diante.\n\nPara gerir as suas notificações, selecione a sua imagem de perfil no canto superior direito das Equipas. Depois selecione Definições > Notificações.\n\nVeja mais sobre [Gerir as suas notificações](https://support.microsoft.com/en-us/office/manage-notifications-in-teams-1cc31834-5fe5-412b-8edb-43fecc78413d#:~:text=%20Manage%20notifications%20in%20Teams%20%201%20Stop,receive%20notifications%20as%20both%20a%20desktop...%20More%20) no Microsoft [Teams](https://support.microsoft.com/en-us/office/manage-notifications-in-teams-1cc31834-5fe5-412b-8edb-43fecc78413d#:~:text=%20Manage%20notifications%20in%20Teams%20%201%20Stop,receive%20notifications%20as%20both%20a%20desktop...%20More%20)."
        }
      },
      "id": "0e6bf7c1-eda5-4754-bc87-b03d2cd41597",
      "createdTime": "2022-12-30T16:41:11.378Z",
      "updatedTime": "2022-12-30T16:41:11.378Z"
    }
  ]
}