{
  "intents": [
    {
      "intentType": "Regular",
      "triggerQueries": [
        "Meeting recording in Teams?"
      ],
      "dialogId": "new_topic_e314c07a63ea4863afe383a260057ea4",
      "isTriggeringEnabled": true,
      "id": "new_topic_e314c07a63ea4863afe383a260057ea4",
      "displayName": "Meeting recording in Teams?",
      "description": "https://adoptbotv2kb.blob.core.windows.net/%24web/AdoptBot2021-English.docx",
      "createdTime": "2021-01-21T11:36:41.843367Z",
      "updatedTime": "2021-01-21T11:41:34.0603585Z",
      "createdUserId": "aaefd11d-4a6f-43de-b8d1-f4d839285950",
      "updatedUserId": "aaefd11d-4a6f-43de-b8d1-f4d839285950"
    }
  ],
  "dialogs": [
    {
      "rootNodeId": "52c29b68-2084-46ed-9f26-97c83171c423",
      "messageNodes": [
        {
          "botMessageId": "cdfe2fa5-81f7-403f-8016-b89d1c9338f2",
          "nodeType": "BotMessageNode",
          "id": "52c29b68-2084-46ed-9f26-97c83171c423",
          "defaultTargetNodeId": "81278ba2-23b7-4737-b2d4-3672380e5c34"
        }
      ],
      "dialogChangeNodes": [
        {
          "targetDialogId": "new_topic_a96de8db0acd41edb5a2e60fb0d93441_aeabea4d071f415c8c107e1cb7af5424_assumedsuccess",
          "nodeType": "DialogChangeNode",
          "id": "81278ba2-23b7-4737-b2d4-3672380e5c34"
        }
      ],
      "id": "new_topic_e314c07a63ea4863afe383a260057ea4",
      "displayName": "Dialog for Meeting recording in Teams?",
      "createdTime": "2021-01-21T11:36:41.843367Z",
      "updatedTime": "2021-01-21T11:36:41.843367Z",
      "createdUserId": "aaefd11d-4a6f-43de-b8d1-f4d839285950",
      "updatedUserId": "aaefd11d-4a6f-43de-b8d1-f4d839285950"
    }
  ],
  "botMessages": [
    {
      "channelContent": {
        "web": {
          "contentFormat": "Markdown",
          "content": "In Microsoft Teams, users can record their Teams meetings and group calls to capture audio, video, and screen sharing activity. There is also an option for recordings to have automatic transcription, so that users can play meeting recordings with subtitles and search for important discussion items in the transcript.\r\n\r\nPlease note! Recordings must be started manually, otherwise nothing is saved in a Teams meeting other than information shared in the chat.\r\n\r\nSee this article for details: [Meeting recording](https://docs.microsoft.com/en-us/microsoftteams/cloud-recording) in Teams"
        }
      },
      "id": "cdfe2fa5-81f7-403f-8016-b89d1c9338f2",
      "createdTime": "2021-01-21T11:36:41.843367Z",
      "updatedTime": "2021-01-21T11:36:41.843367Z",
      "createdUserId": "aaefd11d-4a6f-43de-b8d1-f4d839285950",
      "updatedUserId": "aaefd11d-4a6f-43de-b8d1-f4d839285950"
    }
  ]
}