{
  "intents": [
    {
      "triggerQueries": [
        "Como editar mensagens enviadas?",
        "Posso editar uma mensagem depois de a enviar?",
        "Como edito uma mensagem depois de enviada?"
      ],
      "dialogId": "new_topic_df6d7e795349437c97a8504e5e90760d",
      "isTriggeringEnabled": true,
      "id": "new_topic_df6d7e795349437c97a8504e5e90760d",
      "displayName": "Como edito uma mensagem depois de enviada?",
      "createdTime": "2022-12-30T16:55:30.2031498Z",
      "updatedTime": "2022-12-30T16:55:30.2031498Z",
      "createdUserId": "1217587e-94d3-4d46-b9e3-9ad63e50a6a1",
      "updatedUserId": "1217587e-94d3-4d46-b9e3-9ad63e50a6a1"
    }
  ],
  "dialogs": [
    {
      "rootNodeId": "df799c36-ef21-4ba1-9360-7ca83a2ec721",
      "messageNodes": [
        {
          "botMessageId": "1590dcb7-6993-4240-a3ae-8c55e898f2cb",
          "nodeType": "BotMessageNode",
          "id": "df799c36-ef21-4ba1-9360-7ca83a2ec721",
          "defaultTargetNodeId": "2240d128-8c6f-4970-87f5-292a0ebd1660"
        }
      ],
      "dialogChangeNodes": [
        {
          "targetDialogId": "new_topic_e347a2395e634a7880736d574ee58956_aeabea4d071f415c8c107e1cb7af5424_assumedsuccess",
          "nodeType": "DialogChangeNode",
          "id": "2240d128-8c6f-4970-87f5-292a0ebd1660"
        }
      ],
      "id": "new_topic_df6d7e795349437c97a8504e5e90760d",
      "displayName": "Untitled",
      "createdTime": "2022-12-30T16:55:30.2031498Z",
      "updatedTime": "2022-12-30T16:55:30.2031498Z",
      "createdUserId": "1217587e-94d3-4d46-b9e3-9ad63e50a6a1",
      "updatedUserId": "1217587e-94d3-4d46-b9e3-9ad63e50a6a1"
    }
  ],
  "botMessages": [
    {
      "channelContent": {
        "web": {
          "contentFormat": "Markdown",
          "content": "Pode editar todas as mensagens que tenha enviado para um chat ou canal. Vá à mensagem e selecione **Mais opções** > **Editar.** Faça alterações na sua mensagem e, em seguida, prima Enter para guardar a atualização. Não há limite para o número de vezes que pode fazer alterações a uma mensagem enviada.\n\n_Nota: Algumas organizações ou algumas equipas podem ter desativado esta opção._"
        }
      },
      "id": "1590dcb7-6993-4240-a3ae-8c55e898f2cb",
      "createdTime": "2022-12-30T16:54:49.654Z",
      "updatedTime": "2022-12-30T16:54:49.654Z"
    }
  ]
}