{
  "intents": [
    {
      "triggerQueries": [
        "Como dar foco a uma pessoa em uma reunião de Teams?",
        "Como chamar a atenção a alguma pessoa numa reuniào de Teams?",
        "Como utilizar o Spotlight nas reuniões de Teams?",
        "Para que serve o Spotlight nas reuniões de Teams?",
        "Como utilizar o Spotlight para chamar a atenção a alguém durante uma reunião?"
      ],
      "dialogId": "new_topic_f8aa59a83b69429aa3f20fed2b22a70d",
      "isTriggeringEnabled": true,
      "id": "new_topic_f8aa59a83b69429aa3f20fed2b22a70d",
      "displayName": "Como utilizar o Spotlight nas reuniões de Teams?",
      "createdTime": "2023-01-03T12:21:41.2606333Z",
      "updatedTime": "2023-01-03T12:21:41.2606333Z",
      "createdUserId": "1217587e-94d3-4d46-b9e3-9ad63e50a6a1",
      "updatedUserId": "1217587e-94d3-4d46-b9e3-9ad63e50a6a1"
    }
  ],
  "dialogs": [
    {
      "rootNodeId": "c27ca141-714e-4dc2-9ccd-55e1b9104c55",
      "messageNodes": [
        {
          "botMessageId": "7671ac54-1ff6-433b-ac17-9b9659a31cd8",
          "nodeType": "BotMessageNode",
          "id": "c27ca141-714e-4dc2-9ccd-55e1b9104c55",
          "defaultTargetNodeId": "06112a6e-7bb8-4cf8-b69d-377e72b4288c"
        }
      ],
      "dialogChangeNodes": [
        {
          "targetDialogId": "new_topic_e347a2395e634a7880736d574ee58956_aeabea4d071f415c8c107e1cb7af5424_assumedsuccess",
          "nodeType": "DialogChangeNode",
          "id": "06112a6e-7bb8-4cf8-b69d-377e72b4288c"
        }
      ],
      "id": "new_topic_f8aa59a83b69429aa3f20fed2b22a70d",
      "displayName": "Untitled",
      "createdTime": "2023-01-03T12:21:41.2606333Z",
      "updatedTime": "2023-01-03T12:21:41.2606333Z",
      "createdUserId": "1217587e-94d3-4d46-b9e3-9ad63e50a6a1",
      "updatedUserId": "1217587e-94d3-4d46-b9e3-9ad63e50a6a1"
    }
  ],
  "botMessages": [
    {
      "channelContent": {
        "web": {
          "contentFormat": "Markdown",
          "content": "Spotlight do vídeo de alguém é como afixá-lo para todos na reunião.\n\nSe for um organizador ou apresentador, pode escolher que o vídeo de qualquer um dos utilizadores (incluindo o seu) deve ser o vídeo principal que os participantes veem.\n\nHá duas maneiras:\n\n*   Clique com o botão direito no vídeo da pessoa e escolha **Spotlight** no menu.\n*   Também pode encontrar o nome da pessoa que pretende destacar no painel de participantes. Clique com o botão direito ou toque no nome do participante e selecione **Spotlight**. Quando estiver pronto para sair dos holofotes, clique com o botão direito novamente e selecione **Remove Spotlight**."
        }
      },
      "id": "7671ac54-1ff6-433b-ac17-9b9659a31cd8",
      "createdTime": "2023-01-03T12:20:06.712Z",
      "updatedTime": "2023-01-03T12:20:06.712Z"
    }
  ]
}