{
  "intents": [
    {
      "triggerQueries": [
        "What are apps in Teams and why should I use them?"
      ],
      "dialogId": "new_topic_52eb162b71d247528fd580c2c8d34fee",
      "isTriggeringEnabled": true,
      "id": "new_topic_52eb162b71d247528fd580c2c8d34fee",
      "displayName": "What are apps in Teams and why should I use them?",
      "description": "https://adoptbotv2kb.blob.core.windows.net/%24web/AdoptBot2021-English.docx",
      "createdTime": "2021-01-21T11:36:41.8423699Z",
      "updatedTime": "2021-01-21T11:43:55.1632427Z",
      "createdUserId": "aaefd11d-4a6f-43de-b8d1-f4d839285950",
      "updatedUserId": "aaefd11d-4a6f-43de-b8d1-f4d839285950"
    }
  ],
  "dialogs": [
    {
      "rootNodeId": "082242f8-4ce0-4667-b0f5-e4d10f1f6e28",
      "messageNodes": [
        {
          "botMessageId": "77c4fd83-7e71-4ab8-9395-3d9902360b0e",
          "nodeType": "BotMessageNode",
          "id": "082242f8-4ce0-4667-b0f5-e4d10f1f6e28",
          "defaultTargetNodeId": "43fc7cae-d695-419e-8854-a910985aea9e"
        }
      ],
      "dialogChangeNodes": [
        {
          "targetDialogId": "new_topic_a96de8db0acd41edb5a2e60fb0d93441_aeabea4d071f415c8c107e1cb7af5424_assumedsuccess",
          "nodeType": "DialogChangeNode",
          "id": "43fc7cae-d695-419e-8854-a910985aea9e"
        }
      ],
      "id": "new_topic_52eb162b71d247528fd580c2c8d34fee",
      "displayName": "Dialog for What are apps in Teams and why should I use them?",
      "createdTime": "2021-01-21T11:36:41.8423699Z",
      "updatedTime": "2021-01-21T11:36:41.8423699Z",
      "createdUserId": "aaefd11d-4a6f-43de-b8d1-f4d839285950",
      "updatedUserId": "aaefd11d-4a6f-43de-b8d1-f4d839285950"
    }
  ],
  "botMessages": [
    {
      "channelContent": {
        "web": {
          "contentFormat": "Markdown",
          "content": "Apps help you find content from your favorite services and share it right in Teams. Here’s how:\r\n\r\nChat with a bot\r\n\r\nBots provide answers, updates, and assistance in a channel. You can chat with them to get help with task management, scheduling, and more.\r\n\r\nShare content on a tab\r\n\r\nTabs help you share content and functionality from a service in a channel. Connect to services like Excel, SharePoint, Zendesk, or a website of your choice.\r\n\r\nGet updates from a connector\r\n\r\nConnectors send updates and information directly to a channel. Get automatic updates from services like Twitter, RSS feeds, and GitHub.\r\n\r\nAdd rich content to your messages\r\n\r\nThese apps find content from different services and send it straight to a message. You can share things like weather reports, daily news, images, and videos with anyone you're talking to.\r\n\r\nGet or make an app\r\n\r\nGo to the Store to [add a bot, tab, connector, or messaging app](https://support.microsoft.com/en-us/office/add-an-app-to-microsoft-teams-b2217706-f7ed-4e64-8e96-c413afd02f77) to Teams. If you're interested, you can even [build your own custom app](https://aka.ms/microsoftteamsplatform) ."
        }
      },
      "id": "77c4fd83-7e71-4ab8-9395-3d9902360b0e",
      "createdTime": "2021-01-21T11:36:41.8423699Z",
      "updatedTime": "2021-01-21T11:36:41.8423699Z",
      "createdUserId": "aaefd11d-4a6f-43de-b8d1-f4d839285950",
      "updatedUserId": "aaefd11d-4a6f-43de-b8d1-f4d839285950"
    }
  ],
  "createdUtc": "0001-01-01T00:00:00Z"
}