{
  "intents": [
    {
      "triggerQueries": [
        "Como funciona o OneDrive?",
        "Pra que serve o OneDrive?",
        "O que é OneDrive?"
      ],
      "dialogId": "new_topic_e420fccc79e64c648a66bc95ff302b3a",
      "isTriggeringEnabled": true,
      "id": "new_topic_e420fccc79e64c648a66bc95ff302b3a",
      "displayName": "O que é OneDrive?",
      "createdTime": "2022-12-30T14:03:05.6672283Z",
      "updatedTime": "2022-12-30T14:03:05.6672283Z",
      "createdUserId": "1217587e-94d3-4d46-b9e3-9ad63e50a6a1",
      "updatedUserId": "1217587e-94d3-4d46-b9e3-9ad63e50a6a1"
    }
  ],
  "dialogs": [
    {
      "rootNodeId": "95701da4-3a9c-4f9e-ab4d-d32935cb34d7",
      "messageNodes": [
        {
          "botMessageId": "227866b4-7bb0-4630-a4ab-c176269efccf",
          "nodeType": "BotMessageNode",
          "id": "95701da4-3a9c-4f9e-ab4d-d32935cb34d7",
          "defaultTargetNodeId": "7048155f-2118-40f6-ba3c-3cdfee46655b"
        }
      ],
      "dialogChangeNodes": [
        {
          "targetDialogId": "new_topic_e347a2395e634a7880736d574ee58956_aeabea4d071f415c8c107e1cb7af5424_assumedsuccess",
          "nodeType": "DialogChangeNode",
          "id": "7048155f-2118-40f6-ba3c-3cdfee46655b"
        }
      ],
      "id": "new_topic_e420fccc79e64c648a66bc95ff302b3a",
      "displayName": "Untitled",
      "createdTime": "2022-12-30T14:03:05.6672283Z",
      "updatedTime": "2022-12-30T14:03:05.6672283Z",
      "createdUserId": "1217587e-94d3-4d46-b9e3-9ad63e50a6a1",
      "updatedUserId": "1217587e-94d3-4d46-b9e3-9ad63e50a6a1"
    }
  ],
  "botMessages": [
    {
      "channelContent": {
        "web": {
          "contentFormat": "Markdown",
          "content": "O OneDrive é um serviço de armazenamento online que pode utilizar para armazenar documentos, notas, fotos, música, vídeos ou outros tipos de ficheiros. Com o OneDrive pode aceder aos seus ficheiros a partir de qualquer dispositivo, podendo partilhá-los com outras pessoas."
        }
      },
      "id": "227866b4-7bb0-4630-a4ab-c176269efccf",
      "createdTime": "2022-12-30T14:02:43.323Z",
      "updatedTime": "2022-12-30T14:02:43.323Z"
    }
  ]
}