{
  "intents": [
    {
      "triggerQueries": [
        "Posso controlar quem pode participar em um evento ao vivo?",
        "Posso controlar quem pode participar em um live event?",
        "Qualquer um pode participar em eventos ao vivo?",
        "Qualquer um pode participar em live events?",
        "Quem pode participar em live events?",
        "Quem pode participar em eventos ao vivo?"
      ],
      "dialogId": "new_topic_586608f9a059416aabb2e073edd89125",
      "isTriggeringEnabled": true,
      "id": "new_topic_586608f9a059416aabb2e073edd89125",
      "displayName": "Quem pode participar em eventos ao vivo?",
      "createdTime": "2023-01-03T12:26:40.2693714Z",
      "updatedTime": "2023-01-03T12:26:40.2693714Z",
      "createdUserId": "1217587e-94d3-4d46-b9e3-9ad63e50a6a1",
      "updatedUserId": "1217587e-94d3-4d46-b9e3-9ad63e50a6a1"
    }
  ],
  "dialogs": [
    {
      "rootNodeId": "e036a9ae-db7d-4d48-9a57-9b68c3902e95",
      "messageNodes": [
        {
          "botMessageId": "e22b717e-9cc1-43bb-955c-11796ed43a11",
          "nodeType": "BotMessageNode",
          "id": "e036a9ae-db7d-4d48-9a57-9b68c3902e95",
          "defaultTargetNodeId": "afd394db-9df9-49ef-94cd-adf9b843a0c4"
        }
      ],
      "dialogChangeNodes": [
        {
          "targetDialogId": "new_topic_e347a2395e634a7880736d574ee58956_aeabea4d071f415c8c107e1cb7af5424_assumedsuccess",
          "nodeType": "DialogChangeNode",
          "id": "afd394db-9df9-49ef-94cd-adf9b843a0c4"
        }
      ],
      "id": "new_topic_586608f9a059416aabb2e073edd89125",
      "displayName": "Untitled",
      "createdTime": "2023-01-03T12:26:40.2693714Z",
      "updatedTime": "2023-01-03T12:26:40.2693714Z",
      "createdUserId": "1217587e-94d3-4d46-b9e3-9ad63e50a6a1",
      "updatedUserId": "1217587e-94d3-4d46-b9e3-9ad63e50a6a1"
    }
  ],
  "botMessages": [
    {
      "channelContent": {
        "web": {
          "contentFormat": "Markdown",
          "content": "**Eventos públicos:**\n\nSe um evento for público, qualquer pessoa com o link pode participar sem fazer login.\n\n**Eventos privados:**\n\nSe a presença se limitar à sua organização ou a pessoas e grupos específicos, os participantes devem fazer login para participar. Se o evento for produzido externamente, precisarão de uma licença que inclua o Microsoft Stream.\n\nPara mais detalhes, consulte [Aprenda a trabalhar com os eventos ao vivo do Microsoft Teams](https://support.microsoft.com/en-us/office/get-started-with-microsoft-teams-live-events-d077fec2-a058-483e-9ab5-1494afda578a)."
        }
      },
      "id": "e22b717e-9cc1-43bb-955c-11796ed43a11",
      "createdTime": "2023-01-03T12:23:30.524Z",
      "updatedTime": "2023-01-03T12:23:30.524Z"
    }
  ]
}