{
  "intents": [
    {
      "intentType": "Regular",
      "triggerQueries": [
        "How do I add a member to a team?"
      ],
      "dialogId": "new_topic_cd13f7cb80054f44bdc0e3d0ed8afbfc",
      "isTriggeringEnabled": true,
      "id": "new_topic_cd13f7cb80054f44bdc0e3d0ed8afbfc",
      "displayName": "How do I add a member to a team?",
      "description": "https://adoptbotv2kb.blob.core.windows.net/%24web/AdoptBot2021-English.docx",
      "createdTime": "2021-01-21T11:36:41.8423699Z",
      "updatedTime": "2021-01-21T11:43:24.231948Z",
      "createdUserId": "aaefd11d-4a6f-43de-b8d1-f4d839285950",
      "updatedUserId": "aaefd11d-4a6f-43de-b8d1-f4d839285950"
    }
  ],
  "dialogs": [
    {
      "rootNodeId": "e999a6a2-db8f-4ecd-bca5-74bf167a7696",
      "messageNodes": [
        {
          "botMessageId": "6d2383bd-5ca7-4cd1-b1ed-f5f150a23cf9",
          "nodeType": "BotMessageNode",
          "id": "e999a6a2-db8f-4ecd-bca5-74bf167a7696",
          "defaultTargetNodeId": "d2db2665-294d-4791-91a7-e4f648caf03b"
        }
      ],
      "dialogChangeNodes": [
        {
          "targetDialogId": "new_topic_a96de8db0acd41edb5a2e60fb0d93441_aeabea4d071f415c8c107e1cb7af5424_assumedsuccess",
          "nodeType": "DialogChangeNode",
          "id": "d2db2665-294d-4791-91a7-e4f648caf03b"
        }
      ],
      "id": "new_topic_cd13f7cb80054f44bdc0e3d0ed8afbfc",
      "displayName": "Dialog for How do I add a member to a team?",
      "createdTime": "2021-01-21T11:36:41.8423699Z",
      "updatedTime": "2021-01-21T11:36:41.8423699Z",
      "createdUserId": "aaefd11d-4a6f-43de-b8d1-f4d839285950",
      "updatedUserId": "aaefd11d-4a6f-43de-b8d1-f4d839285950"
    }
  ],
  "botMessages": [
    {
      "channelContent": {
        "web": {
          "contentFormat": "Markdown",
          "content": "If you're a team owner, go to the team name and click More Options, and then click AddMembers . This is also where you can  [invite guests](https://support.microsoft.com/en-us/office/add-guests-to-a-team-in-teams-fccb4fa6-f864-4508-bdde-256e7384a14f) outside your organization to join your team. To add multiple people, type the name of a contact group (alsoknown\r\n\r\nas  “distribution list\"), security group, or Microsoft 365 group."
        }
      },
      "id": "6d2383bd-5ca7-4cd1-b1ed-f5f150a23cf9",
      "createdTime": "2021-01-21T11:36:41.8423699Z",
      "updatedTime": "2021-01-21T11:36:41.8423699Z",
      "createdUserId": "aaefd11d-4a6f-43de-b8d1-f4d839285950",
      "updatedUserId": "aaefd11d-4a6f-43de-b8d1-f4d839285950"
    }
  ]
}