{
  "intents": [
    {
      "triggerQueries": [
        "Posso partilhar um email no Teams?",
        "Posso enviar um email para uma equipa do Teams?",
        "Como envio um e-mail para um canal de uma equipa?"
      ],
      "dialogId": "new_topic_58c49bcbc31241eca58ce45217b0a348",
      "isTriggeringEnabled": true,
      "id": "new_topic_58c49bcbc31241eca58ce45217b0a348",
      "displayName": "Como envio um e-mail para um canal de uma equipa?",
      "createdTime": "2022-12-30T16:26:45.8359794Z",
      "updatedTime": "2022-12-30T16:26:45.8359794Z",
      "createdUserId": "1217587e-94d3-4d46-b9e3-9ad63e50a6a1",
      "updatedUserId": "1217587e-94d3-4d46-b9e3-9ad63e50a6a1"
    }
  ],
  "dialogs": [
    {
      "rootNodeId": "2096c454-2c50-4976-9160-4ecc02191f72",
      "messageNodes": [
        {
          "botMessageId": "0fe51486-bb7a-43a1-8e90-61b518ff86e3",
          "nodeType": "BotMessageNode",
          "id": "2096c454-2c50-4976-9160-4ecc02191f72",
          "defaultTargetNodeId": "cea55340-bcc4-48f8-a19d-64ebe5497323"
        }
      ],
      "dialogChangeNodes": [
        {
          "targetDialogId": "new_topic_e347a2395e634a7880736d574ee58956_aeabea4d071f415c8c107e1cb7af5424_assumedsuccess",
          "nodeType": "DialogChangeNode",
          "id": "cea55340-bcc4-48f8-a19d-64ebe5497323"
        }
      ],
      "id": "new_topic_58c49bcbc31241eca58ce45217b0a348",
      "displayName": "Untitled",
      "createdTime": "2022-12-30T16:26:45.8359794Z",
      "updatedTime": "2022-12-30T16:26:45.8359794Z",
      "createdUserId": "1217587e-94d3-4d46-b9e3-9ad63e50a6a1",
      "updatedUserId": "1217587e-94d3-4d46-b9e3-9ad63e50a6a1"
    }
  ],
  "botMessages": [
    {
      "channelContent": {
        "web": {
          "contentFormat": "Markdown",
          "content": "**Melhor ainda:** Selecione o botão \"Partilhar para Equipas\", que permitirá partilhar diretamente a partir de uma mensagem no seu Outlook.\n\n**Se não tiver este botão:**\n\nCada canal tem um endereço de e-mail e pode [enviar e-mails diretamente para uma Equipa ou canal.](https://support.microsoft.com/en-us/office/skicka-e-post-till-en-kanal-i-teams-d91db004-d9d7-4a47-82e6-fb1b16dfd51e?ui=en-us&rs=en-us&ad=se) Para isso, encontre o canal para o qual gostaria de enviar, selecione **Mais opções** e selecione **Obter endereço de e-mail.**\n\nNo Outlook, reencaminha o seu e-mail para o endereço de e-mail do canal. Verá o e-mail no canal para o qual o envia. Os anexos associados ao e-mail partilhado com o canal, serão extraídos e guardados no separador ficheiro.\n\n**Dica:** Pode guardar o endereço de e-mail do seu canal no Outlook para encaminhar rapidamente todos os e-mails recebidos."
        }
      },
      "id": "0fe51486-bb7a-43a1-8e90-61b518ff86e3",
      "createdTime": "2022-12-30T16:26:16.612Z",
      "updatedTime": "2022-12-30T16:26:16.612Z"
    }
  ]
}