{
  "intents": [
    {
      "triggerQueries": [
        "What does it mean to be @mentioned?"
      ],
      "dialogId": "new_topic_6f44e2807f214779b0f17d41f60c20b2",
      "isTriggeringEnabled": true,
      "id": "new_topic_6f44e2807f214779b0f17d41f60c20b2",
      "displayName": "What does it mean to be @mentioned?",
      "description": "https://adoptbotv2kb.blob.core.windows.net/%24web/AdoptBot2021-English.docx",
      "createdTime": "2021-01-21T11:36:41.8423699Z",
      "updatedTime": "2021-01-21T11:43:22.4675713Z",
      "createdUserId": "aaefd11d-4a6f-43de-b8d1-f4d839285950",
      "updatedUserId": "aaefd11d-4a6f-43de-b8d1-f4d839285950"
    }
  ],
  "dialogs": [
    {
      "rootNodeId": "2acc5b7a-7cdc-48f0-8243-23a9dd20b1f8",
      "messageNodes": [
        {
          "botMessageId": "9f25b4ad-574f-4809-88bd-12e412dca6bf",
          "nodeType": "BotMessageNode",
          "id": "2acc5b7a-7cdc-48f0-8243-23a9dd20b1f8",
          "defaultTargetNodeId": "aa6a4798-7706-4aca-82ed-5ac3f7ecdc6a"
        }
      ],
      "dialogChangeNodes": [
        {
          "targetDialogId": "new_topic_a96de8db0acd41edb5a2e60fb0d93441_aeabea4d071f415c8c107e1cb7af5424_assumedsuccess",
          "nodeType": "DialogChangeNode",
          "id": "aa6a4798-7706-4aca-82ed-5ac3f7ecdc6a"
        }
      ],
      "id": "new_topic_6f44e2807f214779b0f17d41f60c20b2",
      "displayName": "Dialog for What does it mean to be @mentioned?",
      "createdTime": "2021-01-21T11:36:41.8423699Z",
      "updatedTime": "2021-01-21T11:36:41.8423699Z",
      "createdUserId": "aaefd11d-4a6f-43de-b8d1-f4d839285950",
      "updatedUserId": "aaefd11d-4a6f-43de-b8d1-f4d839285950"
    }
  ],
  "botMessages": [
    {
      "channelContent": {
        "web": {
          "contentFormat": "Markdown",
          "content": "Being @mentioned  is like a gentle tap on your shoulder , a way to get your attention in a channel conversation or chat.\r\n\r\nWhen someone @mentions you, you get a notification in your Activity feed, and you also see a number next to the channel or chat you were @mentioned in. Click the notification to go directly to the point in the conversation where they mentioned you.\r\n\r\nIf you ever feel a little overwhelmed by all your @mentions, you can always [filter your Activity feed](https://support.microsoft.com/en-us/office/explore-the-activity-feed-in-teams-91c635a1-644a-4c60-9c98-233db3e13a56) to help sort them out.\r\n\r\nTo @mention someone, just type ‘@’ in the compose box and select their name from the menu that appears."
        }
      },
      "id": "9f25b4ad-574f-4809-88bd-12e412dca6bf",
      "createdTime": "2021-01-21T11:36:41.8423699Z",
      "updatedTime": "2021-01-21T11:36:41.8423699Z",
      "createdUserId": "aaefd11d-4a6f-43de-b8d1-f4d839285950",
      "updatedUserId": "aaefd11d-4a6f-43de-b8d1-f4d839285950"
    }
  ],
  "createdUtc": "0001-01-01T00:00:00Z"
}