{
  "intents": [
    {
      "triggerQueries": [
        "Is accessibility support available in Teams?"
      ],
      "dialogId": "new_topic_853b4c7dbd834cf5a127f8c8a591c7c9",
      "isTriggeringEnabled": true,
      "id": "new_topic_853b4c7dbd834cf5a127f8c8a591c7c9",
      "displayName": "Is accessibility support available in Teams?",
      "description": "https://hickweb.blob.core.windows.net/$web/AdoptBot/AdoptBot2022-English.docx",
      "createdTime": "2022-03-02T14:57:19.3513008Z",
      "updatedTime": "2022-03-02T14:59:16.0764264Z",
      "createdUserId": "3e27f02e-042d-4f0e-be03-083d03c89917",
      "updatedUserId": "3e27f02e-042d-4f0e-be03-083d03c89917"
    }
  ],
  "dialogs": [
    {
      "rootNodeId": "2274e96c-5894-4878-a889-35b0eb0ca76e",
      "messageNodes": [
        {
          "botMessageId": "cb68b9e0-5464-4873-b64d-be89aaf4d663",
          "nodeType": "BotMessageNode",
          "id": "2274e96c-5894-4878-a889-35b0eb0ca76e",
          "defaultTargetNodeId": "c0ab1111-6d4b-4165-82ca-907c85c2c71a"
        }
      ],
      "dialogChangeNodes": [
        {
          "targetDialogId": "new_topic_f3954ff416624052b3434952b36c18d0_aeabea4d071f415c8c107e1cb7af5424_assumedsuccess",
          "nodeType": "DialogChangeNode",
          "id": "c0ab1111-6d4b-4165-82ca-907c85c2c71a"
        }
      ],
      "id": "new_topic_853b4c7dbd834cf5a127f8c8a591c7c9",
      "displayName": "Is accessibility support available in Teams?",
      "createdTime": "2022-03-02T14:57:08.4602637Z",
      "createdUserId": "3e27f02e-042d-4f0e-be03-083d03c89917"
    }
  ],
  "botMessages": [
    {
      "channelContent": {
        "web": {
          "contentFormat": "Markdown",
          "content": "Teams provides accessibility and support for everyone to meet, chat, and collaborate inclusively with Teams. [Here you'll find an updated accessibility overview of Teams](https://support.microsoft.com/en-us/office/%C3%B6versikt-%C3%B6ver-hj%C3%A4lpmedel-i-microsoft-teams-2d4009e7-1300-4766-87e8-7a217496c3d5) .\r\n\r\nOne fantastic example is the [Immersive Reader in Teams](https://support.microsoft.com/en-us/office/anv%C3%A4nda-avancerad-l%C3%A4sare-i-microsoft-teams-a700c0d0-bc53-4696-a94d-4fbc86ac7a9a) .\r\n\r\nIf you wish to have text read aloud or speak a different language, you can make text in Teams suit your needs. Color, shape, size can all be adapted to your preferences, which for example makes it easier for people with dyslexia and learning disabilities.\r\n\r\nPicture dictionary, line focus and word classes are also available for visual support.\r\n\r\nOn any message in Teams, click More options“...” and select Immersive Reader ."
        }
      },
      "id": "cb68b9e0-5464-4873-b64d-be89aaf4d663"
    }
  ]
}