{
  "intents": [
    {
      "triggerQueries": [
        "How do I open a file in SharePoint from Teams?"
      ],
      "dialogId": "new_topic_e70da4199767475cbf049d22dc47aa78",
      "isTriggeringEnabled": true,
      "id": "new_topic_e70da4199767475cbf049d22dc47aa78",
      "displayName": "How do I open a file in SharePoint from Teams?",
      "description": "https://hickweb.blob.core.windows.net/$web/AdoptBot/AdoptBot2022-English.docx",
      "createdTime": "2022-03-02T14:57:19.3513008Z",
      "updatedTime": "2022-03-02T14:58:09.1285236Z",
      "createdUserId": "3e27f02e-042d-4f0e-be03-083d03c89917",
      "updatedUserId": "3e27f02e-042d-4f0e-be03-083d03c89917"
    }
  ],
  "dialogs": [
    {
      "rootNodeId": "8b9f6fe7-d58c-4d06-adaa-ace4797abdf8",
      "messageNodes": [
        {
          "botMessageId": "bada380d-0340-4580-8982-fd9abe724a24",
          "nodeType": "BotMessageNode",
          "id": "8b9f6fe7-d58c-4d06-adaa-ace4797abdf8",
          "defaultTargetNodeId": "f23b975c-f9d0-467e-8c28-8f3516fa8ee8"
        }
      ],
      "dialogChangeNodes": [
        {
          "targetDialogId": "new_topic_f3954ff416624052b3434952b36c18d0_aeabea4d071f415c8c107e1cb7af5424_assumedsuccess",
          "nodeType": "DialogChangeNode",
          "id": "f23b975c-f9d0-467e-8c28-8f3516fa8ee8"
        }
      ],
      "id": "new_topic_e70da4199767475cbf049d22dc47aa78",
      "displayName": "How do I open a file in SharePoint from Teams?",
      "createdTime": "2022-03-02T14:57:08.4602637Z",
      "createdUserId": "3e27f02e-042d-4f0e-be03-083d03c89917"
    }
  ],
  "botMessages": [
    {
      "channelContent": {
        "web": {
          "contentFormat": "Markdown",
          "content": "If you select \"Open in SharePoint\" from the document options in Teams, you'll get additional ways to manage your document:\r\n\r\n- Find and open previous versions of a document using document history features.\r\n- Sync to OneDrive for Business using the OneDrive sync client to view the Teams document libraries in File Explorer.\r\n- View and manage who has access to your document.\r\n\r\n\r\nTip:\r\n\r\nAvoid making changes to files or folders in the SharePoint view.  If possible,  do this directly in  Teams."
        }
      },
      "id": "bada380d-0340-4580-8982-fd9abe724a24"
    }
  ]
}