{
  "intents": [
    {
      "triggerQueries": [
        "How do I change my team picture?"
      ],
      "dialogId": "new_topic_4aed9f7f96c7496a9fbb654364fc5f37",
      "isTriggeringEnabled": true,
      "id": "new_topic_4aed9f7f96c7496a9fbb654364fc5f37",
      "displayName": "How do I change my team picture?",
      "description": "https://adoptbotv2kb.blob.core.windows.net/%24web/AdoptBot2021-English.docx",
      "createdTime": "2021-01-21T11:36:41.843367Z",
      "updatedTime": "2021-01-21T11:39:19.9900791Z",
      "createdUserId": "aaefd11d-4a6f-43de-b8d1-f4d839285950",
      "updatedUserId": "aaefd11d-4a6f-43de-b8d1-f4d839285950"
    }
  ],
  "dialogs": [
    {
      "rootNodeId": "ac77e923-8fef-496c-88a8-93b6f5ac9242",
      "messageNodes": [
        {
          "botMessageId": "76dd0e19-afe6-44f2-b3ea-d7ea1fdfb8c4",
          "nodeType": "BotMessageNode",
          "id": "ac77e923-8fef-496c-88a8-93b6f5ac9242",
          "defaultTargetNodeId": "e035ce22-d886-48b7-8b7d-5c4ed8d83904"
        }
      ],
      "dialogChangeNodes": [
        {
          "targetDialogId": "new_topic_a96de8db0acd41edb5a2e60fb0d93441_aeabea4d071f415c8c107e1cb7af5424_assumedsuccess",
          "nodeType": "DialogChangeNode",
          "id": "e035ce22-d886-48b7-8b7d-5c4ed8d83904"
        }
      ],
      "id": "new_topic_4aed9f7f96c7496a9fbb654364fc5f37",
      "displayName": "Dialog for How do I change my team picture?",
      "createdTime": "2021-01-21T11:36:41.843367Z",
      "updatedTime": "2021-01-21T11:36:41.843367Z",
      "createdUserId": "aaefd11d-4a6f-43de-b8d1-f4d839285950",
      "updatedUserId": "aaefd11d-4a6f-43de-b8d1-f4d839285950"
    }
  ],
  "botMessages": [
    {
      "channelContent": {
        "web": {
          "contentFormat": "Markdown",
          "content": "Go to the team name and click More options &gt; Manage team . In the Settings tab, click Team picture &gt; Change Picture."
        }
      },
      "id": "76dd0e19-afe6-44f2-b3ea-d7ea1fdfb8c4",
      "createdTime": "2021-01-21T11:36:41.843367Z",
      "updatedTime": "2021-01-21T11:36:41.843367Z",
      "createdUserId": "aaefd11d-4a6f-43de-b8d1-f4d839285950",
      "updatedUserId": "aaefd11d-4a6f-43de-b8d1-f4d839285950"
    }
  ],
  "createdUtc": "0001-01-01T00:00:00Z"
}