<ImportExportXml version="9.2.22014.133" SolutionPackageVersion="9.2" languagecode="1033" generatedBy="CrmLive" xmlns:xsi="http://www.w3.org/2001/XMLSchema-instance">
  <SolutionManifest>
    <UniqueName>ExportComponents15606ec1156e428495585fa5e70231b6</UniqueName>
    <LocalizedNames>
      <LocalizedName description="ExportComponents15606ec1156e428495585fa5e70231b6" languagecode="1033" />
    </LocalizedNames>
    <Descriptions />
    <Version>1.0</Version>
    <Managed>0</Managed>
    <Publisher>
      <UniqueName>Cr58b4b</UniqueName>
      <LocalizedNames>
        <LocalizedName description="CDS Default Publisher" languagecode="1033" />
      </LocalizedNames>
      <Descriptions />
      <EMailAddress xsi:nil="true"></EMailAddress>
      <SupportingWebsiteUrl xsi:nil="true"></SupportingWebsiteUrl>
      <CustomizationPrefix>cr72e</CustomizationPrefix>
      <CustomizationOptionValuePrefix>28739</CustomizationOptionValuePrefix>
    </Publisher>
    <RootComponents>
      <RootComponent type="1" schemaName="crba3_questionresponse" behavior="0" />
      <RootComponent type="1" schemaName="crba3_request" behavior="0" />
      <RootComponent type="1" schemaName="crba3_surveyquestion" behavior="0" />
      <RootComponent type="1" schemaName="crba3_surveyresponse" behavior="0" />
      <RootComponent type="9" schemaName="crba3_channel" behavior="0" />
      <RootComponent type="29" id="{421223b4-f1b7-eb11-8236-000d3a5be14c}" behavior="0" />
      <RootComponent type="29" id="{dbe80c09-54ac-eb11-8236-000d3a5b0776}" behavior="0" />
      <RootComponent type="29" id="{e67cc6c7-b0a7-eb11-b1ac-000d3a32b518}" behavior="0" />
      <RootComponent type="300" schemaName="crba3_datavisualization_c76fa" behavior="0" />
    </RootComponents>
    <MissingDependencies />
  </SolutionManifest>
</ImportExportXml>